sample_id,state,latitude,longitude,soil_type,precipitation_24h_mm,precipitation_72h_accumulated_mm,elevation_change_m,slope_gradient,road_vulnerability_index,cargo_weight_tonnes,historical_landslide_events,disruption_risk_score,disruption_class,delay_minutes
KAG-NER-00001,Arunachal Pradesh,27.5298,93.6305,Sedimentary Shale,26.31,80.23,1815.8,30.4,0.368,7.1,3,0.36,0,158.8
KAG-NER-00002,Sikkim,27.6982,88.372,Alluvial Sandy Silt,52.19,110.72,1329.3,7.6,0.431,13.6,1,0.342,0,160.5
KAG-NER-00003,Manipur,25.2175,93.141,Sedimentary Shale,31.43,94.39,2703.4,30.5,0.49,21.6,3,0.418,1,229.7
KAG-NER-00004,Nagaland,26.4875,94.6713,Sedimentary Shale,3.31,83.92,675.6,9.6,0.172,15.8,0,0.182,0,125.6
KAG-NER-00005,Assam,26.0545,92.4366,Weathered Gneiss,7.8,35.43,1679.0,34.4,0.777,4.3,8,0.384,1,132.6
KAG-NER-00006,Assam,26.0317,93.6797,Sedimentary Shale,9.41,29.22,1984.6,21.6,0.16,17.0,2,0.207,0,149.1
KAG-NER-00007,Assam,26.5495,93.359,Weathered Gneiss,11.33,43.33,2325.5,39.5,0.72,10.5,5,0.38,0,177.3
KAG-NER-00008,Mizoram,23.0947,92.5329,Rocky Phyllite,31.67,69.08,1187.0,43.7,0.945,21.8,6,0.486,1,210.9
KAG-NER-00009,Nagaland,25.4581,93.8831,Sedimentary Shale,26.64,87.27,1948.4,22.7,0.224,14.6,1,0.337,0,173.9
KAG-NER-00010,Manipur,24.7836,94.3727,Clayey Loam,8.63,19.7,904.7,24.4,0.432,12.6,2,0.278,0,123.4
KAG-NER-00011,Assam,26.7337,92.4593,Rocky Phyllite,2.66,58.31,1264.5,29.6,0.292,13.1,0,0.243,0,121.3
KAG-NER-00012,Sikkim,27.7672,88.6754,Weathered Gneiss,7.15,29.18,2516.1,13.9,0.295,14.8,0,0.139,0,138.9
KAG-NER-00013,Mizoram,24.1952,92.8803,Rocky Phyllite,158.05,343.32,2663.7,43.1,0.187,16.6,0,0.958,2,305.7
KAG-NER-00014,Assam,26.1625,90.7377,Sedimentary Shale,24.02,57.06,2035.2,23.3,0.609,3.6,4,0.299,0,110.1
KAG-NER-00015,Assam,26.8165,91.0459,Rocky Phyllite,76.76,181.39,1098.2,12.7,0.626,4.6,3,0.506,1,152.8
KAG-NER-00016,Assam,26.2239,92.8961,Clayey Loam,71.78,251.93,2310.6,36.5,0.553,8.0,2,0.614,1,197.9
KAG-NER-00017,Arunachal Pradesh,27.8031,94.2026,Clayey Loam,27.23,129.35,150.4,14.8,0.654,11.6,5,0.344,0,111.5
KAG-NER-00018,Meghalaya,25.2496,91.1873,Sedimentary Shale,46.61,172.93,359.5,11.7,0.117,8.2,1,0.284,0,101.4
KAG-NER-00019,Meghalaya,25.6555,92.7215,Clayey Loam,8.14,68.69,1878.9,28.5,0.345,6.3,1,0.193,0,105.4
KAG-NER-00020,Arunachal Pradesh,28.0642,95.6517,Rocky Phyllite,44.31,133.54,872.2,32.9,0.287,20.5,2,0.436,1,175.2
KAG-NER-00021,Nagaland,26.4671,94.2876,Clayey Loam,12.08,29.82,2667.8,28.8,0.366,2.7,4,0.293,0,124.1
KAG-NER-00022,Assam,26.0688,93.5001,Sedimentary Shale,67.8,161.69,1266.1,32.3,0.231,20.8,0,0.455,1,205.3
KAG-NER-00023,Arunachal Pradesh,27.8974,94.2111,Sedimentary Shale,3.32,31.3,1247.9,10.6,0.466,20.1,5,0.281,0,162.6
KAG-NER-00024,Arunachal Pradesh,27.6837,93.879,Weathered Gneiss,56.37,175.06,1924.4,25.0,0.77,15.7,5,0.547,1,202.6
KAG-NER-00025,Meghalaya,25.401,91.5502,Alluvial Sandy Silt,4.0,18.16,2167.8,20.3,0.307,2.7,3,0.192,0,117.3
KAG-NER-00026,Manipur,24.2766,94.2883,Sedimentary Shale,80.95,207.56,1373.5,44.9,0.375,6.5,2,0.652,1,183.9
KAG-NER-00027,Assam,26.0601,90.8823,Rocky Phyllite,13.78,41.06,662.1,8.0,0.479,21.6,5,0.173,0,141.5
KAG-NER-00028,Meghalaya,25.4926,91.9116,Weathered Gneiss,40.37,127.21,2183.4,17.9,0.333,20.1,4,0.302,0,189.0
KAG-NER-00029,Nagaland,26.0128,93.8151,Weathered Gneiss,25.4,57.02,951.4,43.7,0.166,21.3,3,0.321,0,171.4
KAG-NER-00030,Assam,26.5814,92.0615,Alluvial Sandy Silt,17.34,41.4,556.3,45.3,0.232,21.9,0,0.321,0,164.4
KAG-NER-00031,Nagaland,26.706,94.784,Alluvial Sandy Silt,39.4,137.41,1798.1,39.0,0.46,3.3,3,0.5,1,147.2
KAG-NER-00032,Assam,26.5033,91.9755,Sedimentary Shale,112.0,248.12,326.0,9.0,0.194,13.4,2,0.507,1,181.8
KAG-NER-00033,Assam,26.832,90.6652,Sedimentary Shale,1.6,26.65,2722.1,28.5,0.398,18.7,1,0.269,0,184.3
KAG-NER-00034,Sikkim,27.4323,88.3691,Weathered Gneiss,95.44,293.18,1800.1,22.0,0.261,8.4,1,0.544,1,191.8
KAG-NER-00035,Sikkim,27.7444,88.1096,Alluvial Sandy Silt,35.69,103.37,2761.6,38.3,0.465,10.7,6,0.416,1,184.0
KAG-NER-00036,Mizoram,23.6292,93.1147,Alluvial Sandy Silt,62.57,211.92,1001.8,8.2,0.64,7.7,5,0.438,1,136.0
KAG-NER-00037,Arunachal Pradesh,27.676,91.8843,Weathered Gneiss,18.4,55.51,2721.7,13.9,0.562,2.8,3,0.112,0,114.0
KAG-NER-00038,Assam,27.1614,92.831,Weathered Gneiss,24.26,66.0,475.9,25.6,0.291,3.5,1,0.271,0,98.9
KAG-NER-00039,Nagaland,26.2599,93.7549,Weathered Gneiss,77.19,275.46,190.7,12.3,0.141,2.4,2,0.425,1,109.3
KAG-NER-00040,Meghalaya,25.5351,91.3158,Weathered Gneiss,20.36,78.17,169.7,33.7,0.079,12.5,0,0.306,0,125.5
KAG-NER-00041,Assam,25.9049,90.9777,Alluvial Sandy Silt,29.07,132.38,1344.4,38.8,0.689,14.4,4,0.524,1,182.8
KAG-NER-00042,Meghalaya,25.8537,90.8235,Alluvial Sandy Silt,0.78,22.79,305.8,34.2,0.44,8.2,0,0.221,0,95.4
KAG-NER-00043,Assam,26.0729,92.7721,Weathered Gneiss,6.56,35.73,1473.1,23.6,0.255,18.5,3,0.2,0,154.3
KAG-NER-00044,Tripura,24.1225,91.1743,Sedimentary Shale,39.0,88.65,970.8,41.1,0.766,19.8,9,0.462,1,195.8
KAG-NER-00045,Arunachal Pradesh,27.8229,92.0364,Weathered Gneiss,47.96,92.74,992.9,11.5,0.442,4.8,2,0.337,0,128.3
KAG-NER-00046,Nagaland,25.451,93.4791,Alluvial Sandy Silt,33.2,109.08,1808.9,16.4,0.856,3.0,10,0.381,1,116.9
KAG-NER-00047,Arunachal Pradesh,28.2347,92.0309,Weathered Gneiss,5.88,14.77,523.6,25.6,0.316,8.4,4,0.194,0,89.1
KAG-NER-00048,Meghalaya,25.1406,91.3385,Sedimentary Shale,22.4,58.61,2165.0,8.5,0.33,16.3,2,0.194,0,166.8
KAG-NER-00049,Meghalaya,25.8596,90.8823,Sedimentary Shale,16.67,52.8,1663.1,9.8,0.687,12.1,7,0.275,0,135.6
KAG-NER-00050,Assam,26.3904,90.6797,Sedimentary Shale,26.01,107.02,2568.6,21.9,0.531,11.8,4,0.355,0,183.5
KAG-NER-00051,Sikkim,27.4144,88.5621,Clayey Loam,77.62,162.01,1072.4,43.8,0.39,5.0,3,0.609,1,165.7
KAG-NER-00052,Manipur,24.7993,93.5319,Weathered Gneiss,56.83,191.86,2753.0,42.3,0.581,9.0,2,0.626,1,224.8
KAG-NER-00053,Tripura,23.5786,91.2279,Alluvial Sandy Silt,3.33,23.1,1646.3,24.6,0.474,21.2,1,0.237,0,161.0
KAG-NER-00054,Tripura,23.6402,91.2194,Rocky Phyllite,83.98,215.5,2727.7,11.7,0.505,8.8,4,0.468,1,210.7
KAG-NER-00055,Nagaland,26.4732,94.8494,Sedimentary Shale,24.25,139.71,153.6,13.1,0.437,13.8,3,0.245,0,102.6
KAG-NER-00056,Tripura,24.3641,92.1381,Weathered Gneiss,51.76,175.13,2060.1,21.1,0.196,3.2,1,0.36,0,136.1
KAG-NER-00057,Assam,26.6411,93.6539,Weathered Gneiss,5.73,73.91,2301.2,14.4,0.136,3.3,3,0.174,0,105.5
KAG-NER-00058,Assam,26.1993,93.3385,Clayey Loam,42.21,93.89,224.6,9.3,0.701,10.5,6,0.297,0,119.7
KAG-NER-00059,Assam,26.4379,92.6691,Rocky Phyllite,10.25,49.22,1654.8,33.0,0.597,14.1,3,0.386,1,173.0
KAG-NER-00060,Arunachal Pradesh,28.1124,92.7686,Alluvial Sandy Silt,21.92,65.46,2261.3,29.3,0.303,9.4,0,0.263,0,133.1
KAG-NER-00061,Arunachal Pradesh,27.4089,95.6609,Alluvial Sandy Silt,0.65,3.23,1606.0,17.7,0.361,5.6,2,0.16,0,92.6
KAG-NER-00062,Arunachal Pradesh,26.99,93.6854,Rocky Phyllite,6.25,29.33,253.6,37.2,0.615,16.7,10,0.403,1,137.1
KAG-NER-00063,Mizoram,24.1692,92.9714,Clayey Loam,3.67,40.77,1966.2,37.0,0.592,4.8,4,0.334,0,136.6
KAG-NER-00064,Arunachal Pradesh,27.7743,92.6238,Clayey Loam,10.42,38.54,244.8,25.6,0.446,15.4,4,0.226,0,129.8
KAG-NER-00065,Arunachal Pradesh,27.4492,95.3342,Sedimentary Shale,4.0,31.28,2303.5,9.9,0.209,21.1,1,0.022,0,141.4
KAG-NER-00066,Meghalaya,25.6033,91.5383,Weathered Gneiss,44.74,118.27,197.1,42.7,0.243,11.4,1,0.467,1,148.9
KAG-NER-00067,Assam,25.9394,90.5721,Clayey Loam,1.12,13.37,453.7,32.7,0.222,6.0,1,0.233,0,96.6
KAG-NER-00068,Mizoram,24.2455,92.7147,Sedimentary Shale,36.54,155.3,828.3,15.9,0.17,18.8,3,0.333,0,155.7
KAG-NER-00069,Assam,26.6445,90.8587,Clayey Loam,5.76,56.82,1802.8,30.4,0.316,12.1,1,0.274,0,156.1
KAG-NER-00070,Sikkim,27.5782,88.8461,Sedimentary Shale,110.33,319.52,2735.7,22.2,0.373,20.5,0,0.65,1,284.6
KAG-NER-00071,Manipur,24.8059,93.2018,Alluvial Sandy Silt,102.77,260.03,400.5,31.4,0.123,16.4,0,0.576,1,175.1
KAG-NER-00072,Assam,26.6144,93.9486,Clayey Loam,9.71,24.58,468.2,25.0,0.43,10.6,4,0.253,0,117.6
KAG-NER-00073,Assam,26.369,94.4593,Weathered Gneiss,36.21,160.17,1083.3,25.4,0.357,14.3,3,0.437,1,158.6
KAG-NER-00074,Mizoram,23.773,93.2892,Alluvial Sandy Silt,1.08,8.12,2354.5,35.4,0.939,5.4,6,0.255,0,125.5
KAG-NER-00075,Manipur,24.8729,93.2101,Weathered Gneiss,102.04,350.48,1350.9,30.5,0.302,9.7,2,0.739,2,226.3
KAG-NER-00076,Manipur,24.4336,93.3229,Alluvial Sandy Silt,28.13,82.96,954.8,9.2,0.411,13.9,0,0.242,0,131.4
KAG-NER-00077,Manipur,25.2724,94.2166,Weathered Gneiss,1.68,96.85,1606.5,8.6,0.427,13.8,2,0.195,0,130.4
KAG-NER-00078,Assam,26.747,91.8543,Weathered Gneiss,15.93,49.35,788.6,18.2,0.693,13.7,3,0.33,0,159.4
KAG-NER-00079,Arunachal Pradesh,27.1945,94.904,Clayey Loam,3.04,18.82,1171.2,23.2,0.4,16.9,1,0.21,0,135.7
KAG-NER-00080,Assam,26.4638,91.5161,Sedimentary Shale,18.97,68.99,984.7,17.0,0.365,4.1,9,0.261,0,106.7
KAG-NER-00081,Mizoram,23.7249,92.3444,Alluvial Sandy Silt,42.12,194.42,2267.3,32.1,0.644,3.5,1,0.461,1,159.5
KAG-NER-00082,Nagaland,25.8566,94.1028,Sedimentary Shale,24.12,145.23,2594.0,13.8,0.759,5.0,3,0.37,0,160.8
KAG-NER-00083,Arunachal Pradesh,27.1367,95.9309,Alluvial Sandy Silt,18.39,67.23,2146.0,34.2,0.791,17.8,4,0.44,1,211.0
KAG-NER-00084,Assam,26.0927,91.0866,Rocky Phyllite,4.82,45.73,1274.3,36.9,0.199,3.3,3,0.253,0,100.6
KAG-NER-00085,Arunachal Pradesh,27.2257,94.9608,Sedimentary Shale,10.68,38.89,1451.8,11.0,0.627,6.5,2,0.22,0,97.7
KAG-NER-00086,Arunachal Pradesh,27.5808,94.0444,Weathered Gneiss,4.01,41.6,420.2,32.0,0.165,7.1,0,0.239,0,94.4
KAG-NER-00087,Manipur,24.0294,93.0551,Clayey Loam,62.61,176.85,2111.5,44.5,0.707,14.9,4,0.653,1,231.7
KAG-NER-00088,Nagaland,26.0242,94.625,Weathered Gneiss,5.52,25.18,1702.4,13.7,0.772,10.0,3,0.315,0,141.7
KAG-NER-00089,Tripura,24.2623,91.204,Weathered Gneiss,34.38,110.83,2534.6,42.4,0.409,6.0,3,0.471,1,183.5
KAG-NER-00090,Meghalaya,25.5845,92.5744,Sedimentary Shale,15.95,58.41,625.7,30.2,0.182,11.0,2,0.321,0,130.4
KAG-NER-00091,Assam,26.3432,94.233,Sedimentary Shale,9.73,46.72,2146.5,29.6,0.601,15.7,6,0.321,0,170.7
KAG-NER-00092,Manipur,24.1872,94.4966,Alluvial Sandy Silt,38.77,164.54,1942.3,8.1,0.111,17.7,3,0.176,0,153.7
KAG-NER-00093,Manipur,25.052,94.5061,Clayey Loam,23.2,78.46,803.1,35.9,0.148,4.5,0,0.302,0,103.4
KAG-NER-00094,Meghalaya,25.709,91.1449,Alluvial Sandy Silt,19.42,52.82,1895.3,25.1,0.664,16.3,3,0.309,0,164.2
KAG-NER-00095,Manipur,25.3135,93.4409,Clayey Loam,34.15,109.38,2594.3,34.8,0.202,2.1,0,0.37,0,140.5
KAG-NER-00096,Meghalaya,25.399,92.0221,Alluvial Sandy Silt,25.68,75.07,2578.1,38.4,0.807,16.5,3,0.454,1,208.0
KAG-NER-00097,Meghalaya,25.7888,92.6164,Clayey Loam,13.74,49.19,2037.4,27.0,0.795,15.2,3,0.371,0,182.1
KAG-NER-00098,Arunachal Pradesh,27.2277,95.091,Rocky Phyllite,31.12,137.18,210.8,16.5,0.325,11.4,0,0.292,0,110.5
KAG-NER-00099,Assam,26.834,90.7871,Sedimentary Shale,42.07,160.63,2452.6,11.7,0.126,4.7,1,0.305,0,142.7
KAG-NER-00100,Assam,26.3421,91.7724,Weathered Gneiss,1.03,44.72,1869.2,12.4,0.254,17.3,1,0.162,0,139.1
KAG-NER-00101,Assam,26.2263,94.9233,Sedimentary Shale,23.83,81.43,924.4,40.7,0.661,3.4,6,0.451,1,129.0
KAG-NER-00102,Nagaland,26.2999,94.4765,Weathered Gneiss,2.26,55.11,589.3,10.9,0.903,19.9,4,0.221,0,137.9
KAG-NER-00103,Arunachal Pradesh,28.4626,93.1974,Weathered Gneiss,7.84,38.24,396.1,21.4,0.318,17.5,1,0.252,0,134.1
KAG-NER-00104,Meghalaya,25.8217,91.3298,Alluvial Sandy Silt,31.24,71.35,216.6,19.4,0.713,16.8,9,0.388,1,162.8
KAG-NER-00105,Tripura,24.2434,91.3168,Weathered Gneiss,76.43,236.23,2131.2,40.6,0.53,17.1,4,0.649,1,252.2
KAG-NER-00106,Assam,27.1268,91.4845,Weathered Gneiss,81.47,230.28,721.5,25.1,0.509,3.4,4,0.509,1,136.1
KAG-NER-00107,Arunachal Pradesh,27.422,94.9029,Sedimentary Shale,2.76,10.66,146.0,45.9,0.55,21.8,4,0.365,0,150.4
KAG-NER-00108,Manipur,24.5513,93.9731,Sedimentary Shale,20.64,83.73,1160.6,35.5,0.518,19.2,5,0.368,0,172.3
KAG-NER-00109,Assam,26.4224,93.8407,Sedimentary Shale,33.24,148.86,1392.7,40.0,0.192,12.2,0,0.401,1,169.9
KAG-NER-00110,Assam,26.1197,90.7631,Weathered Gneiss,6.04,15.53,540.3,9.9,0.388,16.4,5,0.149,0,110.8
KAG-NER-00111,Arunachal Pradesh,27.3799,93.6344,Weathered Gneiss,55.1,203.36,199.8,16.1,0.088,16.8,1,0.43,1,148.5
KAG-NER-00112,Assam,26.0352,92.0966,Sedimentary Shale,51.81,176.3,594.4,11.4,0.453,18.6,1,0.4,1,166.4
KAG-NER-00113,Tripura,23.68,91.1689,Clayey Loam,88.79,240.13,1927.2,24.5,0.276,7.1,2,0.552,1,181.1
KAG-NER-00114,Mizoram,23.675,93.2728,Alluvial Sandy Silt,0.32,22.67,303.7,34.7,0.785,9.4,4,0.327,0,124.8
KAG-NER-00115,Nagaland,25.6124,94.2967,Weathered Gneiss,9.28,26.31,1589.7,12.8,0.804,18.0,3,0.266,0,157.7
KAG-NER-00116,Mizoram,23.7971,92.7613,Clayey Loam,66.71,213.6,478.2,11.2,0.542,17.4,3,0.473,1,178.2
KAG-NER-00117,Mizoram,23.8516,92.7518,Rocky Phyllite,42.2,98.4,612.3,30.6,0.625,12.5,7,0.471,1,165.2
KAG-NER-00118,Assam,26.5065,90.5331,Sedimentary Shale,85.42,224.99,1149.2,15.2,0.213,9.9,1,0.457,1,150.0
KAG-NER-00119,Tripura,24.0301,91.8936,Weathered Gneiss,2.24,19.73,354.2,25.2,0.342,21.4,2,0.181,0,125.2
KAG-NER-00120,Meghalaya,25.1346,91.1575,Rocky Phyllite,34.53,92.31,551.1,8.0,0.453,10.3,0,0.26,0,107.1
KAG-NER-00121,Mizoram,24.2685,92.7628,Sedimentary Shale,31.99,101.27,1029.2,33.2,0.551,17.3,1,0.42,1,177.7
KAG-NER-00122,Tripura,23.8023,92.1919,Sedimentary Shale,1.38,43.68,976.7,27.7,0.403,10.3,3,0.252,0,113.6
KAG-NER-00123,Arunachal Pradesh,28.0476,94.1193,Weathered Gneiss,27.38,151.56,2118.0,31.9,0.466,8.2,5,0.424,1,157.7
KAG-NER-00124,Assam,26.9169,94.3896,Weathered Gneiss,35.73,141.62,283.4,17.0,0.631,14.8,4,0.356,0,131.2
KAG-NER-00125,Assam,26.4396,92.638,Sedimentary Shale,8.07,38.61,2420.4,17.1,0.714,18.2,1,0.272,0,189.7
KAG-NER-00126,Arunachal Pradesh,27.5177,95.8502,Sedimentary Shale,12.13,72.87,2300.2,38.1,0.832,21.6,4,0.464,1,245.3
KAG-NER-00127,Mizoram,23.8457,92.3915,Weathered Gneiss,38.86,168.98,2163.5,34.7,0.454,5.0,6,0.527,1,180.1
KAG-NER-00128,Mizoram,24.0944,92.8286,Clayey Loam,24.0,57.5,921.5,29.2,0.212,19.5,3,0.325,0,172.9
KAG-NER-00129,Assam,25.8963,92.9737,Alluvial Sandy Silt,74.18,174.64,2318.2,31.1,0.535,12.5,4,0.558,1,216.8
KAG-NER-00130,Meghalaya,25.4754,92.4821,Rocky Phyllite,15.93,47.98,577.2,9.8,0.616,4.2,3,0.237,0,90.3
KAG-NER-00131,Arunachal Pradesh,27.2264,95.2191,Weathered Gneiss,11.79,41.41,418.4,40.2,0.537,17.9,1,0.415,1,170.5
KAG-NER-00132,Assam,26.5808,90.7457,Weathered Gneiss,159.25,363.69,202.3,36.8,0.182,8.6,0,0.847,2,213.9
KAG-NER-00133,Assam,27.1606,92.8068,Weathered Gneiss,91.98,306.11,2634.9,29.6,0.577,19.4,7,0.732,2,281.5
KAG-NER-00134,Arunachal Pradesh,27.3654,93.6123,Sedimentary Shale,1.12,26.8,917.8,42.7,0.381,5.2,1,0.311,0,110.9
KAG-NER-00135,Sikkim,27.7005,88.3439,Sedimentary Shale,55.97,109.03,2575.9,12.7,0.526,16.2,1,0.281,0,177.3
KAG-NER-00136,Arunachal Pradesh,27.2083,92.0808,Sedimentary Shale,4.44,11.94,821.5,33.5,0.209,8.0,0,0.255,0,111.5
KAG-NER-00137,Meghalaya,25.3681,92.2281,Sedimentary Shale,1.06,16.07,2548.6,44.5,0.151,7.1,1,0.305,0,154.3
KAG-NER-00138,Manipur,24.6603,93.364,Weathered Gneiss,12.15,91.8,2538.7,18.4,0.211,3.0,2,0.215,0,112.3
KAG-NER-00139,Arunachal Pradesh,27.1659,92.9973,Rocky Phyllite,11.92,46.08,2592.4,6.6,0.404,11.6,0,0.128,0,144.8
KAG-NER-00140,Sikkim,27.7579,88.3744,Sedimentary Shale,65.02,196.69,1429.5,35.4,0.583,9.8,4,0.647,1,209.6
KAG-NER-00141,Sikkim,27.7917,88.4882,Alluvial Sandy Silt,47.13,148.32,2435.4,6.3,0.786,3.2,5,0.399,1,154.5
KAG-NER-00142,Arunachal Pradesh,27.1867,95.5101,Clayey Loam,151.84,336.67,2666.1,40.9,0.213,6.5,2,0.828,2,261.0
KAG-NER-00143,Meghalaya,25.5143,92.0451,Sedimentary Shale,47.24,142.47,963.0,8.3,0.024,11.7,0,0.276,0,133.7
KAG-NER-00144,Arunachal Pradesh,28.4739,91.7258,Rocky Phyllite,20.59,102.95,1219.3,32.1,0.498,18.2,7,0.491,1,194.0
KAG-NER-00145,Arunachal Pradesh,27.0547,94.7421,Clayey Loam,45.62,129.77,2036.3,21.1,0.307,20.6,2,0.385,1,189.6
KAG-NER-00146,Assam,26.1946,91.3294,Sedimentary Shale,285.84,750.0,897.0,14.1,0.381,12.3,1,1.25,2,298.7
KAG-NER-00147,Nagaland,25.4551,93.4328,Rocky Phyllite,47.06,159.79,2130.4,41.9,0.527,10.1,2,0.542,1,208.2
KAG-NER-00148,Meghalaya,25.797,90.5495,Clayey Loam,54.5,183.91,281.0,35.8,0.676,21.1,6,0.639,1,215.3
KAG-NER-00149,Assam,26.4548,93.2265,Sedimentary Shale,105.89,277.92,1503.9,19.6,0.869,21.3,6,0.738,2,259.0
KAG-NER-00150,Arunachal Pradesh,27.5854,91.622,Clayey Loam,4.58,15.56,412.7,17.4,0.691,5.8,3,0.281,0,90.2
KAG-NER-00151,Tripura,24.1402,91.1126,Weathered Gneiss,46.36,106.05,877.8,35.4,0.618,12.6,6,0.497,1,171.7
KAG-NER-00152,Assam,26.8666,94.5199,Clayey Loam,72.3,153.14,783.5,39.5,0.424,18.4,3,0.582,1,213.4
KAG-NER-00153,Assam,26.406,92.9099,Alluvial Sandy Silt,117.32,295.85,2361.9,34.6,0.581,18.4,3,0.763,2,268.9
KAG-NER-00154,Meghalaya,25.5293,91.2119,Weathered Gneiss,9.0,90.74,606.4,31.6,0.267,15.7,3,0.304,0,140.4
KAG-NER-00155,Sikkim,27.7212,88.8151,Alluvial Sandy Silt,26.64,76.04,2279.0,15.1,0.392,11.4,2,0.243,0,170.7
KAG-NER-00156,Assam,26.2701,93.2678,Alluvial Sandy Silt,43.36,149.76,2239.6,40.1,0.581,10.1,6,0.505,1,207.9
KAG-NER-00157,Nagaland,26.6977,94.8431,Clayey Loam,10.8,55.79,1437.0,36.0,0.696,18.1,3,0.404,1,167.8
KAG-NER-00158,Manipur,24.7125,93.7245,Clayey Loam,34.86,103.74,716.1,26.7,0.24,6.5,3,0.309,0,95.4
KAG-NER-00159,Assam,26.1902,94.8149,Alluvial Sandy Silt,11.32,82.89,697.2,26.5,0.314,10.6,1,0.286,0,134.2
KAG-NER-00160,Manipur,24.1999,93.9277,Rocky Phyllite,15.41,59.38,1344.6,28.8,0.423,13.3,2,0.292,0,152.3
KAG-NER-00161,Arunachal Pradesh,27.3521,92.7555,Clayey Loam,22.14,73.34,104.0,39.1,0.553,18.6,1,0.365,0,151.2
KAG-NER-00162,Nagaland,25.967,94.8982,Rocky Phyllite,28.63,119.93,1525.3,35.7,0.337,9.5,4,0.407,1,161.3
KAG-NER-00163,Nagaland,25.477,94.2678,Weathered Gneiss,22.67,76.58,2671.6,40.2,0.563,13.0,3,0.452,1,200.9
KAG-NER-00164,Meghalaya,25.1743,90.6018,Weathered Gneiss,25.83,81.5,500.8,26.3,0.786,7.6,4,0.354,0,112.3
KAG-NER-00165,Assam,26.4154,92.7971,Weathered Gneiss,13.48,60.09,1639.5,31.0,0.198,18.7,1,0.293,0,177.1
KAG-NER-00166,Mizoram,23.1882,92.6481,Weathered Gneiss,6.58,52.94,2696.0,40.2,0.652,17.7,2,0.34,0,198.9
KAG-NER-00167,Arunachal Pradesh,27.0391,92.8645,Rocky Phyllite,1.84,33.37,2420.6,15.3,0.173,18.4,0,0.193,0,175.2
KAG-NER-00168,Assam,27.1532,94.7512,Sedimentary Shale,8.29,31.35,2393.0,23.8,0.608,3.1,4,0.305,0,129.5
KAG-NER-00169,Assam,26.2688,93.0688,Weathered Gneiss,33.14,152.89,2315.4,30.8,0.304,11.7,1,0.349,0,177.2
KAG-NER-00170,Nagaland,26.6734,93.4093,Sedimentary Shale,58.61,185.46,920.5,42.6,0.587,4.7,2,0.634,1,172.1
KAG-NER-00171,Nagaland,26.535,94.8226,Clayey Loam,7.05,32.73,2502.5,6.6,0.277,15.5,1,0.104,0,131.8
KAG-NER-00172,Assam,25.9279,91.2265,Sedimentary Shale,4.37,14.99,2640.4,14.5,0.335,8.2,2,0.122,0,134.6
KAG-NER-00173,Meghalaya,25.9647,91.5976,Weathered Gneiss,52.57,99.53,1428.6,15.4,0.468,17.5,5,0.393,1,169.8
KAG-NER-00174,Assam,25.8199,91.6593,Weathered Gneiss,13.83,39.66,1044.4,19.1,0.239,3.3,2,0.252,0,105.4
KAG-NER-00175,Nagaland,26.0299,94.4394,Sedimentary Shale,114.99,299.18,1206.7,17.3,0.203,12.3,0,0.628,1,205.7
KAG-NER-00176,Assam,26.8264,94.9794,Weathered Gneiss,47.61,142.8,989.0,29.6,0.181,4.5,4,0.382,1,127.6
KAG-NER-00177,Nagaland,25.8025,94.2073,Clayey Loam,15.03,148.65,657.8,41.4,0.14,13.2,0,0.383,1,142.7
KAG-NER-00178,Arunachal Pradesh,27.7533,93.3254,Sedimentary Shale,12.99,60.18,1762.2,31.5,0.686,14.1,4,0.345,0,164.2
KAG-NER-00179,Tripura,23.403,92.2729,Rocky Phyllite,28.18,78.89,1610.3,15.7,0.449,11.2,3,0.283,0,141.8
KAG-NER-00180,Assam,26.9946,92.7425,Sedimentary Shale,3.13,34.86,1338.2,40.6,0.698,7.6,1,0.391,1,132.7
KAG-NER-00181,Arunachal Pradesh,27.8652,92.5227,Sedimentary Shale,4.76,56.48,340.7,31.3,0.268,2.6,0,0.204,0,72.5
KAG-NER-00182,Assam,26.5613,93.6274,Clayey Loam,7.35,34.88,2247.5,14.8,0.292,15.2,1,0.192,0,150.0
KAG-NER-00183,Tripura,23.8182,92.2883,Weathered Gneiss,56.64,218.41,555.8,20.5,0.774,19.4,4,0.489,1,170.0
KAG-NER-00184,Mizoram,23.717,92.7081,Weathered Gneiss,27.41,106.47,391.6,37.6,0.178,16.7,2,0.313,0,155.1
KAG-NER-00185,Arunachal Pradesh,28.1354,92.2671,Sedimentary Shale,0.4,11.8,1774.8,35.6,0.424,19.9,1,0.298,0,181.3
KAG-NER-00186,Nagaland,25.9383,93.9204,Alluvial Sandy Silt,42.54,108.94,1164.3,29.1,0.618,20.6,7,0.412,1,192.7
KAG-NER-00187,Mizoram,23.4477,93.16,Sedimentary Shale,20.94,68.97,242.7,11.8,0.705,11.0,5,0.258,0,100.5
KAG-NER-00188,Meghalaya,25.5358,92.2644,Clayey Loam,27.17,87.16,1047.1,38.1,0.188,16.0,1,0.342,0,160.1
KAG-NER-00189,Meghalaya,25.6188,91.0894,Weathered Gneiss,9.16,36.57,2179.2,18.3,0.589,9.9,2,0.233,0,145.9
KAG-NER-00190,Assam,26.934,91.5723,Weathered Gneiss,30.49,75.5,1753.5,36.9,0.27,20.4,1,0.373,0,183.1
KAG-NER-00191,Assam,26.1141,92.7703,Rocky Phyllite,147.08,329.78,1066.8,31.9,0.917,13.3,6,0.929,2,264.5
KAG-NER-00192,Tripura,23.513,91.1109,Clayey Loam,2.9,90.38,601.7,16.6,0.268,17.0,1,0.168,0,110.1
KAG-NER-00193,Tripura,23.978,91.7133,Alluvial Sandy Silt,12.69,41.55,1798.5,14.5,0.409,2.3,2,0.145,0,77.1
KAG-NER-00194,Nagaland,26.0237,94.8505,Clayey Loam,10.58,35.01,2494.2,11.2,0.276,13.5,0,0.153,0,137.5
KAG-NER-00195,Arunachal Pradesh,27.8139,95.3854,Sedimentary Shale,10.86,50.85,1837.9,15.7,0.674,16.8,3,0.319,0,190.4
KAG-NER-00196,Arunachal Pradesh,27.1231,94.0614,Alluvial Sandy Silt,18.09,67.66,2291.1,12.3,0.752,7.1,5,0.3,0,151.4
KAG-NER-00197,Manipur,25.2152,93.933,Sedimentary Shale,64.77,172.41,1498.6,30.7,0.635,2.3,5,0.541,1,155.8
KAG-NER-00198,Tripura,24.0616,91.5465,Sedimentary Shale,92.73,191.93,2032.9,30.0,0.265,16.9,0,0.626,1,249.9
KAG-NER-00199,Tripura,23.3109,91.6495,Sedimentary Shale,8.58,62.56,2517.7,29.4,0.639,8.8,3,0.37,0,161.8
KAG-NER-00200,Manipur,24.5523,94.3873,Clayey Loam,29.75,134.05,2183.0,31.7,0.163,10.6,3,0.287,0,144.4
KAG-NER-00201,Nagaland,25.7416,94.8501,Alluvial Sandy Silt,38.5,88.01,2554.8,38.6,0.1,13.2,0,0.354,0,175.9
KAG-NER-00202,Assam,27.1414,91.6143,Sedimentary Shale,28.04,82.09,1252.7,42.5,0.386,4.2,3,0.423,1,150.1
KAG-NER-00203,Assam,26.2873,94.53,Weathered Gneiss,21.63,74.87,2539.5,15.2,0.583,4.1,7,0.254,0,137.7
KAG-NER-00204,Tripura,24.3599,91.6321,Weathered Gneiss,8.1,21.93,1770.7,29.5,0.787,21.2,2,0.328,0,183.1
KAG-NER-00205,Nagaland,25.8494,94.1891,Weathered Gneiss,25.45,97.58,2446.5,9.1,0.092,8.8,0,0.194,0,128.8
KAG-NER-00206,Assam,26.7629,91.7306,Alluvial Sandy Silt,19.49,44.18,187.1,10.8,0.194,7.1,0,0.161,0,74.5
KAG-NER-00207,Assam,26.8311,90.7325,Weathered Gneiss,60.32,198.36,1869.4,32.2,0.291,3.0,1,0.453,1,140.8
KAG-NER-00208,Nagaland,25.469,93.9794,Alluvial Sandy Silt,54.81,166.5,2386.5,25.5,0.449,5.5,1,0.523,1,182.1
KAG-NER-00209,Assam,26.2949,91.9203,Clayey Loam,5.47,39.79,553.8,36.3,0.866,10.6,5,0.407,1,131.8
KAG-NER-00210,Assam,26.4874,91.9433,Weathered Gneiss,3.52,29.8,1880.1,23.0,0.451,8.8,2,0.201,0,122.7
KAG-NER-00211,Meghalaya,25.273,91.0046,Clayey Loam,90.73,205.9,2323.9,11.1,0.515,10.5,1,0.552,1,212.4
KAG-NER-00212,Nagaland,26.7649,94.0167,Sedimentary Shale,29.14,54.82,863.2,40.9,0.643,16.1,5,0.437,1,185.8
KAG-NER-00213,Nagaland,26.0226,94.2648,Sedimentary Shale,74.12,168.36,1182.3,9.3,0.65,14.8,3,0.509,1,175.7
KAG-NER-00214,Assam,27.1767,91.5872,Sedimentary Shale,2.28,27.43,1629.1,13.6,0.543,11.9,4,0.197,0,132.8
KAG-NER-00215,Manipur,24.9538,94.1456,Sedimentary Shale,28.41,90.66,1492.1,17.1,0.6,18.3,1,0.277,0,168.8
KAG-NER-00216,Assam,26.6503,90.8986,Rocky Phyllite,29.46,72.81,186.6,45.8,0.562,19.1,4,0.419,1,162.9
KAG-NER-00217,Arunachal Pradesh,27.983,91.7884,Weathered Gneiss,74.9,248.17,348.4,22.7,0.039,13.8,0,0.519,1,163.3
KAG-NER-00218,Manipur,24.8346,94.1833,Alluvial Sandy Silt,3.9,40.78,353.3,26.1,0.446,4.4,5,0.299,0,87.5
KAG-NER-00219,Nagaland,25.6954,94.6624,Alluvial Sandy Silt,10.45,40.47,793.4,36.8,0.563,10.1,3,0.297,0,107.4
KAG-NER-00220,Mizoram,22.8455,93.2282,Weathered Gneiss,19.83,81.46,748.8,31.5,0.653,14.7,4,0.448,1,172.7
KAG-NER-00221,Nagaland,26.0445,93.7264,Sedimentary Shale,76.33,230.79,2098.8,39.7,0.607,3.3,4,0.704,1,197.5
KAG-NER-00222,Meghalaya,25.2204,92.6786,Weathered Gneiss,106.21,401.75,1637.9,25.5,0.276,2.4,4,0.692,1,174.8
KAG-NER-00223,Assam,25.9017,91.3959,Weathered Gneiss,187.08,530.97,2158.0,44.9,0.357,21.0,5,1.109,2,348.2
KAG-NER-00224,Arunachal Pradesh,27.4565,94.2911,Rocky Phyllite,121.56,414.3,270.1,37.9,0.137,16.6,4,0.708,1,214.8
KAG-NER-00225,Arunachal Pradesh,27.7717,92.0654,Alluvial Sandy Silt,0.23,20.47,1399.8,22.1,0.141,5.1,0,0.126,0,91.6
KAG-NER-00226,Assam,26.2056,91.5744,Rocky Phyllite,1.86,86.19,960.7,21.3,0.571,10.9,4,0.278,0,139.7
KAG-NER-00227,Sikkim,27.2495,88.4289,Alluvial Sandy Silt,6.07,27.42,2391.8,43.2,0.367,5.9,1,0.335,0,149.8
KAG-NER-00228,Arunachal Pradesh,28.0265,92.4785,Sedimentary Shale,16.3,63.96,2005.2,33.4,0.781,2.2,4,0.402,1,138.1
KAG-NER-00229,Tripura,23.64,91.5691,Weathered Gneiss,67.32,211.0,2444.4,30.9,0.227,9.8,0,0.513,1,195.5
KAG-NER-00230,Nagaland,26.767,94.832,Clayey Loam,84.81,302.16,206.3,36.3,0.136,15.0,1,0.584,1,179.0
KAG-NER-00231,Manipur,25.1202,93.3867,Weathered Gneiss,7.86,58.36,2040.6,28.4,0.73,21.1,5,0.361,0,195.5
KAG-NER-00232,Meghalaya,25.1612,91.024,Sedimentary Shale,36.73,92.02,1548.8,12.4,0.371,17.4,3,0.355,0,172.7
KAG-NER-00233,Meghalaya,25.3401,91.5154,Sedimentary Shale,94.74,298.81,2324.0,18.8,0.37,6.6,3,0.62,1,198.9
KAG-NER-00234,Meghalaya,25.8,92.4316,Sedimentary Shale,23.68,83.94,1459.5,28.3,0.047,8.7,1,0.268,0,118.0
KAG-NER-00235,Assam,26.9828,92.1185,Alluvial Sandy Silt,4.15,72.62,1549.4,6.7,0.55,12.4,4,0.175,0,138.0
KAG-NER-00236,Manipur,24.9621,93.5005,Clayey Loam,23.26,57.69,220.8,23.5,0.344,5.8,2,0.267,0,99.7
KAG-NER-00237,Arunachal Pradesh,26.9974,94.657,Weathered Gneiss,17.91,57.81,1898.4,36.2,0.194,18.7,0,0.25,0,153.6
KAG-NER-00238,Assam,25.8138,92.3413,Alluvial Sandy Silt,32.75,126.46,822.9,12.6,0.453,5.4,3,0.262,0,101.8
KAG-NER-00239,Nagaland,25.8611,94.4401,Alluvial Sandy Silt,21.94,71.99,133.6,8.6,0.654,7.8,5,0.274,0,94.5
KAG-NER-00240,Assam,26.8727,91.8684,Weathered Gneiss,0.66,12.4,260.7,39.4,0.361,13.6,4,0.302,0,125.0
KAG-NER-00241,Sikkim,27.6681,88.3351,Sedimentary Shale,194.39,465.61,2683.8,30.7,0.554,4.5,1,1.016,2,268.6
KAG-NER-00242,Sikkim,27.4124,88.6816,Clayey Loam,29.8,170.1,1021.3,13.1,0.577,14.5,2,0.42,1,151.6
KAG-NER-00243,Tripura,24.0315,92.2848,Sedimentary Shale,24.39,84.53,2441.2,38.3,0.082,20.9,0,0.303,0,197.9
KAG-NER-00244,Arunachal Pradesh,27.2603,94.4804,Sedimentary Shale,117.52,369.66,2690.3,32.3,0.156,15.8,0,0.728,2,263.4
KAG-NER-00245,Assam,26.6536,94.6179,Sedimentary Shale,6.44,20.03,2645.7,19.4,0.249,18.3,1,0.214,0,172.2
KAG-NER-00246,Tripura,23.3876,92.0022,Sedimentary Shale,7.97,23.55,2478.3,21.0,0.206,10.8,2,0.169,0,135.8
KAG-NER-00247,Arunachal Pradesh,27.8092,92.736,Weathered Gneiss,62.71,176.04,2514.0,12.2,0.42,9.3,4,0.442,1,189.7
KAG-NER-00248,Sikkim,27.4321,88.367,Weathered Gneiss,11.48,42.08,866.1,39.4,0.64,8.6,6,0.405,1,145.9
KAG-NER-00249,Sikkim,27.5055,88.8112,Weathered Gneiss,61.01,194.47,492.0,26.4,0.464,15.2,2,0.479,1,160.7
KAG-NER-00250,Mizoram,23.654,92.9949,Weathered Gneiss,12.04,34.8,1818.8,28.3,0.534,12.4,8,0.275,0,141.7
KAG-NER-00251,Arunachal Pradesh,27.73,91.7302,Weathered Gneiss,1.28,37.11,1407.6,41.3,0.539,11.4,1,0.393,1,160.0
KAG-NER-00252,Arunachal Pradesh,27.2726,93.714,Sedimentary Shale,27.66,138.98,348.6,6.6,0.448,4.0,1,0.339,0,108.4
KAG-NER-00253,Mizoram,23.2654,92.4999,Clayey Loam,8.32,34.56,1922.9,8.7,0.3,15.5,2,0.173,0,141.1
KAG-NER-00254,Arunachal Pradesh,27.7066,92.9526,Weathered Gneiss,53.89,151.37,1611.0,12.5,0.189,16.5,2,0.299,0,164.9
KAG-NER-00255,Assam,26.1614,92.5879,Sedimentary Shale,38.95,104.11,2427.5,7.2,0.317,5.9,1,0.299,0,132.7
KAG-NER-00256,Meghalaya,25.22,92.6121,Rocky Phyllite,97.73,330.02,1737.0,32.3,0.688,17.2,4,0.752,2,237.4
KAG-NER-00257,Tripura,24.2412,91.9491,Sedimentary Shale,58.06,135.62,1641.1,31.4,0.284,19.6,2,0.395,1,212.2
KAG-NER-00258,Nagaland,25.5487,94.5638,Alluvial Sandy Silt,7.58,60.84,1278.8,14.4,0.085,5.5,3,0.125,0,85.9
KAG-NER-00259,Meghalaya,25.8272,92.1962,Alluvial Sandy Silt,61.19,167.41,1338.8,12.0,0.547,11.0,2,0.423,1,153.4
KAG-NER-00260,Assam,25.9596,93.3976,Sedimentary Shale,39.01,121.98,2675.9,11.8,0.092,19.5,1,0.299,0,180.8
KAG-NER-00261,Nagaland,26.5681,94.266,Rocky Phyllite,42.01,148.53,456.6,44.1,0.327,11.7,3,0.458,1,162.9
KAG-NER-00262,Sikkim,27.5525,88.4667,Weathered Gneiss,67.84,223.72,1293.7,33.7,0.316,18.3,0,0.511,1,196.0
KAG-NER-00263,Assam,26.5402,90.6547,Alluvial Sandy Silt,32.41,92.12,1863.9,29.4,0.377,6.3,1,0.345,0,133.7
KAG-NER-00264,Meghalaya,25.6751,90.4118,Sedimentary Shale,23.84,97.37,1257.8,18.9,0.217,3.3,2,0.258,0,94.8
KAG-NER-00265,Mizoram,23.4525,92.6219,Weathered Gneiss,38.47,100.2,850.3,23.3,0.361,3.2,2,0.377,0,114.9
KAG-NER-00266,Manipur,24.7636,93.2135,Rocky Phyllite,13.44,27.37,861.6,9.6,0.415,21.4,2,0.205,0,152.2
KAG-NER-00267,Nagaland,26.3683,94.5925,Alluvial Sandy Silt,7.66,39.54,715.5,45.9,0.076,5.3,0,0.201,0,82.6
KAG-NER-00268,Manipur,24.2287,93.1669,Sedimentary Shale,36.43,90.32,1015.4,36.2,0.167,19.3,3,0.35,0,161.9
KAG-NER-00269,Arunachal Pradesh,27.1328,95.4471,Weathered Gneiss,10.12,29.07,2451.0,30.9,0.584,8.3,2,0.32,0,175.1
KAG-NER-00270,Arunachal Pradesh,27.7451,93.6027,Alluvial Sandy Silt,3.16,28.83,1454.2,29.5,0.415,2.8,4,0.224,0,92.6
KAG-NER-00271,Mizoram,22.9601,93.0145,Weathered Gneiss,0.02,8.24,733.4,26.2,0.527,6.8,1,0.211,0,92.8
KAG-NER-00272,Mizoram,24.102,93.211,Rocky Phyllite,35.62,123.78,1125.9,16.3,0.34,12.1,2,0.346,0,134.1
KAG-NER-00273,Mizoram,23.7391,92.3828,Clayey Loam,17.09,56.8,367.9,15.1,0.843,4.1,2,0.352,0,106.4
KAG-NER-00274,Tripura,23.3349,91.1592,Sedimentary Shale,53.03,203.08,2539.0,28.0,0.24,20.4,2,0.45,1,235.6
KAG-NER-00275,Meghalaya,25.3317,90.5527,Clayey Loam,17.87,68.64,1190.3,8.8,0.883,20.0,5,0.327,0,165.5
KAG-NER-00276,Meghalaya,25.334,91.2012,Rocky Phyllite,25.29,129.4,2746.7,9.0,0.187,5.0,1,0.252,0,123.6
KAG-NER-00277,Manipur,25.3202,93.9766,Weathered Gneiss,19.86,53.71,1025.3,28.4,0.57,16.7,4,0.297,0,148.2
KAG-NER-00278,Nagaland,26.569,94.4655,Sedimentary Shale,39.96,123.05,2354.9,42.8,0.619,11.2,0,0.476,1,209.7
KAG-NER-00279,Manipur,24.1575,94.1775,Sedimentary Shale,16.73,59.23,777.4,42.6,0.529,21.6,4,0.384,1,174.9
KAG-NER-00280,Manipur,24.3851,94.0226,Sedimentary Shale,126.08,248.08,287.1,6.4,0.522,3.1,3,0.58,1,160.0
KAG-NER-00281,Tripura,23.6092,92.2972,Rocky Phyllite,104.54,244.38,166.3,10.3,0.137,11.4,1,0.474,1,142.3
KAG-NER-00282,Arunachal Pradesh,27.3217,92.7561,Weathered Gneiss,71.59,241.31,1728.8,29.3,0.497,7.7,2,0.582,1,173.7
KAG-NER-00283,Arunachal Pradesh,28.3891,91.6109,Weathered Gneiss,96.12,285.47,927.5,39.9,0.216,16.5,1,0.668,1,214.6
KAG-NER-00284,Assam,26.7754,93.764,Sedimentary Shale,22.66,56.21,1286.4,44.2,0.363,4.2,1,0.284,0,94.5
KAG-NER-00285,Meghalaya,25.8527,92.7335,Sedimentary Shale,29.21,62.96,2306.7,40.4,0.404,14.6,1,0.4,1,185.4
KAG-NER-00286,Assam,27.1658,90.7937,Weathered Gneiss,51.5,169.11,754.9,33.1,0.624,21.0,7,0.521,1,206.1
KAG-NER-00287,Meghalaya,25.8397,91.8804,Alluvial Sandy Silt,45.27,172.7,919.5,14.0,0.208,11.1,3,0.35,0,134.8
KAG-NER-00288,Meghalaya,25.6826,90.5337,Alluvial Sandy Silt,84.11,218.3,2379.3,8.9,0.088,11.1,0,0.389,1,186.9
KAG-NER-00289,Arunachal Pradesh,27.9403,95.9212,Sedimentary Shale,47.88,125.63,1420.3,7.9,0.628,11.9,5,0.341,0,146.7
KAG-NER-00290,Nagaland,26.6765,94.0587,Clayey Loam,234.03,745.29,2331.2,30.5,0.732,10.3,4,1.25,2,326.0
KAG-NER-00291,Assam,25.8559,92.1303,Rocky Phyllite,16.28,50.23,1098.6,7.4,0.658,10.9,3,0.285,0,131.0
KAG-NER-00292,Assam,26.9569,93.6567,Weathered Gneiss,68.01,216.94,1163.6,35.6,0.526,11.3,3,0.58,1,187.2
KAG-NER-00293,Mizoram,23.489,92.3606,Weathered Gneiss,45.45,152.75,534.6,34.5,0.622,22.0,3,0.556,1,208.3
KAG-NER-00294,Arunachal Pradesh,27.583,93.6106,Sedimentary Shale,44.68,166.06,2572.5,9.2,0.559,4.3,2,0.42,1,153.7
KAG-NER-00295,Assam,27.1,93.3849,Weathered Gneiss,14.98,39.85,2519.3,42.3,0.695,7.7,2,0.4,1,173.4
KAG-NER-00296,Meghalaya,25.3805,91.5658,Alluvial Sandy Silt,58.52,126.55,2757.1,26.9,0.627,6.2,4,0.466,1,194.7
KAG-NER-00297,Manipur,24.0925,94.5561,Clayey Loam,87.64,294.48,1174.7,42.2,0.237,12.9,2,0.654,1,198.0
KAG-NER-00298,Assam,26.3041,92.6504,Weathered Gneiss,9.37,30.11,2306.6,42.1,0.437,2.1,0,0.335,0,118.6
KAG-NER-00299,Nagaland,25.8974,94.4238,Weathered Gneiss,37.32,127.16,1208.7,13.9,0.858,20.4,5,0.397,1,175.1
KAG-NER-00300,Assam,26.7271,93.719,Weathered Gneiss,18.92,60.52,1315.7,21.2,0.369,12.6,4,0.297,0,142.5
KAG-NER-00301,Assam,26.1754,91.9205,Sedimentary Shale,173.32,564.05,2337.6,11.4,0.527,19.9,2,0.944,2,301.6
KAG-NER-00302,Meghalaya,25.2127,91.9043,Rocky Phyllite,24.76,69.79,562.4,37.0,0.341,8.9,2,0.395,1,134.1
KAG-NER-00303,Meghalaya,25.1358,91.754,Alluvial Sandy Silt,9.85,78.65,679.2,26.2,0.725,5.0,4,0.318,0,108.1
KAG-NER-00304,Nagaland,26.6176,94.7362,Weathered Gneiss,18.28,39.53,936.1,43.2,0.287,5.8,1,0.277,0,109.3
KAG-NER-00305,Manipur,24.6287,93.7349,Sedimentary Shale,40.31,141.64,2223.8,14.3,0.434,11.4,3,0.282,0,176.3
KAG-NER-00306,Sikkim,27.1539,88.6366,Clayey Loam,3.01,12.68,1093.6,33.5,0.064,2.8,1,0.175,0,64.5
KAG-NER-00307,Meghalaya,25.8391,90.8361,Weathered Gneiss,35.16,105.08,1054.2,45.6,0.149,17.6,1,0.382,1,157.7
KAG-NER-00308,Arunachal Pradesh,27.5741,95.2748,Clayey Loam,101.72,263.15,2796.8,32.6,0.91,17.8,5,0.736,2,287.8
KAG-NER-00309,Manipur,25.228,93.3891,Sedimentary Shale,72.18,205.49,1124.0,8.8,0.606,16.0,3,0.519,1,197.4
KAG-NER-00310,Arunachal Pradesh,27.7809,92.3662,Sedimentary Shale,2.66,36.69,753.9,29.5,0.311,19.9,2,0.213,0,150.0
KAG-NER-00311,Meghalaya,25.1917,92.5689,Alluvial Sandy Silt,190.73,479.82,1775.1,13.2,0.294,13.0,1,0.834,2,239.9
KAG-NER-00312,Assam,26.9487,93.9202,Weathered Gneiss,45.59,103.69,2261.1,7.2,0.487,11.6,3,0.336,0,156.5
KAG-NER-00313,Assam,25.8683,94.2968,Sedimentary Shale,6.73,42.03,269.3,19.4,0.652,12.6,5,0.326,0,133.1
KAG-NER-00314,Sikkim,27.4066,88.3739,Sedimentary Shale,0.47,57.1,1763.4,16.6,0.084,5.6,0,0.16,0,100.1
KAG-NER-00315,Mizoram,23.6197,92.4005,Weathered Gneiss,7.14,35.85,177.2,37.6,0.44,12.2,1,0.291,0,125.8
KAG-NER-00316,Nagaland,26.4593,94.2737,Alluvial Sandy Silt,69.21,129.5,1511.6,20.9,0.276,12.8,0,0.421,1,168.1
KAG-NER-00317,Arunachal Pradesh,27.1985,92.347,Sedimentary Shale,0.83,5.52,779.0,35.3,0.726,17.3,7,0.296,0,145.8
KAG-NER-00318,Assam,26.0579,90.7565,Alluvial Sandy Silt,10.09,36.06,914.1,6.6,0.168,9.0,1,0.077,0,97.4
KAG-NER-00319,Assam,26.6229,94.2816,Weathered Gneiss,53.81,110.32,1350.5,6.6,0.327,3.8,2,0.295,0,103.2
KAG-NER-00320,Arunachal Pradesh,26.928,91.7205,Clayey Loam,33.52,129.01,2601.7,7.2,0.218,13.9,0,0.248,0,172.4
KAG-NER-00321,Meghalaya,25.6155,92.3307,Sedimentary Shale,58.01,162.45,2013.0,14.8,0.468,17.8,3,0.411,1,185.7
KAG-NER-00322,Manipur,24.4574,93.5594,Sedimentary Shale,52.1,141.08,2628.2,21.0,0.105,21.4,0,0.415,1,218.7
KAG-NER-00323,Nagaland,26.2349,93.8113,Weathered Gneiss,1.97,17.51,1875.1,30.3,0.44,3.8,3,0.258,0,121.9
KAG-NER-00324,Arunachal Pradesh,26.9426,94.8085,Sedimentary Shale,84.75,288.55,99.3,45.4,0.319,16.9,7,0.733,2,203.1
KAG-NER-00325,Sikkim,27.538,88.5646,Weathered Gneiss,9.79,39.77,802.4,20.2,0.376,13.9,6,0.317,0,146.9
KAG-NER-00326,Manipur,25.0384,94.0804,Weathered Gneiss,30.63,96.04,2543.7,8.2,0.309,2.3,5,0.224,0,117.1
KAG-NER-00327,Meghalaya,25.2853,91.1165,Rocky Phyllite,39.28,79.46,1830.2,13.8,0.276,16.4,1,0.278,0,156.3
KAG-NER-00328,Nagaland,25.5766,93.5948,Alluvial Sandy Silt,7.02,23.0,2750.1,41.9,0.282,2.5,1,0.331,0,143.7
KAG-NER-00329,Arunachal Pradesh,27.9819,95.3637,Sedimentary Shale,142.1,392.56,504.2,34.0,0.359,17.7,3,0.859,2,245.3
KAG-NER-00330,Assam,27.1478,93.3276,Weathered Gneiss,25.45,82.71,887.2,37.6,0.339,16.4,3,0.363,0,154.0
KAG-NER-00331,Arunachal Pradesh,27.1946,91.9754,Clayey Loam,2.26,5.79,1065.6,11.0,0.125,15.8,1,0.183,0,123.0
KAG-NER-00332,Manipur,25.138,93.926,Clayey Loam,105.21,329.16,968.2,11.4,0.244,4.4,1,0.634,1,158.5
KAG-NER-00333,Assam,26.6656,94.0166,Rocky Phyllite,33.54,106.99,765.4,10.5,0.141,20.4,2,0.151,0,116.8
KAG-NER-00334,Assam,26.7846,94.2551,Clayey Loam,45.65,169.92,1286.2,40.3,0.173,20.0,2,0.518,1,193.7
KAG-NER-00335,Assam,25.8787,93.8638,Sedimentary Shale,28.3,101.89,1827.1,14.4,0.695,20.0,2,0.414,1,206.9
KAG-NER-00336,Assam,26.9912,91.7876,Sedimentary Shale,68.41,174.32,926.6,31.7,0.3,9.2,1,0.551,1,173.6
KAG-NER-00337,Mizoram,23.7607,92.6456,Alluvial Sandy Silt,1.28,37.22,296.8,26.6,0.475,11.8,1,0.288,0,109.5
KAG-NER-00338,Manipur,25.3412,93.0535,Alluvial Sandy Silt,11.87,49.49,2007.2,27.8,0.358,4.3,7,0.336,0,134.3
KAG-NER-00339,Meghalaya,25.6218,90.6329,Sedimentary Shale,24.1,85.2,1328.5,13.8,0.058,3.0,0,0.233,0,107.5
KAG-NER-00340,Assam,26.7971,91.2915,Sedimentary Shale,3.03,70.33,1593.6,31.4,0.184,3.2,4,0.274,0,105.6
KAG-NER-00341,Meghalaya,25.3118,91.4854,Rocky Phyllite,46.51,168.8,1318.7,7.7,0.401,13.4,1,0.353,0,154.1
KAG-NER-00342,Meghalaya,25.9234,90.7505,Rocky Phyllite,19.01,79.16,2501.8,45.7,0.184,8.4,0,0.323,0,174.3
KAG-NER-00343,Assam,26.0019,93.9154,Sedimentary Shale,12.1,40.84,1599.8,7.1,0.294,13.6,3,0.097,0,117.6
KAG-NER-00344,Meghalaya,25.5506,92.5706,Sedimentary Shale,0.13,40.33,2591.3,8.0,0.486,13.9,4,0.197,0,163.6
KAG-NER-00345,Arunachal Pradesh,27.1346,94.4067,Clayey Loam,48.35,161.2,1468.8,19.0,0.751,20.1,4,0.503,1,218.1
KAG-NER-00346,Nagaland,25.726,93.6351,Weathered Gneiss,68.2,192.3,875.8,39.3,0.419,19.6,2,0.575,1,215.3
KAG-NER-00347,Nagaland,26.3568,94.2905,Clayey Loam,19.1,71.07,1046.8,16.3,0.523,16.4,3,0.247,0,135.1
KAG-NER-00348,Assam,26.8568,91.8926,Weathered Gneiss,31.56,67.77,1500.2,24.9,0.402,18.4,1,0.282,0,156.9
KAG-NER-00349,Arunachal Pradesh,27.6168,93.3246,Alluvial Sandy Silt,9.82,38.27,1521.6,6.7,0.476,2.1,1,0.164,0,89.5
KAG-NER-00350,Nagaland,26.7777,93.8384,Weathered Gneiss,36.99,105.97,1949.6,9.2,0.319,2.3,1,0.3,0,124.3
KAG-NER-00351,Meghalaya,25.3653,91.1218,Clayey Loam,0.46,26.04,690.6,30.3,0.807,11.2,4,0.422,1,149.5
KAG-NER-00352,Mizoram,23.6469,92.5776,Weathered Gneiss,25.49,108.59,1872.1,13.8,0.264,15.1,0,0.258,0,158.7
KAG-NER-00353,Nagaland,26.6814,93.7985,Weathered Gneiss,39.27,112.39,2197.8,33.8,0.382,17.9,5,0.429,1,200.0
KAG-NER-00354,Assam,27.0541,90.9656,Weathered Gneiss,95.13,301.53,1920.3,37.4,0.653,10.9,7,0.8,2,236.2
KAG-NER-00355,Assam,26.7192,94.5814,Alluvial Sandy Silt,18.25,77.25,1390.6,40.0,0.303,20.8,2,0.356,0,179.2
KAG-NER-00356,Nagaland,25.6362,94.8525,Weathered Gneiss,55.06,176.15,2777.4,11.4,0.531,18.3,4,0.432,1,219.1
KAG-NER-00357,Assam,26.434,94.7557,Alluvial Sandy Silt,34.6,90.1,1181.1,24.2,0.732,4.1,3,0.445,1,132.5
KAG-NER-00358,Nagaland,26.3475,93.8524,Sedimentary Shale,99.46,328.35,369.9,43.9,0.527,10.8,6,0.836,2,230.3
KAG-NER-00359,Sikkim,27.2318,88.343,Clayey Loam,19.31,56.57,2314.5,36.9,0.228,21.9,2,0.318,0,213.9
KAG-NER-00360,Meghalaya,25.1837,90.5741,Sedimentary Shale,14.6,37.67,657.2,10.7,0.587,10.2,1,0.212,0,110.4
KAG-NER-00361,Arunachal Pradesh,27.0675,93.4032,Clayey Loam,82.9,293.48,2020.1,26.1,0.201,9.7,0,0.582,1,211.8
KAG-NER-00362,Nagaland,26.5138,93.6121,Alluvial Sandy Silt,1.92,28.55,566.8,42.9,0.253,7.9,1,0.222,0,84.7
KAG-NER-00363,Meghalaya,25.2173,91.8729,Weathered Gneiss,5.57,23.61,125.9,23.6,0.416,11.7,4,0.243,0,108.9
KAG-NER-00364,Meghalaya,25.2775,90.4538,Weathered Gneiss,3.27,46.75,514.7,39.5,0.034,16.6,1,0.28,0,136.0
KAG-NER-00365,Sikkim,27.2168,88.839,Rocky Phyllite,70.38,171.28,1105.4,25.8,0.805,2.9,2,0.645,1,165.7
KAG-NER-00366,Arunachal Pradesh,28.2144,93.0933,Sedimentary Shale,0.41,30.43,370.0,10.3,0.382,18.7,2,0.187,0,120.9
KAG-NER-00367,Sikkim,27.5591,88.5298,Alluvial Sandy Silt,75.16,340.51,617.7,11.9,0.553,20.4,1,0.486,1,189.1
KAG-NER-00368,Tripura,24.0125,91.9192,Sedimentary Shale,22.81,67.42,2159.8,7.9,0.484,17.6,3,0.293,0,175.6
KAG-NER-00369,Assam,26.6802,91.6975,Rocky Phyllite,0.15,23.04,2174.1,13.8,0.674,20.3,3,0.279,0,181.1
KAG-NER-00370,Assam,25.8546,92.5501,Alluvial Sandy Silt,19.52,89.39,2303.6,41.7,0.631,3.9,3,0.407,1,143.4
KAG-NER-00371,Assam,27.0474,93.0627,Rocky Phyllite,7.86,34.61,2367.9,32.0,0.234,11.0,0,0.234,0,135.6
KAG-NER-00372,Assam,26.9653,94.9623,Clayey Loam,37.21,126.04,1223.6,35.6,0.648,3.4,2,0.542,1,157.4
KAG-NER-00373,Assam,26.0291,93.613,Weathered Gneiss,43.22,144.21,2439.7,30.9,0.754,18.7,3,0.511,1,207.8
KAG-NER-00374,Nagaland,26.344,94.8699,Sedimentary Shale,25.4,83.2,1510.5,21.5,0.342,21.1,4,0.271,0,188.1
KAG-NER-00375,Assam,27.1798,93.5901,Sedimentary Shale,1.57,5.18,1360.0,14.7,0.704,8.0,4,0.192,0,102.0
KAG-NER-00376,Arunachal Pradesh,27.2898,95.0935,Sedimentary Shale,40.56,202.7,2034.4,43.0,0.376,12.7,3,0.635,1,208.8
KAG-NER-00377,Mizoram,22.9605,93.1588,Sedimentary Shale,70.13,226.9,661.6,26.6,0.491,8.0,3,0.588,1,171.1
KAG-NER-00378,Assam,27.0743,92.2228,Weathered Gneiss,48.42,198.17,2227.4,25.2,0.15,9.6,1,0.4,1,170.3
KAG-NER-00379,Mizoram,23.746,92.7732,Clayey Loam,67.32,180.47,1248.1,45.8,0.832,11.5,3,0.739,2,213.8
KAG-NER-00380,Arunachal Pradesh,27.6004,92.8967,Sedimentary Shale,8.5,31.01,426.2,21.4,0.099,17.8,2,0.165,0,112.3
KAG-NER-00381,Assam,26.867,94.7128,Sedimentary Shale,83.49,226.59,404.5,40.2,0.169,4.9,0,0.64,1,159.5
KAG-NER-00382,Nagaland,26.7171,93.6622,Alluvial Sandy Silt,14.78,77.7,528.5,40.5,0.427,5.1,3,0.401,1,127.0
KAG-NER-00383,Nagaland,26.6246,94.5061,Clayey Loam,0.51,12.27,2502.4,15.3,0.315,6.0,3,0.136,0,93.4
KAG-NER-00384,Mizoram,23.1793,92.374,Sedimentary Shale,70.45,174.26,2775.4,9.8,0.434,3.1,3,0.445,1,171.1
KAG-NER-00385,Manipur,24.3752,94.4595,Weathered Gneiss,108.08,320.37,1051.0,45.0,0.19,14.9,1,0.766,2,247.3
KAG-NER-00386,Mizoram,23.7498,93.0932,Weathered Gneiss,40.5,99.88,874.6,23.0,0.711,5.8,3,0.455,1,132.1
KAG-NER-00387,Arunachal Pradesh,27.3114,94.7372,Sedimentary Shale,10.0,55.94,675.1,6.1,0.312,10.8,1,0.221,0,113.6
KAG-NER-00388,Assam,25.8394,92.1889,Alluvial Sandy Silt,11.02,44.52,2320.8,26.0,0.513,15.7,5,0.378,0,196.9
KAG-NER-00389,Manipur,24.8775,93.2338,Alluvial Sandy Silt,23.88,104.43,649.0,30.8,0.506,11.0,1,0.402,1,157.2
KAG-NER-00390,Mizoram,24.0345,92.5585,Clayey Loam,86.68,204.71,2593.5,37.0,0.815,20.1,5,0.62,1,261.2
KAG-NER-00391,Sikkim,27.5566,88.4242,Rocky Phyllite,6.16,19.25,1895.2,43.7,0.642,17.4,4,0.41,1,199.8
KAG-NER-00392,Arunachal Pradesh,27.8537,91.9835,Rocky Phyllite,66.44,130.82,2520.2,42.6,0.288,7.5,2,0.509,1,199.5
KAG-NER-00393,Arunachal Pradesh,26.9271,95.593,Weathered Gneiss,13.08,41.88,1586.9,43.6,0.359,4.6,5,0.283,0,122.1
KAG-NER-00394,Manipur,24.3775,94.3115,Sedimentary Shale,62.83,271.71,1958.6,7.3,0.349,19.9,3,0.474,1,209.7
KAG-NER-00395,Arunachal Pradesh,28.499,92.4514,Sedimentary Shale,96.11,188.62,1764.9,34.5,0.353,9.9,4,0.62,1,198.5
KAG-NER-00396,Tripura,23.5182,91.8954,Alluvial Sandy Silt,21.19,63.49,2340.9,15.0,0.527,9.7,3,0.243,0,146.6
KAG-NER-00397,Mizoram,24.2482,93.3074,Rocky Phyllite,17.26,57.63,2353.5,13.5,0.275,18.2,2,0.157,0,166.0
KAG-NER-00398,Arunachal Pradesh,27.7046,95.078,Weathered Gneiss,61.58,163.88,1684.2,38.0,0.771,2.2,4,0.661,1,185.2
KAG-NER-00399,Manipur,24.19,94.5639,Rocky Phyllite,28.65,156.47,1800.4,22.7,0.024,11.0,0,0.317,0,143.3
KAG-NER-00400,Manipur,25.3501,93.262,Sedimentary Shale,43.83,172.06,2587.5,42.7,0.174,16.3,0,0.442,1,209.5
KAG-NER-00401,Assam,26.2192,90.9507,Sedimentary Shale,37.05,126.22,2609.2,7.7,0.382,19.0,3,0.318,0,187.0
KAG-NER-00402,Tripura,23.5261,92.0791,Clayey Loam,6.31,37.64,1886.8,38.1,0.601,19.7,2,0.335,0,192.9
KAG-NER-00403,Meghalaya,25.4405,90.4298,Clayey Loam,70.79,235.71,101.1,11.5,0.21,11.3,0,0.455,1,157.2
KAG-NER-00404,Mizoram,23.3133,93.3795,Weathered Gneiss,8.28,50.47,364.0,13.1,0.838,19.0,6,0.301,0,149.6
KAG-NER-00405,Arunachal Pradesh,27.9075,93.3727,Sedimentary Shale,102.31,280.23,2413.6,25.1,0.472,2.7,2,0.556,1,164.9
KAG-NER-00406,Tripura,23.3998,92.2834,Sedimentary Shale,10.96,37.0,310.4,21.8,0.577,8.1,4,0.281,0,102.2
KAG-NER-00407,Arunachal Pradesh,28.2134,92.7666,Sedimentary Shale,50.3,169.95,660.8,25.4,0.356,2.2,6,0.431,1,116.2
KAG-NER-00408,Assam,25.8981,90.7548,Weathered Gneiss,12.73,88.91,707.1,43.6,0.064,5.3,0,0.294,0,98.3
KAG-NER-00409,Tripura,23.3445,91.7969,Sedimentary Shale,14.53,54.82,1712.6,32.3,0.154,16.5,1,0.215,0,133.5
KAG-NER-00410,Assam,27.1003,92.7353,Weathered Gneiss,14.1,58.12,1648.4,17.6,0.414,2.1,3,0.237,0,104.5
KAG-NER-00411,Arunachal Pradesh,28.2487,93.5065,Weathered Gneiss,52.36,113.73,867.2,12.9,0.262,12.5,2,0.306,0,141.7
KAG-NER-00412,Sikkim,27.596,88.6855,Weathered Gneiss,30.92,103.22,644.7,22.8,0.459,10.3,3,0.378,0,127.9
KAG-NER-00413,Sikkim,27.2218,88.389,Alluvial Sandy Silt,81.52,263.4,2159.5,24.1,0.544,4.5,2,0.602,1,182.7
KAG-NER-00414,Meghalaya,25.6736,90.3838,Alluvial Sandy Silt,13.96,47.1,2624.4,30.1,0.431,15.7,5,0.306,0,182.0
KAG-NER-00415,Nagaland,25.9062,94.2022,Weathered Gneiss,44.75,145.56,223.6,16.6,0.213,15.9,1,0.347,0,154.0
KAG-NER-00416,Meghalaya,25.9966,91.4338,Weathered Gneiss,53.13,118.52,442.3,36.7,0.336,16.5,2,0.441,1,162.7
KAG-NER-00417,Arunachal Pradesh,28.2057,93.4443,Weathered Gneiss,6.24,31.02,1826.7,9.9,0.371,17.3,2,0.121,0,131.3
KAG-NER-00418,Arunachal Pradesh,28.1742,94.1794,Sedimentary Shale,19.45,122.29,2268.1,28.4,0.223,8.3,1,0.408,1,166.1
KAG-NER-00419,Nagaland,26.6412,94.0164,Weathered Gneiss,25.06,99.21,2232.0,30.9,0.534,21.9,0,0.388,1,218.2
KAG-NER-00420,Manipur,24.846,94.008,Sedimentary Shale,16.7,89.74,2037.5,14.3,0.419,3.5,1,0.25,0,100.6
KAG-NER-00421,Manipur,24.5843,93.2309,Sedimentary Shale,14.77,87.29,2493.8,39.0,0.523,15.0,2,0.453,1,204.9
KAG-NER-00422,Manipur,24.131,93.0267,Alluvial Sandy Silt,44.07,199.79,671.2,30.6,0.33,21.4,2,0.54,1,203.7
KAG-NER-00423,Assam,27.0229,91.5641,Rocky Phyllite,9.24,75.1,371.8,31.8,0.229,6.5,0,0.338,0,106.9
KAG-NER-00424,Meghalaya,25.2904,92.1137,Rocky Phyllite,46.96,125.77,1753.8,25.9,0.588,7.6,0,0.431,1,154.1
KAG-NER-00425,Assam,26.248,92.7772,Clayey Loam,103.89,400.85,2316.6,42.4,0.52,13.5,3,0.859,2,264.1
KAG-NER-00426,Meghalaya,25.2463,92.6953,Alluvial Sandy Silt,31.65,87.36,1663.2,33.8,0.543,17.6,0,0.437,1,202.5
KAG-NER-00427,Meghalaya,25.8664,92.4459,Rocky Phyllite,35.92,95.15,2699.4,21.3,0.451,8.6,6,0.438,1,170.8
KAG-NER-00428,Tripura,23.6881,92.0148,Clayey Loam,2.71,6.32,2243.9,15.5,0.603,18.7,2,0.226,0,184.3
KAG-NER-00429,Arunachal Pradesh,27.1302,91.5388,Weathered Gneiss,75.95,154.58,1986.2,8.8,0.666,6.8,8,0.484,1,174.9
KAG-NER-00430,Assam,25.828,93.1397,Alluvial Sandy Silt,12.77,44.47,243.9,12.6,0.307,19.5,2,0.146,0,120.6
KAG-NER-00431,Assam,26.4376,92.8311,Weathered Gneiss,36.28,129.63,373.1,45.7,0.727,7.1,5,0.501,1,141.3
KAG-NER-00432,Manipur,24.0104,93.6763,Sedimentary Shale,147.01,361.24,2214.8,22.3,0.588,14.3,2,0.884,2,289.8
KAG-NER-00433,Nagaland,26.4053,94.064,Weathered Gneiss,34.39,101.93,619.2,41.9,0.536,9.2,5,0.484,1,154.8
KAG-NER-00434,Assam,26.8251,91.5486,Weathered Gneiss,49.02,167.37,158.4,12.8,0.391,8.4,2,0.394,1,131.2
KAG-NER-00435,Assam,26.9384,93.1479,Alluvial Sandy Silt,22.4,93.25,2557.3,23.0,0.908,9.1,5,0.459,1,194.8
KAG-NER-00436,Manipur,24.2951,93.3788,Clayey Loam,2.37,13.78,2503.0,44.4,0.758,12.0,3,0.423,1,199.5
KAG-NER-00437,Assam,26.6792,94.2347,Rocky Phyllite,60.71,143.47,674.3,9.6,0.738,18.9,3,0.469,1,178.3
KAG-NER-00438,Mizoram,23.4234,92.5841,Weathered Gneiss,1.35,10.75,2202.2,29.8,0.527,17.2,2,0.291,0,174.5
KAG-NER-00439,Manipur,25.2138,94.0708,Rocky Phyllite,45.83,102.63,210.5,42.8,0.666,11.0,2,0.533,1,157.5
KAG-NER-00440,Assam,26.4273,92.6956,Clayey Loam,0.88,21.77,855.4,44.0,0.704,7.6,4,0.387,1,131.8
KAG-NER-00441,Assam,26.086,93.3206,Sedimentary Shale,75.34,172.75,1776.4,39.8,0.415,19.1,2,0.618,1,241.8
KAG-NER-00442,Sikkim,27.3511,88.8965,Alluvial Sandy Silt,6.52,23.56,2155.8,40.2,0.379,19.4,3,0.272,0,174.9
KAG-NER-00443,Arunachal Pradesh,27.6683,93.6865,Weathered Gneiss,27.44,72.1,108.3,32.1,0.16,11.1,1,0.266,0,104.7
KAG-NER-00444,Arunachal Pradesh,27.8054,95.6254,Sedimentary Shale,34.55,109.45,967.3,14.8,0.354,15.9,0,0.307,0,153.9
KAG-NER-00445,Mizoram,24.0012,92.7962,Weathered Gneiss,23.24,128.92,663.0,35.2,0.545,9.4,0,0.437,1,128.2
KAG-NER-00446,Sikkim,27.6031,88.569,Alluvial Sandy Silt,15.83,51.48,2796.7,45.1,0.384,5.0,3,0.405,1,176.9
KAG-NER-00447,Sikkim,27.4447,88.2539,Sedimentary Shale,23.97,84.13,1905.1,27.0,0.264,8.4,2,0.295,0,156.7
KAG-NER-00448,Manipur,24.6495,93.3933,Rocky Phyllite,14.18,55.96,1183.4,16.4,0.67,15.6,5,0.258,0,136.1
KAG-NER-00449,Arunachal Pradesh,28.3637,93.0093,Alluvial Sandy Silt,21.91,57.39,285.8,28.9,0.54,17.4,2,0.369,0,162.8
KAG-NER-00450,Assam,27.1332,92.8987,Sedimentary Shale,16.89,165.05,1708.4,33.6,0.297,19.0,4,0.439,1,203.3
KAG-NER-00451,Manipur,24.8842,93.8687,Alluvial Sandy Silt,31.74,131.85,1825.4,14.3,0.303,2.4,3,0.315,0,113.4
KAG-NER-00452,Meghalaya,25.2164,91.1771,Weathered Gneiss,10.32,59.83,2300.6,34.8,0.275,11.7,0,0.238,0,156.6
KAG-NER-00453,Arunachal Pradesh,27.0586,94.3033,Weathered Gneiss,170.21,494.95,864.9,29.5,0.425,7.5,3,0.994,2,262.4
KAG-NER-00454,Tripura,23.7362,92.0336,Clayey Loam,26.41,93.91,2749.5,30.5,0.739,15.7,5,0.352,0,192.5
KAG-NER-00455,Assam,26.1087,91.2405,Sedimentary Shale,8.2,29.39,1275.3,18.2,0.376,6.9,2,0.205,0,95.3
KAG-NER-00456,Meghalaya,25.4657,92.6091,Weathered Gneiss,24.64,69.69,885.0,12.2,0.365,13.3,4,0.161,0,92.1
KAG-NER-00457,Assam,26.7946,92.3852,Clayey Loam,76.49,195.47,1027.8,30.9,0.442,16.2,2,0.544,1,195.3
KAG-NER-00458,Meghalaya,25.5655,90.419,Alluvial Sandy Silt,0.84,52.13,1493.3,29.4,0.323,17.4,1,0.271,0,160.4
KAG-NER-00459,Assam,27.1784,93.4988,Sedimentary Shale,43.25,108.46,2627.8,19.5,0.342,7.4,1,0.333,0,174.2
KAG-NER-00460,Assam,26.1996,93.1361,Clayey Loam,30.17,109.7,2079.6,17.8,0.287,3.8,0,0.341,0,151.0
KAG-NER-00461,Assam,25.9533,94.8463,Rocky Phyllite,7.06,48.36,1649.7,19.9,0.345,6.4,3,0.228,0,109.3
KAG-NER-00462,Nagaland,25.6447,94.372,Alluvial Sandy Silt,64.63,133.94,522.8,25.6,0.368,14.0,1,0.403,1,156.9
KAG-NER-00463,Manipur,24.3436,94.1481,Clayey Loam,17.49,53.6,486.2,45.0,0.166,2.8,0,0.373,0,94.5
KAG-NER-00464,Nagaland,26.4875,94.4101,Weathered Gneiss,13.22,37.22,1446.0,36.5,0.439,5.2,1,0.356,0,130.6
KAG-NER-00465,Sikkim,27.5301,88.814,Weathered Gneiss,66.92,256.74,2062.1,40.1,0.833,21.9,3,0.757,2,279.1
KAG-NER-00466,Arunachal Pradesh,27.0258,92.9891,Weathered Gneiss,38.67,116.93,2122.8,26.2,0.545,9.6,2,0.442,1,170.4
KAG-NER-00467,Arunachal Pradesh,27.2973,95.9461,Alluvial Sandy Silt,86.84,194.43,694.5,27.0,0.358,11.9,2,0.567,1,177.0
KAG-NER-00468,Mizoram,23.3841,93.1059,Rocky Phyllite,37.77,140.06,352.3,14.2,0.472,2.2,3,0.314,0,94.1
KAG-NER-00469,Assam,26.7586,91.4544,Clayey Loam,51.31,163.54,1125.7,34.8,0.295,13.8,2,0.502,1,190.8
KAG-NER-00470,Sikkim,27.2673,88.325,Sedimentary Shale,68.8,172.72,2577.4,22.9,0.157,8.5,0,0.424,1,178.7
KAG-NER-00471,Assam,26.3756,91.5545,Alluvial Sandy Silt,2.14,8.69,1563.4,35.7,0.509,12.6,3,0.324,0,152.6
KAG-NER-00472,Sikkim,27.1138,88.8035,Rocky Phyllite,56.86,129.29,950.7,22.4,0.466,12.5,3,0.519,1,161.9
KAG-NER-00473,Assam,27.1519,92.0371,Sedimentary Shale,36.14,119.51,960.3,10.3,0.124,21.3,1,0.294,0,168.1
KAG-NER-00474,Tripura,23.6062,91.1085,Alluvial Sandy Silt,2.74,13.59,439.3,12.9,0.58,7.4,6,0.208,0,85.6
KAG-NER-00475,Meghalaya,25.7122,92.3461,Rocky Phyllite,27.0,79.7,1367.2,38.5,0.773,13.4,3,0.47,1,178.9
KAG-NER-00476,Sikkim,27.2026,88.2277,Clayey Loam,3.27,46.0,2232.5,16.3,0.519,9.6,3,0.209,0,131.7
KAG-NER-00477,Assam,26.9061,93.2733,Weathered Gneiss,50.6,140.58,2714.5,16.6,0.417,10.4,3,0.292,0,157.1
KAG-NER-00478,Meghalaya,25.1404,91.8186,Sedimentary Shale,30.05,126.42,1444.3,43.2,0.661,3.1,1,0.51,1,145.0
KAG-NER-00479,Sikkim,27.3162,88.395,Alluvial Sandy Silt,116.66,255.62,534.8,32.3,0.746,15.8,7,0.745,2,216.6
KAG-NER-00480,Meghalaya,25.7928,92.3084,Rocky Phyllite,7.69,18.1,1937.6,10.6,0.149,5.9,0,0.126,0,89.3
KAG-NER-00481,Nagaland,25.9605,94.8207,Weathered Gneiss,35.4,117.45,2138.5,11.7,0.301,11.4,4,0.265,0,152.6
KAG-NER-00482,Nagaland,25.969,94.5578,Weathered Gneiss,9.03,19.59,275.0,16.9,0.316,10.7,2,0.192,0,97.4
KAG-NER-00483,Meghalaya,25.5355,92.5336,Clayey Loam,36.18,116.92,2392.4,29.8,0.581,11.4,2,0.483,1,196.1
KAG-NER-00484,Nagaland,26.6709,93.5311,Weathered Gneiss,48.73,151.4,2335.8,36.1,0.173,9.5,1,0.443,1,183.2
KAG-NER-00485,Nagaland,26.7111,94.6383,Alluvial Sandy Silt,48.69,158.15,1365.3,17.0,0.339,6.8,0,0.336,0,128.7
KAG-NER-00486,Tripura,24.1496,91.3411,Weathered Gneiss,64.14,208.13,1604.3,40.8,0.515,11.0,3,0.572,1,204.7
KAG-NER-00487,Assam,26.9272,94.3256,Weathered Gneiss,73.0,186.96,2020.5,10.4,0.334,2.9,2,0.45,1,152.9
KAG-NER-00488,Arunachal Pradesh,27.3626,95.7852,Sedimentary Shale,3.06,22.74,1920.8,14.3,0.337,6.8,3,0.192,0,117.7
KAG-NER-00489,Sikkim,27.1349,88.2199,Sedimentary Shale,15.98,61.36,125.0,44.8,0.472,17.7,3,0.365,0,154.2
KAG-NER-00490,Tripura,23.8451,91.791,Clayey Loam,44.15,121.65,413.0,11.4,0.355,18.9,2,0.317,0,148.9
KAG-NER-00491,Meghalaya,25.6806,90.2441,Sedimentary Shale,26.23,101.29,522.2,41.5,0.339,16.3,3,0.445,1,177.9
KAG-NER-00492,Nagaland,26.7445,93.4669,Sedimentary Shale,8.04,18.59,2135.4,34.2,0.344,14.7,1,0.34,0,171.1
KAG-NER-00493,Arunachal Pradesh,27.1289,91.5631,Alluvial Sandy Silt,30.57,105.06,1277.0,8.9,0.497,18.2,5,0.297,0,176.0
KAG-NER-00494,Assam,26.5936,94.6952,Weathered Gneiss,19.89,67.04,1563.8,25.3,0.596,4.6,5,0.332,0,124.4
KAG-NER-00495,Meghalaya,25.6994,92.3389,Alluvial Sandy Silt,18.79,57.23,2181.7,26.8,0.125,12.5,0,0.229,0,143.3
KAG-NER-00496,Arunachal Pradesh,26.9212,93.9391,Weathered Gneiss,63.06,227.03,1007.5,43.3,0.566,4.3,6,0.645,1,159.7
KAG-NER-00497,Nagaland,26.0434,94.1485,Sedimentary Shale,19.9,71.63,2117.0,22.8,0.817,17.6,1,0.431,1,210.6
KAG-NER-00498,Assam,25.9011,93.58,Sedimentary Shale,1.02,8.97,1283.1,23.9,0.457,12.4,2,0.225,0,124.8
KAG-NER-00499,Sikkim,27.4523,88.7121,Sedimentary Shale,2.27,41.73,1105.9,10.5,0.222,18.2,5,0.152,0,131.9
KAG-NER-00500,Sikkim,27.4397,88.2195,Rocky Phyllite,73.71,191.21,985.9,31.6,0.638,18.0,4,0.537,1,202.6
KAG-NER-00501,Nagaland,26.3076,93.6586,Weathered Gneiss,122.89,329.45,2704.6,14.4,0.528,11.3,4,0.764,2,253.5
KAG-NER-00502,Meghalaya,25.8852,91.7941,Weathered Gneiss,44.31,126.41,2179.8,9.1,0.578,11.9,2,0.408,1,189.1
KAG-NER-00503,Arunachal Pradesh,27.1515,95.8305,Weathered Gneiss,17.22,104.67,134.9,45.9,0.395,2.6,1,0.412,1,106.0
KAG-NER-00504,Mizoram,23.5775,92.3802,Alluvial Sandy Silt,106.03,280.36,2684.2,16.8,0.74,12.5,7,0.675,1,237.5
KAG-NER-00505,Nagaland,26.2776,93.7798,Weathered Gneiss,41.31,121.5,2189.2,11.6,0.529,15.5,2,0.394,1,180.3
KAG-NER-00506,Assam,26.9252,94.1802,Clayey Loam,70.68,215.94,485.8,34.0,0.566,6.7,3,0.72,1,189.8
KAG-NER-00507,Tripura,24.3747,91.7022,Sedimentary Shale,55.17,186.34,287.6,38.9,0.481,21.7,0,0.485,1,186.8
KAG-NER-00508,Mizoram,23.4824,93.1288,Weathered Gneiss,18.11,39.05,918.3,8.6,0.489,21.5,3,0.19,0,151.3
KAG-NER-00509,Sikkim,27.1927,88.5375,Rocky Phyllite,24.75,53.76,1777.8,10.2,0.016,7.7,0,0.135,0,102.3
KAG-NER-00510,Manipur,24.7647,93.1432,Sedimentary Shale,7.83,53.87,1757.0,9.6,0.213,16.3,0,0.189,0,146.8
KAG-NER-00511,Nagaland,25.9852,94.6799,Alluvial Sandy Silt,13.12,39.91,830.3,7.9,0.666,2.6,3,0.246,0,92.8
KAG-NER-00512,Arunachal Pradesh,28.2698,91.9466,Weathered Gneiss,57.21,172.33,1292.2,32.4,0.699,15.3,1,0.538,1,185.7
KAG-NER-00513,Tripura,23.3089,91.4152,Weathered Gneiss,85.28,309.76,656.3,29.5,0.222,14.5,0,0.556,1,197.6
KAG-NER-00514,Mizoram,24.1121,92.4418,Sedimentary Shale,48.98,165.9,217.6,32.5,0.395,18.4,4,0.515,1,184.0
KAG-NER-00515,Assam,26.808,90.9552,Sedimentary Shale,23.78,70.83,1486.2,26.2,0.533,8.1,4,0.336,0,121.2
KAG-NER-00516,Assam,26.6724,92.1023,Sedimentary Shale,3.44,12.96,1023.8,38.7,0.14,19.6,1,0.192,0,152.3
KAG-NER-00517,Arunachal Pradesh,28.1623,92.5516,Clayey Loam,2.23,74.95,1556.6,27.9,0.13,19.2,0,0.197,0,160.5
KAG-NER-00518,Mizoram,23.7588,92.5593,Rocky Phyllite,17.82,77.65,2654.5,42.7,0.689,15.4,3,0.432,1,206.3
KAG-NER-00519,Sikkim,27.5996,88.7989,Sedimentary Shale,23.68,90.23,470.0,25.4,0.722,11.4,4,0.379,0,146.8
KAG-NER-00520,Assam,25.9775,94.3997,Sedimentary Shale,35.7,128.19,85.3,37.6,0.423,14.4,2,0.406,1,137.6
KAG-NER-00521,Nagaland,26.231,93.5907,Alluvial Sandy Silt,0.25,16.95,289.1,22.3,0.615,16.6,4,0.206,0,116.2
KAG-NER-00522,Arunachal Pradesh,27.5841,92.2239,Weathered Gneiss,173.96,533.56,1338.6,23.4,0.45,21.5,4,1.089,2,344.5
KAG-NER-00523,Sikkim,27.5902,88.7071,Alluvial Sandy Silt,17.19,39.69,2002.9,40.0,0.541,4.4,3,0.39,1,150.2
KAG-NER-00524,Mizoram,22.9587,92.8568,Alluvial Sandy Silt,71.61,227.74,1659.7,10.3,0.389,8.3,3,0.443,1,171.0
KAG-NER-00525,Mizoram,24.0219,93.3298,Clayey Loam,29.09,133.73,1426.1,28.6,0.457,17.6,3,0.413,1,191.8
KAG-NER-00526,Meghalaya,25.5622,92.6707,Sedimentary Shale,5.31,12.02,1042.8,35.1,0.587,10.2,3,0.32,0,121.3
KAG-NER-00527,Arunachal Pradesh,27.7571,93.2739,Sedimentary Shale,60.7,209.55,923.1,36.0,0.238,15.4,0,0.483,1,182.0
KAG-NER-00528,Arunachal Pradesh,28.2571,93.7184,Clayey Loam,47.02,207.97,1103.5,29.7,0.285,4.7,2,0.387,1,128.2
KAG-NER-00529,Assam,26.4607,92.7064,Weathered Gneiss,28.48,96.82,1743.6,23.9,0.058,16.2,1,0.246,0,164.8
KAG-NER-00530,Mizoram,24.0702,93.2151,Rocky Phyllite,27.46,93.08,536.3,16.4,0.456,15.5,1,0.297,0,147.9
KAG-NER-00531,Mizoram,23.4053,92.6666,Weathered Gneiss,3.48,12.92,2178.1,42.4,0.608,13.7,1,0.346,0,185.4
KAG-NER-00532,Sikkim,27.4443,88.5582,Weathered Gneiss,40.53,131.19,1644.7,20.8,0.144,17.3,0,0.248,0,153.8
KAG-NER-00533,Sikkim,27.2668,88.7352,Alluvial Sandy Silt,92.03,238.12,812.1,38.0,0.39,19.6,3,0.752,2,231.8
KAG-NER-00534,Meghalaya,25.5378,91.0685,Sedimentary Shale,3.72,10.28,1443.1,7.3,0.631,18.6,2,0.275,0,166.8
KAG-NER-00535,Manipur,24.1495,93.3822,Sedimentary Shale,11.62,48.01,2698.8,15.3,0.335,4.6,3,0.223,0,129.4
KAG-NER-00536,Sikkim,27.7645,88.3441,Rocky Phyllite,88.39,278.26,135.7,19.8,0.076,16.9,0,0.52,1,166.2
KAG-NER-00537,Mizoram,23.0533,92.8067,Sedimentary Shale,12.71,49.41,622.7,32.9,0.369,11.0,4,0.28,0,113.0
KAG-NER-00538,Assam,26.2299,90.6582,Sedimentary Shale,40.32,116.39,1299.6,18.8,0.313,8.7,3,0.357,0,139.2
KAG-NER-00539,Meghalaya,25.3908,91.6147,Weathered Gneiss,29.08,68.44,1816.6,7.7,0.182,19.6,0,0.187,0,160.1
KAG-NER-00540,Assam,26.5724,92.1045,Alluvial Sandy Silt,34.47,119.51,657.3,13.0,0.561,13.2,4,0.393,1,144.1
KAG-NER-00541,Sikkim,27.4131,88.8724,Sedimentary Shale,20.42,79.91,2613.4,16.4,0.25,12.0,1,0.273,0,164.6
KAG-NER-00542,Nagaland,25.9283,93.7873,Weathered Gneiss,13.55,51.54,1827.8,13.0,0.679,17.7,4,0.235,0,160.0
KAG-NER-00543,Assam,26.1409,92.5599,Weathered Gneiss,1.89,29.73,2466.6,14.1,0.363,13.1,2,0.141,0,142.4
KAG-NER-00544,Nagaland,26.4633,93.709,Clayey Loam,51.82,114.6,975.7,36.8,0.515,19.2,1,0.528,1,195.0
KAG-NER-00545,Nagaland,26.393,93.4317,Clayey Loam,52.09,146.66,2334.8,22.5,0.476,4.1,6,0.462,1,160.1
KAG-NER-00546,Arunachal Pradesh,27.5703,94.9914,Rocky Phyllite,42.21,133.62,1108.8,22.2,0.097,17.5,0,0.28,0,163.4
KAG-NER-00547,Assam,26.2742,93.0368,Clayey Loam,39.21,126.63,767.5,44.7,0.225,5.3,1,0.432,1,127.9
KAG-NER-00548,Nagaland,25.687,94.513,Clayey Loam,10.61,75.16,2559.7,23.9,0.358,6.5,0,0.263,0,145.5
KAG-NER-00549,Meghalaya,25.1471,92.4166,Clayey Loam,0.86,34.13,330.8,43.1,0.224,5.6,1,0.285,0,83.8
KAG-NER-00550,Manipur,24.2775,94.399,Sedimentary Shale,62.85,223.2,2644.7,18.0,0.437,6.8,2,0.48,1,195.3
KAG-NER-00551,Meghalaya,25.4173,92.079,Weathered Gneiss,25.67,75.66,1327.2,22.0,0.445,16.6,8,0.349,0,176.6
KAG-NER-00552,Mizoram,23.2788,93.2965,Alluvial Sandy Silt,13.93,38.4,2779.9,21.9,0.267,15.1,1,0.228,0,173.3
KAG-NER-00553,Meghalaya,25.214,90.6642,Rocky Phyllite,4.09,58.03,1547.7,27.8,0.485,6.6,4,0.29,0,120.1
KAG-NER-00554,Meghalaya,25.5437,90.413,Alluvial Sandy Silt,2.46,55.74,2140.4,29.4,0.257,7.4,4,0.214,0,114.8
KAG-NER-00555,Mizoram,23.094,93.3381,Sedimentary Shale,16.3,42.61,99.2,15.9,0.554,4.0,2,0.266,0,97.2
KAG-NER-00556,Arunachal Pradesh,28.4624,93.1932,Rocky Phyllite,62.07,223.58,1430.9,37.7,0.644,10.3,6,0.621,1,195.3
KAG-NER-00557,Assam,27.0926,92.9517,Clayey Loam,95.38,246.33,2085.9,25.9,0.295,9.6,1,0.568,1,188.7
KAG-NER-00558,Assam,26.1776,93.6608,Alluvial Sandy Silt,86.28,258.29,2209.3,6.3,0.402,4.9,2,0.452,1,159.3
KAG-NER-00559,Manipur,24.9225,94.5826,Clayey Loam,95.98,217.89,509.9,29.7,0.42,18.7,3,0.663,1,219.7
KAG-NER-00560,Nagaland,25.7711,94.4081,Alluvial Sandy Silt,90.55,203.22,1219.6,37.9,0.464,19.1,3,0.71,1,232.3
KAG-NER-00561,Manipur,24.0728,93.1818,Sedimentary Shale,28.47,90.92,1219.9,16.0,0.454,4.2,3,0.312,0,108.5
KAG-NER-00562,Assam,25.8055,94.9976,Sedimentary Shale,9.41,19.33,361.9,7.5,0.174,7.3,0,0.165,0,66.2
KAG-NER-00563,Assam,26.9232,94.0403,Rocky Phyllite,60.79,170.51,1285.1,38.3,0.12,16.7,1,0.488,1,204.8
KAG-NER-00564,Assam,26.5136,91.8503,Sedimentary Shale,9.14,36.51,2275.3,45.1,0.956,19.4,10,0.408,1,208.8
KAG-NER-00565,Arunachal Pradesh,27.142,92.781,Clayey Loam,11.81,41.61,896.5,9.1,0.443,3.4,3,0.203,0,71.1
KAG-NER-00566,Nagaland,25.9264,94.5345,Weathered Gneiss,10.09,42.81,1256.6,43.5,0.413,20.0,2,0.341,0,169.3
KAG-NER-00567,Arunachal Pradesh,27.7635,91.8487,Rocky Phyllite,27.5,86.75,2693.8,20.4,0.428,3.2,3,0.333,0,140.9
KAG-NER-00568,Meghalaya,25.1162,90.4661,Alluvial Sandy Silt,14.76,47.51,166.2,43.7,0.468,14.7,3,0.443,1,152.9
KAG-NER-00569,Tripura,23.6926,92.2198,Alluvial Sandy Silt,6.36,25.22,1688.9,32.0,0.144,2.4,0,0.201,0,88.9
KAG-NER-00570,Arunachal Pradesh,27.9198,95.1082,Sedimentary Shale,22.94,82.06,2102.1,41.6,0.34,20.6,1,0.404,1,206.1
KAG-NER-00571,Meghalaya,25.5197,91.1403,Sedimentary Shale,78.69,251.65,2149.6,37.4,0.293,9.1,4,0.644,1,209.1
KAG-NER-00572,Manipur,24.1518,94.4015,Clayey Loam,32.12,89.45,2027.4,7.1,0.11,15.0,2,0.251,0,146.6
KAG-NER-00573,Arunachal Pradesh,28.1531,92.2565,Sedimentary Shale,80.05,150.95,2055.9,8.6,0.602,5.7,0,0.497,1,164.9
KAG-NER-00574,Nagaland,26.1172,94.1311,Alluvial Sandy Silt,8.28,31.48,240.5,27.0,0.63,8.4,6,0.258,0,90.5
KAG-NER-00575,Mizoram,23.7376,93.3408,Alluvial Sandy Silt,6.94,23.43,1532.9,11.2,0.523,16.9,4,0.149,0,125.3
KAG-NER-00576,Sikkim,27.5058,88.5322,Clayey Loam,32.57,92.9,2209.7,24.4,0.39,21.5,1,0.373,0,197.2
KAG-NER-00577,Assam,25.8705,90.7831,Sedimentary Shale,23.65,78.97,335.9,44.2,0.152,21.8,1,0.348,0,159.3
KAG-NER-00578,Tripura,23.4248,91.139,Weathered Gneiss,41.01,119.47,112.8,17.8,0.703,18.2,5,0.371,0,157.4
KAG-NER-00579,Meghalaya,25.769,92.0807,Alluvial Sandy Silt,60.15,176.45,2295.6,25.6,0.126,18.9,1,0.467,1,218.2
KAG-NER-00580,Arunachal Pradesh,27.1177,95.2624,Sedimentary Shale,52.88,294.16,2017.4,21.4,0.287,21.4,1,0.483,1,199.7
KAG-NER-00581,Meghalaya,25.2393,90.9831,Alluvial Sandy Silt,108.37,340.29,1201.2,31.2,0.747,2.8,8,0.866,2,221.2
KAG-NER-00582,Sikkim,27.2743,88.3978,Weathered Gneiss,19.3,79.56,2637.9,13.8,0.37,5.4,3,0.227,0,127.1
KAG-NER-00583,Meghalaya,25.3292,91.4713,Sedimentary Shale,8.78,23.32,2165.1,16.4,0.205,3.1,1,0.13,0,106.9
KAG-NER-00584,Arunachal Pradesh,27.5519,95.9396,Weathered Gneiss,30.42,90.03,2712.6,40.4,0.585,12.0,5,0.452,1,207.2
KAG-NER-00585,Nagaland,25.4783,93.6133,Sedimentary Shale,4.46,33.92,2607.7,38.5,0.905,21.2,3,0.438,1,226.4
KAG-NER-00586,Assam,25.874,93.3163,Clayey Loam,12.95,92.92,1389.1,37.6,0.43,13.6,4,0.382,1,162.8
KAG-NER-00587,Assam,25.8763,94.264,Weathered Gneiss,8.86,23.49,2132.8,36.8,0.754,13.1,5,0.448,1,182.1
KAG-NER-00588,Assam,26.5167,92.8715,Sedimentary Shale,19.19,54.39,1900.2,24.4,0.466,18.5,4,0.306,0,183.8
KAG-NER-00589,Assam,26.5862,91.2687,Sedimentary Shale,4.48,16.33,2287.1,35.2,0.551,20.6,3,0.301,0,206.5
KAG-NER-00590,Assam,26.0768,91.9347,Alluvial Sandy Silt,1.23,14.74,2222.5,21.5,0.455,16.0,2,0.272,0,164.3
KAG-NER-00591,Assam,26.6309,91.4455,Clayey Loam,40.64,161.33,496.8,10.0,0.897,19.9,5,0.463,1,177.8
KAG-NER-00592,Nagaland,25.5629,94.8552,Sedimentary Shale,35.81,147.23,715.8,21.7,0.043,5.5,0,0.289,0,118.3
KAG-NER-00593,Assam,25.8308,94.1121,Sedimentary Shale,46.82,149.27,802.8,12.3,0.602,12.1,2,0.408,1,151.2
KAG-NER-00594,Arunachal Pradesh,28.1609,92.8375,Rocky Phyllite,41.04,135.37,2306.3,21.6,0.055,9.3,0,0.32,0,144.9
KAG-NER-00595,Tripura,23.3628,91.2748,Weathered Gneiss,4.61,56.23,2285.2,17.9,0.434,8.7,2,0.219,0,124.1
KAG-NER-00596,Meghalaya,25.7277,91.8713,Sedimentary Shale,13.07,40.4,1427.3,30.0,0.374,6.3,1,0.291,0,135.0
KAG-NER-00597,Nagaland,26.4958,94.8062,Sedimentary Shale,5.27,16.47,1659.9,20.5,0.437,19.9,2,0.162,0,154.7
KAG-NER-00598,Assam,26.7687,91.2013,Weathered Gneiss,70.35,222.32,2329.2,34.2,0.24,11.0,3,0.528,1,194.7
KAG-NER-00599,Assam,26.1408,94.2899,Clayey Loam,52.21,181.87,930.3,26.5,0.579,12.6,4,0.517,1,178.8
KAG-NER-00600,Assam,26.093,90.8264,Weathered Gneiss,8.55,29.89,216.5,42.8,0.205,7.5,0,0.275,0,89.4
KAG-NER-00601,Assam,26.7846,92.3114,Sedimentary Shale,15.87,53.13,1392.7,9.6,0.299,21.3,1,0.147,0,131.8
KAG-NER-00602,Arunachal Pradesh,28.3721,94.4261,Weathered Gneiss,129.19,318.43,2565.3,33.5,0.216,14.2,2,0.738,2,257.1
KAG-NER-00603,Assam,25.9266,94.7654,Weathered Gneiss,34.27,135.09,2230.1,32.9,0.673,2.0,0,0.457,1,155.0
KAG-NER-00604,Assam,26.162,92.0175,Alluvial Sandy Silt,61.38,184.81,1077.2,44.0,0.226,7.4,1,0.488,1,142.3
KAG-NER-00605,Assam,26.3632,90.7305,Weathered Gneiss,11.68,56.94,256.2,20.9,0.911,22.0,12,0.303,0,144.2
KAG-NER-00606,Meghalaya,25.5469,90.5206,Rocky Phyllite,8.96,58.87,1812.4,18.2,0.281,21.5,1,0.227,0,164.3
KAG-NER-00607,Assam,26.3614,92.0782,Alluvial Sandy Silt,58.22,162.04,2349.8,12.9,0.314,12.9,3,0.382,1,181.1
KAG-NER-00608,Arunachal Pradesh,28.1365,95.1143,Alluvial Sandy Silt,44.0,108.84,1888.7,16.6,0.576,13.3,2,0.391,1,176.7
KAG-NER-00609,Meghalaya,25.2381,91.153,Weathered Gneiss,43.41,169.03,1236.2,26.1,0.549,20.0,3,0.45,1,185.3
KAG-NER-00610,Nagaland,25.9227,93.6271,Weathered Gneiss,30.57,117.37,415.5,39.5,0.689,16.2,3,0.43,1,156.4
KAG-NER-00611,Assam,26.9178,93.6825,Alluvial Sandy Silt,31.51,81.63,2557.3,17.4,0.676,20.6,7,0.319,0,199.4
KAG-NER-00612,Manipur,24.2665,93.5868,Weathered Gneiss,50.57,139.69,830.6,12.3,0.214,11.6,1,0.309,0,116.8
KAG-NER-00613,Nagaland,25.5481,94.3423,Alluvial Sandy Silt,11.96,53.17,690.1,16.9,0.488,21.5,0,0.265,0,156.9
KAG-NER-00614,Assam,25.9699,94.9367,Sedimentary Shale,16.53,46.89,2299.5,10.0,0.517,12.8,2,0.156,0,143.0
KAG-NER-00615,Mizoram,23.971,92.7293,Weathered Gneiss,78.01,197.88,2748.9,43.1,0.151,14.9,2,0.477,1,219.1
KAG-NER-00616,Tripura,23.8943,92.1936,Alluvial Sandy Silt,14.04,42.1,1875.6,40.9,0.312,3.7,3,0.388,1,129.5
KAG-NER-00617,Assam,26.5757,91.2852,Alluvial Sandy Silt,30.03,70.69,1779.5,18.3,0.182,14.2,1,0.273,0,159.0
KAG-NER-00618,Arunachal Pradesh,27.5059,95.2942,Alluvial Sandy Silt,46.09,158.07,948.9,15.9,0.429,17.4,1,0.351,0,161.2
KAG-NER-00619,Mizoram,23.7663,93.0158,Alluvial Sandy Silt,320.0,750.0,135.5,42.2,0.105,10.8,1,1.25,2,299.2
KAG-NER-00620,Manipur,25.2136,94.4304,Weathered Gneiss,21.71,84.36,601.7,6.1,0.17,12.0,1,0.158,0,102.5
KAG-NER-00621,Assam,27.0877,90.9268,Clayey Loam,21.23,94.63,1669.7,30.0,0.49,9.9,1,0.377,0,158.3
KAG-NER-00622,Assam,26.5618,93.8323,Sedimentary Shale,70.26,243.24,491.6,42.6,0.241,21.4,0,0.579,1,207.5
KAG-NER-00623,Arunachal Pradesh,28.1111,94.2302,Sedimentary Shale,62.22,186.28,2484.0,26.3,0.137,11.5,2,0.391,1,190.2
KAG-NER-00624,Meghalaya,25.2501,92.2733,Sedimentary Shale,49.91,155.89,591.8,6.1,0.56,4.5,7,0.39,1,106.3
KAG-NER-00625,Nagaland,26.4082,93.5292,Alluvial Sandy Silt,23.64,62.0,1500.1,14.8,0.514,2.6,3,0.349,0,110.4
KAG-NER-00626,Arunachal Pradesh,27.6421,92.2829,Sedimentary Shale,14.88,30.96,1472.7,42.9,0.487,17.4,0,0.39,1,203.2
KAG-NER-00627,Meghalaya,25.4037,90.247,Sedimentary Shale,35.66,151.83,1722.7,6.7,0.312,13.0,4,0.29,0,136.2
KAG-NER-00628,Manipur,24.5605,93.8798,Weathered Gneiss,79.39,277.23,970.6,21.8,0.405,2.1,4,0.565,1,138.5
KAG-NER-00629,Assam,26.6674,93.4857,Alluvial Sandy Silt,81.79,305.78,2456.0,37.6,0.182,9.7,1,0.602,1,221.6
KAG-NER-00630,Arunachal Pradesh,28.2381,92.4696,Alluvial Sandy Silt,4.36,41.23,1288.5,39.5,0.622,20.3,2,0.345,0,166.0
KAG-NER-00631,Manipur,24.1687,94.3625,Alluvial Sandy Silt,21.25,70.71,1984.4,25.1,0.649,21.0,4,0.371,0,207.5
KAG-NER-00632,Tripura,23.3879,92.2697,Rocky Phyllite,23.75,84.47,1809.7,15.3,0.415,3.1,3,0.323,0,134.0
KAG-NER-00633,Meghalaya,25.8583,91.5023,Clayey Loam,144.38,467.88,398.7,30.0,0.641,4.5,2,0.998,2,237.3
KAG-NER-00634,Meghalaya,25.9833,90.4532,Sedimentary Shale,43.06,131.02,1773.6,16.6,0.179,2.1,2,0.319,0,119.8
KAG-NER-00635,Assam,26.2243,93.372,Clayey Loam,19.87,57.25,1577.9,16.2,0.941,19.4,5,0.364,0,176.3
KAG-NER-00636,Meghalaya,25.415,92.6138,Alluvial Sandy Silt,1.0,90.92,2524.2,38.3,0.421,3.4,2,0.345,0,138.1
KAG-NER-00637,Meghalaya,25.1591,91.6285,Sedimentary Shale,31.67,143.08,2476.0,12.2,0.315,4.2,3,0.323,0,152.9
KAG-NER-00638,Assam,26.6272,93.4373,Sedimentary Shale,3.84,60.55,490.6,6.2,0.36,6.6,2,0.157,0,61.3
KAG-NER-00639,Arunachal Pradesh,27.3091,93.1405,Clayey Loam,68.34,218.57,302.2,19.5,0.675,20.3,4,0.551,1,203.1
KAG-NER-00640,Arunachal Pradesh,28.2499,92.3772,Weathered Gneiss,53.06,106.76,881.3,25.6,0.688,15.8,6,0.431,1,157.2
KAG-NER-00641,Assam,26.9576,93.0319,Alluvial Sandy Silt,23.45,56.7,2763.6,34.2,0.448,14.3,2,0.32,0,184.5
KAG-NER-00642,Arunachal Pradesh,28.1195,94.7112,Weathered Gneiss,21.31,57.04,138.7,37.2,0.3,17.7,4,0.309,0,132.5
KAG-NER-00643,Assam,26.0905,93.0597,Rocky Phyllite,86.5,175.67,1910.3,32.5,0.24,15.9,0,0.548,1,211.7
KAG-NER-00644,Arunachal Pradesh,28.2884,93.4445,Alluvial Sandy Silt,12.93,48.34,1735.2,31.1,0.607,16.9,2,0.329,0,184.4
KAG-NER-00645,Assam,27.1532,92.535,Rocky Phyllite,10.88,38.24,1838.7,32.6,0.607,3.5,2,0.44,1,144.3
KAG-NER-00646,Tripura,23.3713,91.5673,Sedimentary Shale,106.4,385.53,673.7,16.9,0.569,13.8,6,0.737,2,224.9
KAG-NER-00647,Nagaland,26.7324,93.8796,Alluvial Sandy Silt,62.96,181.55,696.7,21.3,0.539,17.1,3,0.554,1,188.2
KAG-NER-00648,Nagaland,26.6153,94.7219,Alluvial Sandy Silt,65.29,152.66,1251.3,30.7,0.326,13.3,0,0.539,1,192.0
KAG-NER-00649,Manipur,24.4903,93.1332,Sedimentary Shale,8.25,57.16,340.7,8.6,0.344,2.2,5,0.189,0,62.4
KAG-NER-00650,Meghalaya,25.7521,91.0099,Weathered Gneiss,5.88,31.58,282.9,17.8,0.69,6.2,7,0.262,0,79.4
KAG-NER-00651,Assam,26.8961,92.4919,Sedimentary Shale,1.0,16.08,320.3,22.3,0.514,21.3,1,0.192,0,121.2
KAG-NER-00652,Meghalaya,25.5367,92.2226,Rocky Phyllite,10.28,62.93,1638.5,27.3,0.584,16.1,7,0.298,0,160.6
KAG-NER-00653,Nagaland,25.9353,94.0647,Weathered Gneiss,56.55,137.81,1161.9,25.5,0.447,15.8,2,0.481,1,182.5
KAG-NER-00654,Manipur,24.5267,93.5877,Weathered Gneiss,10.43,69.36,878.6,34.7,0.525,15.2,3,0.363,0,160.5
KAG-NER-00655,Meghalaya,25.5734,92.3029,Alluvial Sandy Silt,49.63,170.98,939.0,24.9,0.796,4.6,4,0.496,1,128.5
KAG-NER-00656,Assam,26.3065,92.8591,Alluvial Sandy Silt,11.03,79.96,643.8,42.2,0.229,2.1,1,0.331,0,90.0
KAG-NER-00657,Arunachal Pradesh,27.9732,92.7125,Weathered Gneiss,19.11,153.02,1199.3,21.2,0.168,10.8,1,0.307,0,139.0
KAG-NER-00658,Arunachal Pradesh,27.344,95.7004,Rocky Phyllite,155.2,416.3,632.3,27.0,0.492,10.9,2,0.894,2,233.0
KAG-NER-00659,Nagaland,26.4129,94.2658,Clayey Loam,10.67,25.61,1978.7,6.1,0.534,18.2,4,0.171,0,142.1
KAG-NER-00660,Meghalaya,25.6829,90.2762,Weathered Gneiss,17.94,41.13,417.1,18.4,0.554,5.6,7,0.272,0,96.0
KAG-NER-00661,Arunachal Pradesh,27.889,93.7928,Alluvial Sandy Silt,13.61,49.1,2659.2,40.7,0.526,7.5,4,0.279,0,157.3
KAG-NER-00662,Sikkim,27.482,88.3875,Alluvial Sandy Silt,4.41,14.15,324.3,19.3,0.513,3.6,2,0.22,0,65.9
KAG-NER-00663,Nagaland,25.5141,93.69,Sedimentary Shale,25.58,92.05,2646.2,16.1,0.443,10.0,2,0.252,0,161.9
KAG-NER-00664,Assam,27.131,92.3391,Clayey Loam,18.09,49.27,2346.6,27.7,0.647,7.1,5,0.36,0,152.9
KAG-NER-00665,Assam,26.4534,90.7372,Clayey Loam,45.11,232.91,1931.5,9.1,0.681,7.3,4,0.459,1,165.0
KAG-NER-00666,Assam,25.8526,93.7273,Clayey Loam,64.66,230.86,2561.5,27.3,0.347,7.1,1,0.551,1,194.4
KAG-NER-00667,Assam,26.5533,92.7892,Sedimentary Shale,29.86,99.98,458.7,18.1,0.708,6.6,4,0.404,1,130.8
KAG-NER-00668,Assam,26.1404,93.8514,Sedimentary Shale,1.24,17.37,559.6,21.3,0.251,8.4,3,0.241,0,99.0
KAG-NER-00669,Assam,26.0355,91.3547,Sedimentary Shale,36.66,116.42,765.9,37.7,0.398,12.7,2,0.357,0,148.7
KAG-NER-00670,Arunachal Pradesh,27.6371,92.7883,Sedimentary Shale,2.17,20.13,745.9,32.5,0.381,10.8,4,0.253,0,111.3
KAG-NER-00671,Assam,26.1464,93.4036,Rocky Phyllite,36.41,86.94,925.5,23.8,0.177,3.3,1,0.22,0,88.8
KAG-NER-00672,Tripura,23.9812,92.0894,Clayey Loam,43.9,107.89,1645.7,29.1,0.255,10.5,0,0.396,1,152.5
KAG-NER-00673,Assam,26.3848,90.8289,Sedimentary Shale,8.37,48.54,156.6,36.7,0.629,18.9,1,0.357,0,159.4
KAG-NER-00674,Meghalaya,25.3463,92.748,Alluvial Sandy Silt,65.02,161.61,1119.8,35.8,0.564,4.0,1,0.54,1,151.3
KAG-NER-00675,Arunachal Pradesh,27.854,94.6938,Sedimentary Shale,91.96,324.74,750.2,13.4,0.273,20.9,2,0.579,1,223.7
KAG-NER-00676,Sikkim,27.1052,88.5146,Sedimentary Shale,63.73,167.29,1730.0,18.0,0.606,8.2,3,0.437,1,162.2
KAG-NER-00677,Assam,25.8525,93.0615,Sedimentary Shale,13.83,38.79,2759.7,19.9,0.184,2.3,1,0.27,0,133.1
KAG-NER-00678,Arunachal Pradesh,28.3732,95.8579,Weathered Gneiss,33.57,68.23,1488.0,13.5,0.61,7.1,1,0.307,0,146.7
KAG-NER-00679,Sikkim,27.4784,88.4666,Sedimentary Shale,93.59,255.81,1237.9,6.5,0.554,3.4,4,0.547,1,161.4
KAG-NER-00680,Mizoram,24.2175,93.041,Weathered Gneiss,14.69,111.11,1081.6,13.0,0.718,13.3,2,0.317,0,145.5
KAG-NER-00681,Mizoram,22.8973,92.8123,Alluvial Sandy Silt,65.17,158.74,2215.1,38.3,0.572,8.3,3,0.608,1,196.6
KAG-NER-00682,Arunachal Pradesh,27.2844,93.6141,Sedimentary Shale,0.36,7.5,275.8,27.8,0.352,18.1,4,0.168,0,109.2
KAG-NER-00683,Assam,26.4377,93.1197,Weathered Gneiss,0.14,4.1,2690.6,19.7,0.461,16.7,4,0.227,0,180.6
KAG-NER-00684,Nagaland,25.8995,93.6464,Clayey Loam,54.18,152.12,1216.7,30.3,0.114,11.4,1,0.389,1,150.9
KAG-NER-00685,Tripura,23.8045,92.0962,Sedimentary Shale,54.46,130.73,933.3,35.6,0.391,13.2,1,0.456,1,165.1
KAG-NER-00686,Meghalaya,25.6976,91.0798,Clayey Loam,59.12,168.02,2729.5,20.2,0.351,14.2,3,0.464,1,202.6
KAG-NER-00687,Meghalaya,25.942,92.5717,Weathered Gneiss,101.07,287.67,2625.6,24.6,0.623,7.4,3,0.678,1,228.6
KAG-NER-00688,Arunachal Pradesh,27.235,91.6774,Weathered Gneiss,4.77,18.01,1826.1,8.6,0.331,4.8,2,0.158,0,100.2
KAG-NER-00689,Manipur,25.0378,94.3242,Sedimentary Shale,10.03,32.53,130.3,29.9,0.589,9.5,3,0.339,0,119.3
KAG-NER-00690,Assam,27.155,94.5043,Alluvial Sandy Silt,88.94,248.02,2116.0,20.3,0.483,3.9,3,0.569,1,190.5
KAG-NER-00691,Arunachal Pradesh,27.8609,93.8852,Alluvial Sandy Silt,7.41,59.86,992.7,23.3,0.474,8.3,1,0.281,0,120.7
KAG-NER-00692,Arunachal Pradesh,26.9445,92.61,Sedimentary Shale,43.56,159.62,1136.1,22.9,0.873,13.1,6,0.486,1,166.8
KAG-NER-00693,Meghalaya,25.5137,91.8341,Weathered Gneiss,28.73,164.17,511.8,31.3,0.584,12.8,5,0.457,1,144.0
KAG-NER-00694,Assam,26.5802,93.8419,Alluvial Sandy Silt,3.3,26.54,1503.8,28.9,0.496,4.4,2,0.289,0,121.8
KAG-NER-00695,Assam,26.1917,93.0423,Weathered Gneiss,12.76,44.21,2105.2,22.9,0.081,2.2,0,0.154,0,96.3
KAG-NER-00696,Nagaland,25.5234,94.0205,Sedimentary Shale,27.92,71.88,822.6,6.7,0.229,3.8,1,0.213,0,98.2
KAG-NER-00697,Arunachal Pradesh,28.1003,94.6203,Weathered Gneiss,72.69,189.6,2633.4,30.8,0.312,2.7,0,0.534,1,181.5
KAG-NER-00698,Nagaland,26.7869,93.8168,Sedimentary Shale,46.72,150.59,609.7,41.2,0.311,10.0,2,0.425,1,128.4
KAG-NER-00699,Assam,26.4975,91.9829,Weathered Gneiss,36.96,144.9,260.2,36.8,0.5,9.8,3,0.444,1,127.2
KAG-NER-00700,Meghalaya,25.4965,92.4281,Alluvial Sandy Silt,26.04,103.94,1832.7,45.3,0.199,6.8,0,0.373,0,141.9
KAG-NER-00701,Meghalaya,25.7158,92.4943,Weathered Gneiss,13.48,71.76,2390.1,11.6,0.716,6.3,2,0.266,0,151.8
KAG-NER-00702,Assam,26.0849,94.4301,Alluvial Sandy Silt,4.83,12.2,2672.5,14.9,0.282,9.9,1,0.113,0,137.3
KAG-NER-00703,Arunachal Pradesh,26.9956,95.4987,Clayey Loam,19.99,84.69,2166.7,27.6,0.363,3.7,5,0.355,0,136.3
KAG-NER-00704,Assam,26.2607,91.9156,Rocky Phyllite,1.1,20.31,623.0,15.4,0.343,6.3,3,0.205,0,85.8
KAG-NER-00705,Assam,26.5169,94.7331,Sedimentary Shale,9.01,38.06,2739.2,7.4,0.381,10.1,2,0.13,0,122.5
KAG-NER-00706,Sikkim,27.1334,88.3818,Alluvial Sandy Silt,21.53,89.51,2580.9,22.1,0.349,3.9,1,0.248,0,118.8
KAG-NER-00707,Arunachal Pradesh,28.2705,93.2822,Alluvial Sandy Silt,20.61,83.5,523.8,17.5,0.768,18.8,1,0.348,0,166.4
KAG-NER-00708,Mizoram,23.0987,92.7673,Clayey Loam,1.72,7.9,1599.9,16.6,0.583,15.5,3,0.262,0,160.4
KAG-NER-00709,Arunachal Pradesh,27.5169,95.6194,Clayey Loam,33.79,101.43,1591.0,44.1,0.432,9.7,5,0.545,1,183.0
KAG-NER-00710,Nagaland,26.4667,94.1577,Clayey Loam,30.32,107.25,1283.7,15.5,0.434,5.0,3,0.285,0,127.1
KAG-NER-00711,Manipur,25.3837,93.7444,Alluvial Sandy Silt,3.09,17.78,2757.2,11.2,0.136,5.9,1,0.012,0,99.6
KAG-NER-00712,Nagaland,25.4815,93.7934,Sedimentary Shale,108.97,242.78,242.2,11.0,0.39,4.4,2,0.501,1,130.1
KAG-NER-00713,Meghalaya,25.4925,90.6079,Sedimentary Shale,3.98,13.76,1786.0,38.3,0.23,5.2,1,0.185,0,106.9
KAG-NER-00714,Arunachal Pradesh,28.4161,94.9508,Alluvial Sandy Silt,73.34,196.47,638.4,34.6,0.294,10.5,2,0.56,1,161.5
KAG-NER-00715,Arunachal Pradesh,27.3293,94.1586,Sedimentary Shale,0.01,10.3,1514.3,11.2,0.912,6.9,5,0.25,0,125.2
KAG-NER-00716,Tripura,24.0657,92.2295,Sedimentary Shale,81.3,292.56,2200.9,14.8,0.668,19.7,3,0.615,1,255.7
KAG-NER-00717,Mizoram,24.1225,92.8667,Rocky Phyllite,0.76,6.57,751.1,35.9,0.6,21.2,6,0.351,0,173.5
KAG-NER-00718,Sikkim,27.6423,88.5497,Rocky Phyllite,53.89,143.74,1149.9,17.0,0.162,15.8,1,0.411,1,163.4
KAG-NER-00719,Assam,26.5738,91.0163,Sedimentary Shale,17.06,60.88,2666.1,45.3,0.122,18.2,2,0.368,0,214.6
KAG-NER-00720,Manipur,24.1766,93.8473,Clayey Loam,50.93,163.83,2151.2,27.6,0.274,7.1,3,0.458,1,157.6
KAG-NER-00721,Tripura,23.5226,91.1252,Rocky Phyllite,19.52,62.57,1637.8,13.7,0.14,15.3,1,0.128,0,121.2
KAG-NER-00722,Assam,26.812,90.6462,Weathered Gneiss,2.79,11.37,683.8,40.4,0.581,3.2,3,0.312,0,102.4
KAG-NER-00723,Assam,26.6334,92.9264,Weathered Gneiss,55.44,189.94,1236.8,18.8,0.587,21.2,4,0.532,1,213.3
KAG-NER-00724,Manipur,25.3563,93.7747,Rocky Phyllite,2.81,115.04,2185.4,17.6,0.775,15.4,4,0.31,0,166.4
KAG-NER-00725,Meghalaya,25.1572,91.6344,Sedimentary Shale,97.0,199.14,2311.9,19.1,0.489,8.3,3,0.606,1,219.1
KAG-NER-00726,Mizoram,24.0616,93.3965,Clayey Loam,1.99,9.65,745.3,36.7,0.331,17.5,1,0.266,0,150.9
KAG-NER-00727,Assam,26.4025,91.9413,Sedimentary Shale,24.8,81.48,1880.8,12.9,0.314,2.3,0,0.275,0,122.5
KAG-NER-00728,Manipur,25.2693,93.306,Alluvial Sandy Silt,48.79,109.97,338.4,21.3,0.512,9.5,0,0.366,0,126.0
KAG-NER-00729,Assam,26.6616,92.3257,Weathered Gneiss,18.99,67.02,143.1,7.2,0.622,19.9,1,0.283,0,140.9
KAG-NER-00730,Assam,25.8575,92.0628,Weathered Gneiss,9.31,59.33,1572.4,39.1,0.55,7.3,3,0.344,0,152.0
KAG-NER-00731,Assam,26.1713,93.5874,Clayey Loam,54.09,194.72,690.3,19.6,0.585,15.4,3,0.49,1,187.0
KAG-NER-00732,Mizoram,24.2232,92.5949,Sedimentary Shale,58.29,173.96,294.6,15.9,0.131,9.2,2,0.365,0,120.3
KAG-NER-00733,Nagaland,26.5361,93.483,Alluvial Sandy Silt,97.28,257.4,2065.1,29.2,0.58,9.8,4,0.72,2,251.5
KAG-NER-00734,Meghalaya,25.5843,90.3834,Clayey Loam,17.93,62.91,1434.5,34.2,0.846,16.9,4,0.46,1,190.9
KAG-NER-00735,Arunachal Pradesh,28.3945,94.9486,Rocky Phyllite,26.82,69.19,2245.9,38.5,0.546,20.2,5,0.343,0,202.4
KAG-NER-00736,Mizoram,23.7869,93.2063,Clayey Loam,17.15,53.6,1885.9,19.9,0.222,5.3,1,0.19,0,119.9
KAG-NER-00737,Arunachal Pradesh,27.936,95.8602,Weathered Gneiss,11.29,51.74,2065.1,38.5,0.358,7.5,1,0.302,0,144.9
KAG-NER-00738,Mizoram,23.8709,93.3171,Clayey Loam,52.84,101.8,916.0,24.6,0.077,11.8,1,0.362,0,141.2
KAG-NER-00739,Meghalaya,25.5654,90.5044,Weathered Gneiss,15.77,56.08,796.1,10.0,0.331,14.3,3,0.174,0,116.9
KAG-NER-00740,Arunachal Pradesh,27.7451,92.0709,Weathered Gneiss,21.24,87.54,1714.4,39.9,0.173,11.4,4,0.302,0,148.0
KAG-NER-00741,Meghalaya,25.6332,91.4545,Sedimentary Shale,19.64,65.45,624.2,27.9,0.166,18.1,0,0.211,0,113.9
KAG-NER-00742,Arunachal Pradesh,27.8961,91.5452,Sedimentary Shale,47.39,180.81,2297.9,30.1,0.302,17.4,1,0.48,1,224.2
KAG-NER-00743,Manipur,24.2728,93.7861,Sedimentary Shale,94.94,288.73,1502.3,43.5,0.223,10.1,2,0.607,1,191.8
KAG-NER-00744,Meghalaya,25.9555,91.1974,Weathered Gneiss,41.76,148.53,697.4,28.4,0.282,2.8,1,0.444,1,112.6
KAG-NER-00745,Assam,26.3941,93.7161,Weathered Gneiss,24.24,89.35,1780.5,6.2,0.509,5.9,3,0.202,0,120.4
KAG-NER-00746,Tripura,23.9246,91.4587,Sedimentary Shale,57.4,211.59,2650.5,40.8,0.726,11.7,3,0.616,1,232.7
KAG-NER-00747,Arunachal Pradesh,27.5573,92.4796,Sedimentary Shale,38.93,91.71,303.3,17.4,0.343,20.6,1,0.265,0,148.5
KAG-NER-00748,Meghalaya,25.9694,90.5396,Weathered Gneiss,2.38,40.27,377.4,26.1,0.724,13.4,4,0.273,0,119.2
KAG-NER-00749,Tripura,23.6462,91.131,Clayey Loam,3.82,88.93,2375.2,14.2,0.432,12.6,7,0.221,0,153.4
KAG-NER-00750,Nagaland,25.7105,94.5707,Weathered Gneiss,1.47,8.15,378.1,17.9,0.523,16.5,5,0.198,0,114.8
KAG-NER-00751,Assam,26.0816,90.8603,Alluvial Sandy Silt,23.19,124.58,187.1,33.5,0.409,5.0,2,0.33,0,90.2
KAG-NER-00752,Tripura,23.7693,91.112,Sedimentary Shale,66.42,196.96,1026.4,23.2,0.379,4.9,3,0.471,1,147.4
KAG-NER-00753,Nagaland,25.5187,94.6114,Weathered Gneiss,14.27,92.81,1349.4,31.1,0.642,8.9,3,0.388,1,149.3
KAG-NER-00754,Arunachal Pradesh,28.1344,95.6181,Alluvial Sandy Silt,18.42,59.31,1628.9,38.9,0.339,21.9,3,0.367,0,210.1
KAG-NER-00755,Assam,26.9963,93.5743,Sedimentary Shale,91.28,272.73,1459.9,19.6,0.681,19.5,4,0.56,1,203.0
KAG-NER-00756,Manipur,24.0733,94.2526,Rocky Phyllite,68.91,143.27,2563.9,28.7,0.231,15.6,2,0.434,1,216.4
KAG-NER-00757,Nagaland,26.5837,94.5986,Rocky Phyllite,41.56,160.41,2170.8,37.1,0.827,9.8,4,0.48,1,183.3
KAG-NER-00758,Meghalaya,25.5576,90.8055,Rocky Phyllite,11.79,63.09,2756.0,34.6,0.252,13.1,3,0.276,0,168.3
KAG-NER-00759,Tripura,24.2144,91.9726,Weathered Gneiss,4.73,25.07,1376.0,27.6,0.216,8.1,1,0.193,0,112.6
KAG-NER-00760,Manipur,25.3731,93.2491,Clayey Loam,0.62,6.33,309.4,21.3,0.424,15.5,2,0.223,0,109.7
KAG-NER-00761,Assam,26.1159,91.4531,Weathered Gneiss,4.3,47.64,2679.0,22.3,0.356,10.4,1,0.266,0,155.2
KAG-NER-00762,Arunachal Pradesh,28.1681,92.3411,Alluvial Sandy Silt,13.15,45.84,91.2,23.3,0.73,4.4,3,0.285,0,88.8
KAG-NER-00763,Assam,25.8933,94.9935,Rocky Phyllite,30.49,87.64,2191.0,20.0,0.266,6.3,3,0.299,0,135.3
KAG-NER-00764,Manipur,24.0347,94.3364,Sedimentary Shale,2.51,20.46,165.1,34.0,0.515,14.2,4,0.319,0,121.7
KAG-NER-00765,Assam,26.3115,94.2873,Sedimentary Shale,5.56,51.76,2150.5,11.0,0.683,15.9,1,0.212,0,151.1
KAG-NER-00766,Meghalaya,25.5992,92.5442,Sedimentary Shale,7.59,25.63,2631.2,44.7,0.283,3.9,3,0.347,0,152.8
KAG-NER-00767,Manipur,25.2967,93.0146,Clayey Loam,37.99,127.05,1138.8,37.2,0.1,18.2,0,0.391,1,167.0
KAG-NER-00768,Mizoram,22.9131,92.5754,Alluvial Sandy Silt,36.35,166.5,735.4,17.9,0.101,18.5,1,0.303,0,158.3
KAG-NER-00769,Arunachal Pradesh,27.9709,95.4972,Weathered Gneiss,30.41,96.57,695.5,7.7,0.539,16.5,6,0.292,0,159.0
KAG-NER-00770,Mizoram,23.4899,92.9677,Clayey Loam,10.96,31.54,1417.5,34.5,0.505,15.7,1,0.258,0,148.7
KAG-NER-00771,Assam,26.0639,94.1224,Clayey Loam,17.62,40.84,544.8,35.4,0.663,6.6,4,0.385,1,124.6
KAG-NER-00772,Mizoram,24.251,92.5955,Rocky Phyllite,3.86,57.69,1910.4,44.5,0.396,20.4,4,0.318,0,190.1
KAG-NER-00773,Assam,26.4928,90.8875,Sedimentary Shale,9.76,32.58,1081.9,16.1,0.394,7.4,2,0.207,0,94.2
KAG-NER-00774,Arunachal Pradesh,27.7946,93.7625,Weathered Gneiss,86.64,194.24,958.9,9.3,0.173,5.7,1,0.406,1,133.1
KAG-NER-00775,Manipur,24.2022,93.7073,Rocky Phyllite,148.08,512.96,1334.7,42.6,0.373,14.8,2,1.011,2,288.4
KAG-NER-00776,Assam,26.2677,92.8482,Weathered Gneiss,39.64,135.11,1555.8,16.3,0.854,9.3,1,0.489,1,186.8
KAG-NER-00777,Assam,26.6199,90.5382,Weathered Gneiss,94.5,264.31,466.1,34.9,0.317,20.7,1,0.652,1,222.5
KAG-NER-00778,Manipur,25.0654,94.1408,Rocky Phyllite,39.11,110.43,2005.1,8.4,0.143,11.2,2,0.281,0,159.8
KAG-NER-00779,Manipur,24.5128,93.0847,Alluvial Sandy Silt,1.28,27.37,2481.6,36.4,0.523,5.3,2,0.268,0,140.0
KAG-NER-00780,Nagaland,26.4569,94.8328,Alluvial Sandy Silt,217.85,729.04,836.1,11.1,0.506,21.2,2,1.243,2,338.6
KAG-NER-00781,Nagaland,25.7362,93.8853,Weathered Gneiss,3.96,38.95,570.7,33.8,0.53,12.3,2,0.272,0,111.0
KAG-NER-00782,Meghalaya,25.2654,91.7,Rocky Phyllite,43.61,88.98,2148.6,27.3,0.334,12.4,0,0.318,0,166.8
KAG-NER-00783,Arunachal Pradesh,27.1477,93.1029,Sedimentary Shale,11.08,23.42,579.2,44.2,0.112,9.7,0,0.275,0,118.1
KAG-NER-00784,Arunachal Pradesh,28.0152,94.0205,Weathered Gneiss,18.91,121.81,192.2,7.5,0.633,18.7,3,0.277,0,135.6
KAG-NER-00785,Assam,26.341,92.3911,Rocky Phyllite,39.45,114.87,1764.3,17.7,0.385,7.8,1,0.276,0,126.1
KAG-NER-00786,Tripura,23.8745,91.107,Weathered Gneiss,21.8,82.11,732.1,8.8,0.516,2.3,4,0.212,0,87.7
KAG-NER-00787,Nagaland,25.5099,94.7219,Alluvial Sandy Silt,10.96,32.61,547.3,41.2,0.718,11.9,5,0.254,0,111.9
KAG-NER-00788,Arunachal Pradesh,27.0246,94.6806,Weathered Gneiss,15.47,58.13,2750.0,29.8,0.438,20.5,5,0.26,0,186.5
KAG-NER-00789,Meghalaya,25.928,90.9038,Weathered Gneiss,15.88,72.17,873.9,27.4,0.483,7.5,2,0.296,0,113.8
KAG-NER-00790,Sikkim,27.3593,88.5551,Alluvial Sandy Silt,121.68,393.73,2537.4,11.3,0.512,7.3,3,0.783,2,243.7
KAG-NER-00791,Assam,27.0344,94.7386,Clayey Loam,60.9,158.94,564.8,25.6,0.413,16.8,2,0.494,1,172.8
KAG-NER-00792,Nagaland,26.4354,93.5299,Weathered Gneiss,23.31,86.29,2307.6,21.9,0.591,17.5,3,0.357,0,192.9
KAG-NER-00793,Meghalaya,25.7022,91.2668,Alluvial Sandy Silt,8.47,33.63,1445.5,18.6,0.496,10.7,1,0.323,0,130.1
KAG-NER-00794,Nagaland,26.059,93.4737,Sedimentary Shale,63.31,169.78,293.8,36.9,0.41,18.7,6,0.464,1,177.2
KAG-NER-00795,Assam,26.0675,94.0573,Weathered Gneiss,6.5,28.38,2075.4,8.5,0.619,5.4,5,0.199,0,106.6
KAG-NER-00796,Mizoram,23.4809,92.6318,Alluvial Sandy Silt,8.98,36.79,2506.4,31.9,0.528,9.3,1,0.394,1,172.5
KAG-NER-00797,Tripura,23.6608,92.1253,Alluvial Sandy Silt,17.32,86.14,523.4,38.9,0.46,10.1,4,0.368,0,124.4
KAG-NER-00798,Meghalaya,25.7741,90.908,Clayey Loam,80.68,200.86,2053.6,42.3,0.254,8.3,2,0.561,1,204.7
KAG-NER-00799,Nagaland,25.5645,93.778,Sedimentary Shale,5.37,20.49,1290.5,35.8,0.7,6.4,6,0.379,0,132.9
KAG-NER-00800,Tripura,24.3049,91.7979,Weathered Gneiss,4.95,49.96,2130.5,17.3,0.19,8.8,3,0.149,0,112.1
KAG-NER-00801,Manipur,24.7469,93.9542,Sedimentary Shale,25.88,104.35,2021.9,30.0,0.114,2.4,2,0.358,0,149.7
KAG-NER-00802,Assam,26.3124,94.132,Alluvial Sandy Silt,12.29,54.79,152.4,11.7,0.427,16.1,2,0.245,0,134.1
KAG-NER-00803,Meghalaya,25.571,90.5035,Weathered Gneiss,31.96,74.14,566.1,10.7,0.671,15.7,2,0.308,0,146.0
KAG-NER-00804,Nagaland,25.5807,94.2053,Weathered Gneiss,22.83,77.6,1361.2,31.5,0.7,11.0,4,0.446,1,170.7
KAG-NER-00805,Arunachal Pradesh,28.3985,92.8876,Sedimentary Shale,21.69,73.39,2619.4,40.0,0.773,8.5,3,0.448,1,178.3
KAG-NER-00806,Manipur,25.2174,94.2226,Rocky Phyllite,4.51,21.28,1010.4,8.7,0.369,10.7,3,0.148,0,109.5
KAG-NER-00807,Tripura,23.4974,91.1436,Clayey Loam,5.78,134.89,1790.5,10.2,0.383,20.7,1,0.261,0,178.5
KAG-NER-00808,Tripura,23.3222,91.9742,Weathered Gneiss,65.39,188.97,112.9,28.6,0.741,14.1,5,0.563,1,167.1
KAG-NER-00809,Meghalaya,25.2797,91.1653,Alluvial Sandy Silt,82.48,231.29,2014.3,14.7,0.304,16.6,2,0.552,1,222.3
KAG-NER-00810,Assam,26.5024,93.7646,Alluvial Sandy Silt,10.16,79.29,1720.3,30.5,0.313,6.6,2,0.298,0,126.5
KAG-NER-00811,Sikkim,27.1793,88.4251,Rocky Phyllite,4.58,37.11,2025.9,14.6,0.115,3.9,1,0.145,0,85.9
KAG-NER-00812,Mizoram,23.5276,92.8949,Clayey Loam,2.09,52.44,2540.7,10.7,0.561,3.7,5,0.155,0,121.5
KAG-NER-00813,Assam,26.9457,91.2726,Weathered Gneiss,35.62,73.28,478.5,27.8,0.223,11.4,1,0.293,0,105.0
KAG-NER-00814,Tripura,24.1694,91.9315,Rocky Phyllite,47.75,120.87,791.5,40.5,0.335,16.3,3,0.474,1,195.5
KAG-NER-00815,Mizoram,23.6338,93.0695,Weathered Gneiss,17.73,77.77,2788.5,33.4,0.79,17.5,3,0.457,1,221.3
KAG-NER-00816,Meghalaya,25.4708,90.5598,Alluvial Sandy Silt,43.26,136.63,505.1,38.7,0.668,16.4,5,0.582,1,196.5
KAG-NER-00817,Nagaland,26.3321,94.187,Alluvial Sandy Silt,47.43,148.93,2040.1,16.7,0.22,20.3,0,0.302,0,191.4
KAG-NER-00818,Arunachal Pradesh,27.923,93.021,Sedimentary Shale,104.07,241.09,2052.2,41.4,0.725,3.0,4,0.734,2,199.7
KAG-NER-00819,Assam,27.0696,93.1432,Rocky Phyllite,2.55,37.51,1937.7,21.1,0.749,19.1,4,0.239,0,167.1
KAG-NER-00820,Arunachal Pradesh,27.0366,93.5241,Sedimentary Shale,8.12,34.85,698.6,40.1,0.335,15.2,3,0.331,0,144.2
KAG-NER-00821,Mizoram,23.9345,93.1735,Weathered Gneiss,2.7,15.73,665.2,24.8,0.581,5.5,0,0.314,0,101.4
KAG-NER-00822,Assam,26.4924,94.5264,Sedimentary Shale,76.95,160.16,1892.4,16.7,0.135,15.6,0,0.398,1,193.9
KAG-NER-00823,Arunachal Pradesh,27.3283,93.3477,Clayey Loam,59.78,216.63,586.6,16.4,0.582,12.2,5,0.495,1,153.3
KAG-NER-00824,Arunachal Pradesh,28.3378,95.5332,Sedimentary Shale,32.48,85.31,1879.5,28.7,0.259,9.2,4,0.337,0,152.1
KAG-NER-00825,Meghalaya,25.7171,92.4333,Sedimentary Shale,3.32,31.59,1419.7,9.2,0.583,7.0,2,0.174,0,87.7
KAG-NER-00826,Tripura,23.3065,92.138,Sedimentary Shale,12.13,44.87,1131.6,43.2,0.633,11.3,2,0.354,0,146.7
KAG-NER-00827,Arunachal Pradesh,27.413,92.3025,Weathered Gneiss,13.43,50.42,896.6,16.9,0.174,6.8,0,0.229,0,101.0
KAG-NER-00828,Arunachal Pradesh,27.283,93.3809,Weathered Gneiss,31.26,101.13,2657.4,19.4,0.532,3.7,1,0.355,0,166.3
KAG-NER-00829,Manipur,24.3517,93.5129,Sedimentary Shale,11.34,39.06,1462.0,15.3,0.494,18.9,4,0.208,0,146.9
KAG-NER-00830,Meghalaya,25.2215,90.9701,Sedimentary Shale,2.88,16.89,1606.6,6.1,0.299,13.9,0,0.229,0,139.4
KAG-NER-00831,Assam,26.6012,92.4883,Sedimentary Shale,49.86,174.06,2662.0,33.7,0.253,9.3,1,0.46,1,189.4
KAG-NER-00832,Meghalaya,25.412,92.1408,Alluvial Sandy Silt,13.5,60.7,1858.5,29.6,0.148,10.9,0,0.184,0,140.7
KAG-NER-00833,Assam,27.0509,93.9056,Sedimentary Shale,22.88,135.59,2685.4,38.4,0.602,19.3,0,0.489,1,228.8
KAG-NER-00834,Assam,26.2648,93.85,Alluvial Sandy Silt,5.19,18.52,369.3,7.6,0.21,8.4,1,0.032,0,58.2
KAG-NER-00835,Meghalaya,25.2368,90.5388,Sedimentary Shale,61.65,142.66,2382.9,43.1,0.664,9.6,5,0.613,1,213.1
KAG-NER-00836,Arunachal Pradesh,27.453,95.1347,Clayey Loam,31.68,79.1,992.3,19.2,0.76,17.3,5,0.396,1,170.3
KAG-NER-00837,Tripura,23.4956,91.1759,Weathered Gneiss,88.11,237.01,2284.5,42.5,0.088,6.0,0,0.66,1,209.4
KAG-NER-00838,Arunachal Pradesh,27.1107,95.3644,Clayey Loam,26.0,74.17,2407.3,10.3,0.403,15.2,2,0.206,0,167.5
KAG-NER-00839,Nagaland,26.2873,93.7798,Clayey Loam,107.82,352.28,818.4,35.8,0.471,10.7,1,0.764,2,225.4
KAG-NER-00840,Nagaland,26.1774,94.1914,Rocky Phyllite,84.53,239.72,1192.0,29.2,0.287,12.0,0,0.569,1,178.4
KAG-NER-00841,Assam,26.7176,91.5493,Alluvial Sandy Silt,32.65,101.67,2054.8,20.3,0.516,17.7,5,0.388,1,201.1
KAG-NER-00842,Nagaland,26.6102,93.8641,Weathered Gneiss,103.23,347.57,349.4,9.2,0.314,21.9,1,0.615,1,225.3
KAG-NER-00843,Assam,26.7718,90.5726,Sedimentary Shale,14.83,96.99,2135.1,30.2,0.392,18.6,1,0.354,0,196.0
KAG-NER-00844,Sikkim,27.3609,88.3814,Sedimentary Shale,17.3,60.53,380.5,7.1,0.126,5.2,0,0.193,0,85.2
KAG-NER-00845,Assam,26.5609,90.8273,Clayey Loam,1.77,21.77,2567.3,26.1,0.694,6.5,3,0.28,0,135.0
KAG-NER-00846,Arunachal Pradesh,28.1642,92.48,Weathered Gneiss,33.81,143.72,831.6,30.2,0.5,10.2,3,0.491,1,164.3
KAG-NER-00847,Assam,26.7479,94.1145,Alluvial Sandy Silt,48.63,170.83,1645.6,35.3,0.188,16.4,3,0.446,1,201.9
KAG-NER-00848,Sikkim,27.4933,88.6927,Weathered Gneiss,56.43,122.02,398.7,45.7,0.076,12.2,0,0.498,1,154.2
KAG-NER-00849,Meghalaya,25.6957,91.1244,Clayey Loam,6.17,95.29,813.0,16.4,0.713,20.0,5,0.287,0,146.3
KAG-NER-00850,Nagaland,26.5324,93.8421,Alluvial Sandy Silt,22.32,55.97,1178.8,18.9,0.579,3.0,5,0.326,0,119.7
KAG-NER-00851,Assam,26.5997,93.8543,Sedimentary Shale,7.4,22.69,1404.8,19.6,0.544,7.2,3,0.287,0,119.8
KAG-NER-00852,Manipur,24.5305,93.4844,Clayey Loam,41.23,129.15,80.2,35.3,0.417,6.4,6,0.405,1,109.1
KAG-NER-00853,Assam,26.4431,94.1808,Sedimentary Shale,6.53,29.37,2497.1,43.3,0.395,16.9,3,0.369,0,182.9
KAG-NER-00854,Tripura,24.3159,91.7541,Clayey Loam,89.11,330.61,100.9,45.0,0.19,11.3,1,0.714,1,186.5
KAG-NER-00855,Assam,26.7261,94.5647,Rocky Phyllite,9.96,43.57,2184.4,43.8,0.422,2.3,4,0.439,1,146.3
KAG-NER-00856,Assam,25.938,91.5444,Rocky Phyllite,13.09,44.29,1360.0,41.2,0.152,17.5,0,0.288,0,145.1
KAG-NER-00857,Assam,26.7925,94.2069,Sedimentary Shale,72.32,206.66,1505.0,45.6,0.312,9.2,2,0.619,1,191.2
KAG-NER-00858,Meghalaya,25.8713,91.2793,Sedimentary Shale,23.31,70.37,646.5,21.0,0.761,7.2,10,0.356,0,129.3
KAG-NER-00859,Meghalaya,25.1804,91.3382,Clayey Loam,0.92,57.08,1732.0,43.9,0.263,5.7,0,0.342,0,138.1
KAG-NER-00860,Assam,26.123,91.8104,Alluvial Sandy Silt,25.93,117.16,1541.3,36.4,0.352,20.9,3,0.309,0,166.9
KAG-NER-00861,Manipur,25.0812,93.1208,Sedimentary Shale,3.36,20.89,526.7,12.7,0.486,20.8,4,0.127,0,125.9
KAG-NER-00862,Meghalaya,25.8448,91.3119,Alluvial Sandy Silt,160.47,403.58,727.7,7.8,0.283,3.5,3,0.785,2,195.7
KAG-NER-00863,Meghalaya,25.6365,90.4331,Sedimentary Shale,33.71,134.67,262.0,14.6,0.594,6.7,2,0.368,0,112.4
KAG-NER-00864,Meghalaya,25.4036,90.4332,Alluvial Sandy Silt,11.26,40.49,260.3,37.2,0.365,14.9,4,0.234,0,115.6
KAG-NER-00865,Arunachal Pradesh,28.4385,95.1327,Clayey Loam,31.52,71.75,117.5,31.3,0.792,15.4,10,0.414,1,142.4
KAG-NER-00866,Meghalaya,25.5137,90.7814,Alluvial Sandy Silt,3.04,9.54,679.7,15.0,0.904,10.4,4,0.254,0,115.8
KAG-NER-00867,Assam,27.1068,92.0507,Sedimentary Shale,61.14,200.55,1928.7,35.7,0.472,13.4,2,0.539,1,209.7
KAG-NER-00868,Assam,26.0254,93.0342,Rocky Phyllite,98.6,354.66,940.1,11.7,0.462,16.1,3,0.671,1,220.3
KAG-NER-00869,Mizoram,24.2157,92.3042,Weathered Gneiss,78.85,270.97,1012.2,38.9,0.645,21.0,1,0.751,2,266.6
KAG-NER-00870,Sikkim,27.2667,88.8508,Weathered Gneiss,15.89,110.36,438.8,37.8,0.747,16.5,5,0.365,0,148.7
KAG-NER-00871,Arunachal Pradesh,27.1737,92.0096,Sedimentary Shale,14.98,48.57,1645.3,44.9,0.308,4.2,1,0.351,0,119.6
KAG-NER-00872,Arunachal Pradesh,27.8123,95.3783,Sedimentary Shale,1.36,18.29,1010.6,12.0,0.386,16.4,3,0.158,0,136.5
KAG-NER-00873,Nagaland,26.068,94.8918,Sedimentary Shale,40.05,159.94,1919.6,42.3,0.549,3.4,0,0.469,1,140.4
KAG-NER-00874,Arunachal Pradesh,27.9867,91.8333,Clayey Loam,29.09,118.62,2096.8,19.6,0.215,12.1,2,0.344,0,163.7
KAG-NER-00875,Assam,27.19,92.3355,Alluvial Sandy Silt,23.37,71.27,1670.4,22.6,0.549,12.5,4,0.343,0,151.7
KAG-NER-00876,Assam,26.2024,93.0105,Alluvial Sandy Silt,90.51,214.6,830.9,24.7,0.502,17.6,3,0.623,1,211.0
KAG-NER-00877,Manipur,24.426,93.1383,Clayey Loam,6.98,55.26,1463.4,31.1,0.521,2.2,3,0.298,0,107.7
KAG-NER-00878,Nagaland,25.402,94.0744,Rocky Phyllite,0.37,10.24,765.3,45.8,0.623,19.5,5,0.331,0,154.2
KAG-NER-00879,Assam,26.9716,93.0754,Weathered Gneiss,2.89,26.19,2535.9,30.0,0.541,15.3,2,0.261,0,180.9
KAG-NER-00880,Assam,27.1989,91.7908,Weathered Gneiss,9.61,41.8,2164.6,43.1,0.353,2.6,4,0.334,0,131.4
KAG-NER-00881,Assam,26.1926,91.2189,Alluvial Sandy Silt,1.29,23.64,1421.0,16.2,0.146,5.2,2,0.113,0,93.2
KAG-NER-00882,Nagaland,25.6297,93.8278,Alluvial Sandy Silt,26.56,103.03,2706.0,21.9,0.114,2.8,3,0.304,0,130.0
KAG-NER-00883,Assam,26.91,94.5759,Sedimentary Shale,14.33,67.09,1567.2,26.2,0.265,17.3,0,0.372,0,170.8
KAG-NER-00884,Assam,27.1651,91.5453,Alluvial Sandy Silt,7.56,21.24,973.6,18.9,0.624,5.4,10,0.276,0,96.4
KAG-NER-00885,Manipur,25.2338,93.5252,Alluvial Sandy Silt,52.69,182.66,339.7,45.1,0.067,2.9,0,0.414,1,112.8
KAG-NER-00886,Assam,25.958,94.4151,Rocky Phyllite,8.69,40.2,1559.0,35.0,0.08,4.8,0,0.246,0,124.2
KAG-NER-00887,Nagaland,26.2905,93.6471,Alluvial Sandy Silt,44.21,152.54,2420.3,25.2,0.347,13.2,4,0.36,0,178.7
KAG-NER-00888,Assam,26.4018,91.7927,Alluvial Sandy Silt,16.33,42.78,2437.5,36.1,0.756,11.9,6,0.384,1,162.9
KAG-NER-00889,Assam,26.8315,92.5404,Clayey Loam,27.25,90.53,1724.4,24.7,0.207,6.9,1,0.292,0,134.1
KAG-NER-00890,Assam,27.185,90.7464,Sedimentary Shale,103.21,263.91,1150.2,6.7,0.074,20.9,0,0.467,1,206.5
KAG-NER-00891,Manipur,24.497,93.771,Alluvial Sandy Silt,1.45,99.79,1848.8,27.7,0.496,19.1,6,0.271,0,164.7
KAG-NER-00892,Mizoram,23.5547,92.6475,Weathered Gneiss,26.36,83.17,2153.0,31.0,0.211,8.3,2,0.339,0,158.1
KAG-NER-00893,Mizoram,23.8939,93.2622,Sedimentary Shale,73.23,169.1,1199.6,45.2,0.27,11.5,3,0.492,1,179.8
KAG-NER-00894,Arunachal Pradesh,28.402,95.1229,Alluvial Sandy Silt,33.69,140.05,1375.4,7.6,0.322,12.3,3,0.297,0,126.7
KAG-NER-00895,Nagaland,26.5908,94.2258,Sedimentary Shale,12.32,27.31,1931.3,26.5,0.676,17.1,2,0.28,0,178.2
KAG-NER-00896,Assam,26.9562,91.8658,Weathered Gneiss,19.26,92.96,2464.5,9.9,0.085,10.6,0,0.189,0,149.6
KAG-NER-00897,Arunachal Pradesh,27.5376,92.9261,Sedimentary Shale,43.33,145.19,2231.5,12.0,0.764,12.9,2,0.364,0,174.3
KAG-NER-00898,Tripura,23.7609,91.4427,Sedimentary Shale,84.16,210.48,140.9,30.4,0.394,10.3,2,0.587,1,168.7
KAG-NER-00899,Assam,27.1463,91.9078,Sedimentary Shale,1.59,4.31,418.3,15.3,0.263,17.3,1,0.191,0,135.4
KAG-NER-00900,Assam,25.9373,92.8707,Weathered Gneiss,2.82,10.81,2399.6,36.0,0.63,13.1,5,0.296,0,163.1
KAG-NER-00901,Assam,25.8799,90.9974,Weathered Gneiss,14.94,55.31,2348.0,26.6,0.482,18.6,3,0.279,0,192.7
KAG-NER-00902,Assam,26.1071,92.5896,Sedimentary Shale,10.07,29.82,1137.6,14.7,0.398,3.1,2,0.215,0,91.0
KAG-NER-00903,Assam,26.4066,94.0986,Weathered Gneiss,11.7,72.72,1669.2,25.8,0.346,20.1,0,0.286,0,166.2
KAG-NER-00904,Nagaland,26.4353,94.0395,Clayey Loam,9.5,28.17,2543.9,6.0,0.701,18.4,3,0.157,0,149.5
KAG-NER-00905,Arunachal Pradesh,27.4339,92.9241,Rocky Phyllite,8.28,48.85,2559.4,40.5,0.668,18.4,6,0.435,1,222.8
KAG-NER-00906,Tripura,24.1288,91.1625,Weathered Gneiss,5.32,20.63,2210.0,6.5,0.487,4.8,1,0.19,0,103.5
KAG-NER-00907,Mizoram,22.8192,93.1751,Weathered Gneiss,103.26,353.63,650.1,6.3,0.392,7.3,4,0.655,1,184.6
KAG-NER-00908,Arunachal Pradesh,27.6634,92.089,Alluvial Sandy Silt,5.92,50.0,2066.4,30.5,0.572,21.6,3,0.338,0,182.0
KAG-NER-00909,Arunachal Pradesh,27.2769,95.6963,Sedimentary Shale,8.69,36.91,355.0,44.9,0.21,21.0,2,0.389,1,170.5
KAG-NER-00910,Arunachal Pradesh,28.2752,94.694,Rocky Phyllite,10.74,26.53,2511.5,40.2,0.559,6.5,4,0.282,0,141.8
KAG-NER-00911,Nagaland,26.0751,94.1805,Alluvial Sandy Silt,102.72,323.7,485.7,16.1,0.488,10.7,5,0.71,1,209.3
KAG-NER-00912,Arunachal Pradesh,28.4604,95.846,Sedimentary Shale,53.56,185.21,1881.6,13.9,0.461,5.1,1,0.403,1,150.2
KAG-NER-00913,Nagaland,25.7014,94.6167,Sedimentary Shale,59.25,181.13,1739.9,31.0,0.608,7.3,2,0.523,1,180.6
KAG-NER-00914,Arunachal Pradesh,27.2156,92.4609,Alluvial Sandy Silt,4.21,29.36,2193.2,38.9,0.462,5.7,2,0.289,0,132.2
KAG-NER-00915,Meghalaya,25.7085,91.253,Weathered Gneiss,68.77,282.59,1580.3,20.5,0.253,3.6,4,0.536,1,160.2
KAG-NER-00916,Meghalaya,25.9384,90.4314,Weathered Gneiss,19.93,104.26,242.0,23.3,0.336,13.6,3,0.337,0,138.6
KAG-NER-00917,Arunachal Pradesh,27.7184,95.6333,Clayey Loam,11.59,53.43,1999.9,10.6,0.448,6.8,3,0.189,0,116.6
KAG-NER-00918,Sikkim,27.7329,88.2252,Sedimentary Shale,32.58,113.18,1122.2,12.1,0.538,21.8,2,0.336,0,171.8
KAG-NER-00919,Manipur,24.5133,93.9906,Alluvial Sandy Silt,65.63,318.15,951.2,28.7,0.659,12.3,4,0.766,2,232.0
KAG-NER-00920,Assam,26.0232,94.8561,Rocky Phyllite,57.3,141.07,2777.4,10.1,0.288,9.2,0,0.316,0,179.6
KAG-NER-00921,Mizoram,24.1721,92.4836,Sedimentary Shale,83.88,289.41,1685.9,14.1,0.677,20.3,4,0.592,1,246.6
KAG-NER-00922,Meghalaya,25.209,90.4221,Sedimentary Shale,100.05,344.48,2013.2,15.4,0.81,14.4,3,0.775,2,265.8
KAG-NER-00923,Tripura,24.2913,91.3323,Rocky Phyllite,10.33,28.39,1511.6,23.8,0.256,4.5,1,0.151,0,88.1
KAG-NER-00924,Manipur,24.5828,93.7182,Sedimentary Shale,20.95,50.78,2174.3,7.8,0.615,12.0,2,0.257,0,143.9
KAG-NER-00925,Arunachal Pradesh,27.8584,91.8228,Sedimentary Shale,0.56,23.95,2125.6,26.0,0.212,10.8,0,0.094,0,106.1
KAG-NER-00926,Assam,26.1175,94.6917,Clayey Loam,80.36,260.96,1867.4,43.1,0.284,17.3,2,0.591,1,217.3
KAG-NER-00927,Arunachal Pradesh,28.3535,95.0158,Sedimentary Shale,6.38,25.9,2793.9,7.0,0.476,15.9,1,0.116,0,151.9
KAG-NER-00928,Meghalaya,25.1175,91.0502,Sedimentary Shale,75.11,151.93,1330.6,31.2,0.381,9.4,1,0.481,1,180.8
KAG-NER-00929,Nagaland,26.2791,93.8128,Sedimentary Shale,15.18,45.96,2000.8,39.4,0.161,11.4,0,0.248,0,130.9
KAG-NER-00930,Arunachal Pradesh,28.3553,94.3525,Rocky Phyllite,17.44,144.63,2250.0,18.5,0.773,12.4,4,0.399,1,182.0
KAG-NER-00931,Assam,25.9007,94.5905,Clayey Loam,1.52,9.75,1102.8,11.3,0.263,10.4,1,0.175,0,104.6
KAG-NER-00932,Mizoram,24.2366,92.3855,Alluvial Sandy Silt,15.04,51.5,1323.5,7.7,0.489,4.2,2,0.29,0,101.7
KAG-NER-00933,Sikkim,27.4727,88.3427,Weathered Gneiss,83.32,237.58,2716.1,31.8,0.149,20.1,1,0.512,1,239.3
KAG-NER-00934,Meghalaya,25.4536,90.6671,Sedimentary Shale,0.98,23.48,167.8,28.1,0.222,15.5,2,0.233,0,125.9
KAG-NER-00935,Assam,26.6093,94.8109,Rocky Phyllite,19.81,64.89,992.0,15.2,0.131,11.4,0,0.243,0,122.8
KAG-NER-00936,Arunachal Pradesh,27.7049,91.8731,Alluvial Sandy Silt,1.21,16.86,1402.5,39.3,0.352,13.4,3,0.286,0,150.5
KAG-NER-00937,Assam,26.668,92.031,Sedimentary Shale,17.61,48.04,84.0,35.4,0.211,6.3,1,0.323,0,106.3
KAG-NER-00938,Tripura,24.2271,91.6216,Rocky Phyllite,7.2,36.09,2525.6,17.1,0.598,12.6,5,0.266,0,166.6
KAG-NER-00939,Assam,26.07,91.36,Rocky Phyllite,11.04,38.25,858.6,36.1,0.443,16.9,4,0.341,0,153.6
KAG-NER-00940,Meghalaya,25.7919,90.8905,Alluvial Sandy Silt,79.82,229.66,781.0,15.8,0.35,12.7,0,0.47,1,164.9
KAG-NER-00941,Arunachal Pradesh,28.1276,92.4265,Rocky Phyllite,21.77,79.02,2311.3,33.0,0.303,11.6,1,0.253,0,144.2
KAG-NER-00942,Meghalaya,25.3895,91.4103,Sedimentary Shale,12.16,49.09,836.1,10.7,0.649,11.2,5,0.233,0,115.6
KAG-NER-00943,Nagaland,26.7205,94.7976,Alluvial Sandy Silt,33.82,194.24,1868.7,33.7,0.34,17.2,2,0.423,1,196.6
KAG-NER-00944,Mizoram,23.1103,92.694,Sedimentary Shale,5.82,58.32,2314.5,15.6,0.33,17.1,1,0.188,0,170.6
KAG-NER-00945,Assam,26.0092,92.7949,Alluvial Sandy Silt,11.41,63.13,2235.5,28.9,0.4,17.0,2,0.335,0,183.4
KAG-NER-00946,Assam,26.4448,94.5534,Rocky Phyllite,30.03,115.42,2206.9,12.9,0.443,6.9,4,0.363,0,151.8
KAG-NER-00947,Assam,27.102,92.2261,Weathered Gneiss,10.3,64.18,321.1,35.0,0.235,14.4,1,0.298,0,115.3
KAG-NER-00948,Tripura,23.7901,92.1755,Clayey Loam,43.2,141.83,297.2,8.4,0.574,17.6,2,0.312,0,146.2
KAG-NER-00949,Mizoram,24.0101,92.304,Sedimentary Shale,25.7,56.31,914.4,12.6,0.675,13.2,3,0.283,0,121.8
KAG-NER-00950,Nagaland,25.8481,94.0327,Alluvial Sandy Silt,56.18,140.49,177.8,13.4,0.164,17.6,1,0.3,0,132.2
KAG-NER-00951,Nagaland,25.7216,93.6994,Sedimentary Shale,112.53,408.38,1441.2,7.7,0.43,19.1,0,0.684,1,236.6
KAG-NER-00952,Nagaland,25.4529,94.3651,Sedimentary Shale,4.68,35.07,1153.8,35.8,0.652,5.5,4,0.327,0,126.3
KAG-NER-00953,Assam,26.1675,90.7356,Alluvial Sandy Silt,15.48,51.8,1595.1,45.2,0.955,8.1,5,0.526,1,180.3
KAG-NER-00954,Tripura,23.4772,92.0623,Alluvial Sandy Silt,14.63,50.22,892.7,37.1,0.718,14.0,1,0.365,0,157.2
KAG-NER-00955,Arunachal Pradesh,28.2624,93.6738,Weathered Gneiss,6.23,24.81,1401.3,40.4,0.473,7.8,5,0.416,1,157.6
KAG-NER-00956,Arunachal Pradesh,27.5657,95.9003,Weathered Gneiss,63.17,218.47,990.5,6.2,0.447,20.8,1,0.365,0,173.1
KAG-NER-00957,Meghalaya,25.2805,90.7599,Alluvial Sandy Silt,54.21,167.16,611.0,10.7,0.656,5.9,6,0.443,1,123.8
KAG-NER-00958,Assam,26.2086,91.2774,Alluvial Sandy Silt,25.17,99.28,1846.3,28.4,0.063,9.1,0,0.22,0,113.8
KAG-NER-00959,Assam,26.3311,94.5988,Sedimentary Shale,29.32,110.1,1911.7,45.1,0.339,21.9,1,0.482,1,225.5
KAG-NER-00960,Manipur,24.8615,93.6591,Alluvial Sandy Silt,2.33,35.25,2335.5,32.4,0.128,5.8,3,0.22,0,119.8
KAG-NER-00961,Assam,27.1082,90.7181,Alluvial Sandy Silt,30.81,137.27,2459.3,21.0,0.593,11.0,3,0.402,1,185.5
KAG-NER-00962,Nagaland,25.6944,94.2488,Alluvial Sandy Silt,59.55,168.78,1996.1,11.8,0.19,8.3,2,0.321,0,156.0
KAG-NER-00963,Assam,26.6618,90.678,Clayey Loam,32.41,119.23,1950.0,12.1,0.67,18.2,0,0.399,1,203.6
KAG-NER-00964,Arunachal Pradesh,27.5449,94.4212,Alluvial Sandy Silt,11.72,39.94,234.2,20.5,0.269,8.1,1,0.238,0,92.4
KAG-NER-00965,Arunachal Pradesh,28.0169,94.3716,Rocky Phyllite,41.85,138.66,378.6,34.6,0.694,5.2,5,0.486,1,132.2
KAG-NER-00966,Arunachal Pradesh,27.4129,91.9208,Rocky Phyllite,17.05,98.53,2290.2,7.3,0.622,20.7,3,0.27,0,188.0
KAG-NER-00967,Manipur,24.598,93.206,Clayey Loam,29.91,89.61,713.6,40.1,0.451,8.3,3,0.389,1,148.6
KAG-NER-00968,Arunachal Pradesh,28.4162,93.6383,Weathered Gneiss,25.41,95.09,1047.1,43.7,0.83,16.8,8,0.473,1,180.8
KAG-NER-00969,Meghalaya,25.3855,92.1924,Sedimentary Shale,18.24,61.57,475.2,41.6,0.138,7.8,1,0.297,0,107.7
KAG-NER-00970,Meghalaya,25.5482,91.0061,Clayey Loam,48.22,191.09,610.8,42.5,0.74,5.6,7,0.599,1,157.8
KAG-NER-00971,Nagaland,26.5368,94.7007,Sedimentary Shale,81.82,285.84,2189.1,6.6,0.281,18.0,2,0.484,1,210.9
KAG-NER-00972,Tripura,24.0076,91.1564,Sedimentary Shale,0.2,37.89,792.3,45.1,0.066,3.1,1,0.265,0,87.9
KAG-NER-00973,Manipur,24.7929,94.2213,Rocky Phyllite,103.07,234.27,1301.4,20.7,0.507,8.6,1,0.578,1,181.7
KAG-NER-00974,Assam,25.9911,91.529,Alluvial Sandy Silt,27.22,96.45,492.5,40.8,0.533,17.6,2,0.473,1,166.6
KAG-NER-00975,Assam,27.0355,90.5905,Sedimentary Shale,45.84,124.0,1924.0,13.5,0.371,12.2,2,0.381,1,183.9
KAG-NER-00976,Arunachal Pradesh,28.1044,93.632,Rocky Phyllite,73.54,312.63,2060.9,23.9,0.671,15.8,6,0.685,1,250.2
KAG-NER-00977,Nagaland,26.0255,93.4106,Alluvial Sandy Silt,23.92,63.0,1063.8,7.8,0.573,3.3,2,0.283,0,109.8
KAG-NER-00978,Assam,26.9472,92.1192,Weathered Gneiss,68.46,282.4,2214.5,7.6,0.594,17.0,3,0.418,1,200.1
KAG-NER-00979,Meghalaya,25.5867,91.961,Weathered Gneiss,7.43,50.72,732.5,43.7,0.63,5.4,4,0.358,0,113.3
KAG-NER-00980,Nagaland,26.3837,94.834,Alluvial Sandy Silt,6.59,49.54,1962.0,38.4,0.158,18.2,0,0.215,0,159.7
KAG-NER-00981,Arunachal Pradesh,27.7501,93.2987,Alluvial Sandy Silt,40.71,145.83,2065.5,27.2,0.47,13.3,0,0.358,0,167.8
KAG-NER-00982,Manipur,25.3352,94.0274,Alluvial Sandy Silt,77.57,250.35,2714.7,27.0,0.318,16.8,0,0.604,1,257.3
KAG-NER-00983,Assam,26.2174,91.0691,Sedimentary Shale,84.72,176.32,711.9,36.0,0.41,6.3,2,0.653,1,185.4
KAG-NER-00984,Assam,26.9796,92.1298,Alluvial Sandy Silt,39.22,191.97,334.9,19.7,0.509,9.9,2,0.429,1,140.9
KAG-NER-00985,Manipur,24.9247,93.7533,Alluvial Sandy Silt,28.33,162.86,795.5,36.5,0.626,18.0,2,0.509,1,204.7
KAG-NER-00986,Meghalaya,25.279,91.7644,Clayey Loam,15.3,59.7,414.2,25.4,0.552,20.2,7,0.301,0,170.3
KAG-NER-00987,Nagaland,25.485,94.02,Alluvial Sandy Silt,148.66,471.59,541.6,31.5,0.366,6.5,2,0.961,2,244.8
KAG-NER-00988,Meghalaya,25.592,91.3337,Sedimentary Shale,14.64,45.36,988.8,44.6,0.733,17.9,2,0.447,1,179.3
KAG-NER-00989,Assam,26.8481,94.2257,Weathered Gneiss,51.81,247.17,1206.1,24.9,0.705,4.2,7,0.542,1,137.1
KAG-NER-00990,Mizoram,23.9569,92.3427,Alluvial Sandy Silt,28.85,76.2,2538.1,22.7,0.353,10.5,2,0.329,0,174.1
KAG-NER-00991,Manipur,24.2718,93.8586,Alluvial Sandy Silt,35.64,144.75,612.1,42.2,0.386,20.8,3,0.468,1,192.5
KAG-NER-00992,Nagaland,26.7088,94.6524,Sedimentary Shale,19.0,44.9,2723.2,42.1,0.537,20.9,2,0.402,1,224.4
KAG-NER-00993,Arunachal Pradesh,28.2481,92.8644,Weathered Gneiss,127.2,396.13,2283.6,45.7,0.318,7.9,3,0.899,2,259.8
KAG-NER-00994,Nagaland,26.0012,94.1061,Sedimentary Shale,32.22,98.96,2477.6,28.0,0.46,5.9,3,0.528,1,198.8
KAG-NER-00995,Arunachal Pradesh,27.1518,91.6398,Weathered Gneiss,105.53,268.93,2608.1,19.8,0.403,5.0,3,0.689,1,205.9
KAG-NER-00996,Assam,27.1257,91.5832,Sedimentary Shale,0.29,10.21,2128.8,15.6,0.783,11.6,7,0.249,0,160.1
KAG-NER-00997,Tripura,23.4879,91.2001,Clayey Loam,32.31,167.54,2225.5,7.4,0.317,3.8,2,0.258,0,137.6
KAG-NER-00998,Assam,27.0999,93.1088,Alluvial Sandy Silt,47.99,136.89,1270.9,35.1,0.47,9.1,2,0.389,1,148.0
KAG-NER-00999,Sikkim,27.5669,88.8293,Rocky Phyllite,51.94,162.16,1468.4,15.3,0.481,2.3,5,0.461,1,142.6
KAG-NER-01000,Meghalaya,25.4111,91.8159,Clayey Loam,89.44,253.51,2616.4,30.3,0.311,7.2,0,0.648,1,209.1
KAG-NER-01001,Assam,25.8543,91.3405,Alluvial Sandy Silt,0.17,1.88,1108.9,42.7,0.304,20.0,4,0.251,0,164.1
KAG-NER-01002,Meghalaya,25.8481,92.1936,Weathered Gneiss,0.01,5.03,194.1,44.0,0.592,10.9,1,0.338,0,130.1
KAG-NER-01003,Mizoram,23.326,92.7145,Clayey Loam,24.29,89.25,2154.7,6.2,0.67,3.5,4,0.294,0,133.8
KAG-NER-01004,Manipur,24.747,93.0004,Sedimentary Shale,1.13,12.27,1639.0,18.7,0.191,14.9,2,0.167,0,123.6
KAG-NER-01005,Mizoram,23.1619,92.5291,Sedimentary Shale,139.47,305.45,2296.5,39.5,0.333,21.1,2,0.874,2,291.7
KAG-NER-01006,Nagaland,25.7507,94.6089,Weathered Gneiss,9.54,59.05,285.5,27.5,0.717,11.3,5,0.293,0,112.6
KAG-NER-01007,Nagaland,25.7915,93.6873,Sedimentary Shale,24.32,80.94,1769.8,38.3,0.483,14.5,3,0.43,1,185.3
KAG-NER-01008,Mizoram,23.5564,93.2522,Weathered Gneiss,2.4,28.37,753.8,40.1,0.318,20.4,2,0.299,0,166.9
KAG-NER-01009,Assam,26.1379,90.8534,Sedimentary Shale,28.05,52.43,2536.9,23.7,0.166,10.4,0,0.234,0,147.8
KAG-NER-01010,Meghalaya,25.4208,92.1439,Sedimentary Shale,18.16,38.68,379.0,20.4,0.337,15.3,1,0.271,0,135.5
KAG-NER-01011,Assam,26.571,94.1756,Alluvial Sandy Silt,1.74,16.45,2373.1,24.2,0.574,10.8,5,0.247,0,159.1
KAG-NER-01012,Sikkim,27.7717,88.7341,Alluvial Sandy Silt,15.51,78.27,320.9,32.1,0.18,21.2,1,0.285,0,153.5
KAG-NER-01013,Sikkim,27.5227,88.4947,Weathered Gneiss,18.87,62.35,148.3,20.7,0.227,12.1,2,0.25,0,113.2
KAG-NER-01014,Assam,25.8561,94.9294,Sedimentary Shale,174.7,352.36,719.4,37.0,0.348,19.7,3,0.896,2,265.6
KAG-NER-01015,Manipur,24.5369,93.2436,Weathered Gneiss,8.86,43.69,985.9,42.2,0.221,12.1,1,0.333,0,131.5
KAG-NER-01016,Tripura,24.0001,91.4411,Sedimentary Shale,29.9,73.92,1784.2,17.3,0.526,15.4,3,0.298,0,158.7
KAG-NER-01017,Assam,26.6201,93.1405,Alluvial Sandy Silt,165.96,480.95,438.3,44.6,0.265,9.7,4,1.074,2,254.1
KAG-NER-01018,Meghalaya,25.5012,92.3739,Clayey Loam,59.67,226.15,1269.5,30.9,0.294,20.4,2,0.523,1,222.3
KAG-NER-01019,Tripura,23.518,91.6384,Sedimentary Shale,190.6,396.75,635.6,41.1,0.117,14.9,1,0.93,2,263.4
KAG-NER-01020,Assam,26.5528,93.4863,Sedimentary Shale,131.15,437.89,2406.4,10.2,0.711,2.4,2,0.824,2,213.9
KAG-NER-01021,Nagaland,26.4976,93.9922,Weathered Gneiss,25.55,81.68,202.3,16.1,0.397,2.3,1,0.317,0,86.5
KAG-NER-01022,Arunachal Pradesh,27.9337,92.1777,Weathered Gneiss,45.29,152.95,1048.2,18.8,0.78,15.5,3,0.402,1,153.1
KAG-NER-01023,Tripura,24.3192,91.5597,Sedimentary Shale,4.45,12.34,1797.3,18.1,0.417,4.3,1,0.244,0,104.6
KAG-NER-01024,Sikkim,27.6107,88.1163,Sedimentary Shale,22.11,49.77,2563.6,12.9,0.333,16.3,5,0.232,0,177.9
KAG-NER-01025,Sikkim,27.2436,88.4897,Weathered Gneiss,62.91,202.17,2440.9,40.7,0.52,8.4,4,0.598,1,195.8
KAG-NER-01026,Meghalaya,25.8904,91.5709,Rocky Phyllite,26.75,86.39,2514.9,22.7,0.204,12.8,5,0.251,0,150.2
KAG-NER-01027,Mizoram,24.1948,92.8322,Clayey Loam,46.09,118.79,251.0,44.5,0.234,5.5,2,0.476,1,119.5
KAG-NER-01028,Mizoram,23.5357,92.4317,Alluvial Sandy Silt,52.04,156.0,2367.3,29.3,0.697,6.9,5,0.484,1,168.2
KAG-NER-01029,Arunachal Pradesh,28.1842,92.6113,Clayey Loam,11.11,34.8,2201.4,11.5,0.618,10.7,1,0.153,0,116.7
KAG-NER-01030,Mizoram,24.1494,93.3019,Sedimentary Shale,79.23,278.76,2534.6,27.8,0.351,15.3,1,0.565,1,229.7
KAG-NER-01031,Assam,27.1206,92.841,Sedimentary Shale,23.4,74.53,927.5,45.7,0.253,5.1,0,0.376,0,108.8
KAG-NER-01032,Nagaland,26.3479,94.5678,Sedimentary Shale,8.97,74.2,2560.0,28.6,0.779,7.6,6,0.397,1,169.3
KAG-NER-01033,Assam,25.9834,93.2043,Alluvial Sandy Silt,76.21,180.16,1175.2,6.1,0.24,6.1,0,0.376,0,131.5
KAG-NER-01034,Assam,25.848,92.739,Clayey Loam,20.56,39.56,1804.8,43.3,0.52,19.3,5,0.351,0,193.7
KAG-NER-01035,Assam,26.0168,91.3232,Sedimentary Shale,52.73,131.25,1233.8,15.4,0.563,15.0,4,0.38,0,172.6
KAG-NER-01036,Nagaland,25.9111,94.0487,Sedimentary Shale,30.18,101.52,1243.2,33.5,0.233,11.4,2,0.358,0,137.3
KAG-NER-01037,Arunachal Pradesh,27.8971,91.8349,Clayey Loam,18.28,52.52,1566.9,26.6,0.392,20.9,4,0.317,0,171.6
KAG-NER-01038,Manipur,24.7052,93.2922,Weathered Gneiss,63.08,136.21,1048.1,19.0,0.447,16.7,2,0.462,1,171.9
KAG-NER-01039,Assam,26.6036,93.3683,Alluvial Sandy Silt,33.37,109.61,2236.2,17.3,0.528,20.6,1,0.294,0,197.7
KAG-NER-01040,Arunachal Pradesh,27.7907,94.8223,Weathered Gneiss,18.82,51.98,1803.5,43.2,0.126,14.0,3,0.324,0,166.2
KAG-NER-01041,Meghalaya,25.402,92.1893,Sedimentary Shale,4.41,20.97,1956.1,42.5,0.341,4.8,3,0.337,0,133.3
KAG-NER-01042,Manipur,24.6059,93.7747,Alluvial Sandy Silt,85.81,237.06,708.4,26.5,0.569,15.5,8,0.581,1,184.3
KAG-NER-01043,Arunachal Pradesh,27.937,91.5826,Weathered Gneiss,1.37,10.99,2717.2,16.3,0.636,6.0,2,0.292,0,150.2
KAG-NER-01044,Nagaland,26.3156,94.3279,Sedimentary Shale,75.59,282.21,1875.7,10.1,0.551,8.9,8,0.519,1,194.9
KAG-NER-01045,Tripura,23.5718,91.203,Rocky Phyllite,16.96,64.84,616.4,12.3,0.055,12.2,0,0.199,0,117.7
KAG-NER-01046,Nagaland,25.5273,94.7848,Sedimentary Shale,38.75,138.9,2121.3,26.9,0.621,5.1,5,0.476,1,155.8
KAG-NER-01047,Assam,26.765,91.072,Weathered Gneiss,97.04,251.58,552.5,18.3,0.314,2.4,2,0.533,1,142.7
KAG-NER-01048,Assam,26.2994,93.1662,Weathered Gneiss,6.25,36.31,252.4,7.7,0.132,8.5,1,0.106,0,56.5
KAG-NER-01049,Mizoram,24.0534,92.348,Sedimentary Shale,31.8,112.21,1514.9,24.2,0.569,18.5,2,0.444,1,193.0
KAG-NER-01050,Assam,26.1313,94.5039,Sedimentary Shale,54.94,117.16,1585.6,35.8,0.69,2.3,3,0.508,1,147.5
KAG-NER-01051,Mizoram,22.8137,92.5215,Sedimentary Shale,53.85,143.8,594.0,41.7,0.697,4.2,3,0.583,1,153.1
KAG-NER-01052,Meghalaya,25.9631,91.7948,Weathered Gneiss,28.34,73.33,1027.6,29.4,0.491,18.1,2,0.304,0,149.5
KAG-NER-01053,Tripura,23.514,91.1804,Sedimentary Shale,37.25,118.99,2652.5,34.9,0.468,8.1,1,0.455,1,186.8
KAG-NER-01054,Manipur,24.0395,93.3916,Clayey Loam,53.84,141.52,855.2,20.6,0.363,20.8,2,0.386,1,170.3
KAG-NER-01055,Sikkim,27.717,88.4327,Sedimentary Shale,69.88,196.69,503.1,25.8,0.706,9.6,7,0.595,1,172.0
KAG-NER-01056,Arunachal Pradesh,28.0525,95.6323,Alluvial Sandy Silt,54.52,151.65,2779.8,35.2,0.605,17.9,3,0.499,1,221.9
KAG-NER-01057,Manipur,24.5713,93.306,Sedimentary Shale,16.6,57.01,902.3,35.1,0.451,7.2,2,0.358,0,122.5
KAG-NER-01058,Arunachal Pradesh,27.7274,95.5864,Sedimentary Shale,217.43,592.88,1930.3,23.0,0.034,3.2,0,1.038,2,263.4
KAG-NER-01059,Meghalaya,25.8239,90.3712,Sedimentary Shale,21.66,153.28,709.8,27.7,0.694,19.6,6,0.332,0,159.4
KAG-NER-01060,Nagaland,26.3696,94.2578,Clayey Loam,0.94,11.78,1576.3,43.0,0.12,20.5,0,0.253,0,175.4
KAG-NER-01061,Mizoram,24.1612,92.4347,Sedimentary Shale,17.11,56.38,1130.7,31.3,0.358,16.2,2,0.359,0,145.1
KAG-NER-01062,Sikkim,27.4738,88.8036,Weathered Gneiss,5.2,36.55,2695.5,31.7,0.421,17.4,2,0.237,0,180.4
KAG-NER-01063,Manipur,24.574,93.7712,Sedimentary Shale,4.92,34.05,1257.2,37.4,0.087,2.1,0,0.214,0,81.4
KAG-NER-01064,Arunachal Pradesh,27.0127,92.7516,Alluvial Sandy Silt,12.56,96.11,1669.0,10.6,0.377,17.1,0,0.279,0,168.0
KAG-NER-01065,Arunachal Pradesh,27.4192,95.7531,Rocky Phyllite,2.08,48.62,2649.8,26.9,0.208,11.4,2,0.238,0,157.0
KAG-NER-01066,Manipur,24.3957,93.7374,Weathered Gneiss,44.32,155.68,2770.7,44.4,0.462,11.1,1,0.516,1,219.5
KAG-NER-01067,Assam,26.7398,91.2298,Alluvial Sandy Silt,2.92,74.87,356.5,20.5,0.586,12.8,3,0.292,0,119.5
KAG-NER-01068,Assam,26.481,93.8234,Weathered Gneiss,8.64,26.18,2349.4,17.8,0.586,7.4,2,0.22,0,142.1
KAG-NER-01069,Arunachal Pradesh,28.287,94.3182,Rocky Phyllite,3.71,29.66,1119.4,30.0,0.302,15.9,2,0.339,0,159.7
KAG-NER-01070,Arunachal Pradesh,27.9705,92.0683,Alluvial Sandy Silt,2.48,54.9,1697.9,14.8,0.647,7.9,6,0.284,0,121.5
KAG-NER-01071,Arunachal Pradesh,28.4132,92.0966,Sedimentary Shale,11.84,45.36,1100.1,28.2,0.669,13.2,3,0.403,1,153.8
KAG-NER-01072,Assam,26.8845,91.6917,Sedimentary Shale,32.24,154.48,1171.0,12.2,0.53,4.7,2,0.356,0,117.8
KAG-NER-01073,Assam,27.107,93.7398,Weathered Gneiss,127.05,239.58,512.1,29.2,0.499,15.5,4,0.662,1,205.8
KAG-NER-01074,Assam,26.8553,91.4858,Alluvial Sandy Silt,79.19,164.47,1637.9,30.1,0.324,5.8,0,0.538,1,178.2
KAG-NER-01075,Sikkim,27.4101,88.5943,Sedimentary Shale,79.3,256.97,1567.1,22.7,0.268,5.4,1,0.586,1,182.2
KAG-NER-01076,Arunachal Pradesh,28.132,91.9678,Alluvial Sandy Silt,7.36,23.98,595.0,21.3,0.717,2.5,5,0.336,0,103.2
KAG-NER-01077,Arunachal Pradesh,28.4398,95.506,Alluvial Sandy Silt,11.69,55.24,1553.5,15.8,0.331,4.4,0,0.145,0,83.6
KAG-NER-01078,Nagaland,25.7785,94.6341,Weathered Gneiss,3.02,9.28,2726.8,19.2,0.872,6.7,10,0.293,0,158.6
KAG-NER-01079,Assam,26.5257,92.5781,Alluvial Sandy Silt,57.27,134.8,2023.2,25.9,0.234,6.4,2,0.343,0,145.6
KAG-NER-01080,Sikkim,27.3201,88.5648,Rocky Phyllite,2.75,66.88,1388.3,15.9,0.841,8.6,2,0.278,0,132.6
KAG-NER-01081,Manipur,25.0218,93.6575,Sedimentary Shale,30.91,111.42,2571.7,37.3,0.58,3.1,3,0.478,1,158.6
KAG-NER-01082,Assam,26.6809,93.6469,Clayey Loam,10.82,33.66,1644.9,34.4,0.399,20.7,1,0.354,0,193.6
KAG-NER-01083,Arunachal Pradesh,28.0378,91.7338,Sedimentary Shale,10.6,24.89,447.3,16.8,0.493,4.4,3,0.234,0,77.2
KAG-NER-01084,Mizoram,24.0896,92.8041,Sedimentary Shale,177.86,632.28,1569.2,9.9,0.445,16.0,4,0.959,2,276.4
KAG-NER-01085,Sikkim,27.2837,88.2934,Rocky Phyllite,53.72,153.24,572.2,6.0,0.427,12.7,0,0.374,0,146.6
KAG-NER-01086,Meghalaya,25.5347,92.5058,Alluvial Sandy Silt,68.92,134.53,2167.6,29.9,0.233,13.1,2,0.419,1,182.8
KAG-NER-01087,Nagaland,25.9297,94.5246,Alluvial Sandy Silt,32.25,110.57,2710.7,14.5,0.104,4.1,0,0.236,0,135.4
KAG-NER-01088,Assam,25.9355,92.6423,Weathered Gneiss,77.83,284.37,1061.4,6.5,0.603,6.9,8,0.542,1,155.1
KAG-NER-01089,Sikkim,27.7942,88.7164,Sedimentary Shale,39.41,136.83,1263.0,20.4,0.632,17.6,2,0.391,1,193.7
KAG-NER-01090,Assam,26.0947,92.7565,Weathered Gneiss,111.04,321.08,1226.5,44.5,0.372,11.3,4,0.811,2,232.6
KAG-NER-01091,Sikkim,27.2635,88.4276,Alluvial Sandy Silt,12.55,43.97,856.0,33.6,0.35,11.1,0,0.329,0,129.7
KAG-NER-01092,Nagaland,26.4921,94.5568,Alluvial Sandy Silt,34.38,105.89,2240.2,40.3,0.667,12.9,3,0.532,1,216.8
KAG-NER-01093,Nagaland,25.7193,94.7833,Sedimentary Shale,44.52,110.78,1760.2,11.8,0.611,10.7,3,0.421,1,168.5
KAG-NER-01094,Meghalaya,25.6333,91.1878,Weathered Gneiss,18.97,117.4,254.2,8.9,0.188,18.1,1,0.205,0,147.1
KAG-NER-01095,Assam,26.5027,93.2228,Alluvial Sandy Silt,80.48,276.67,2361.6,6.5,0.68,17.0,6,0.505,1,230.3
KAG-NER-01096,Assam,26.5838,92.6888,Rocky Phyllite,148.28,294.14,588.9,44.2,0.548,8.3,3,0.842,2,211.1
KAG-NER-01097,Assam,26.5069,91.2939,Weathered Gneiss,25.87,94.64,2743.3,18.0,0.44,18.2,3,0.375,0,209.9
KAG-NER-01098,Assam,26.9378,92.9379,Alluvial Sandy Silt,18.82,98.62,1104.5,24.4,0.17,12.4,0,0.335,0,145.0
KAG-NER-01099,Manipur,24.1835,94.2259,Clayey Loam,24.26,73.43,1756.7,21.8,0.149,14.6,2,0.301,0,151.8
KAG-NER-01100,Arunachal Pradesh,28.3919,95.7629,Weathered Gneiss,72.79,211.06,291.7,35.2,0.568,19.3,8,0.587,1,209.7
KAG-NER-01101,Assam,26.3166,91.1098,Weathered Gneiss,39.4,122.93,1017.5,18.4,0.421,11.5,2,0.423,1,152.9
KAG-NER-01102,Sikkim,27.4629,88.1901,Alluvial Sandy Silt,1.74,45.44,2262.4,27.4,0.262,17.1,2,0.219,0,163.1
KAG-NER-01103,Tripura,24.3208,91.3203,Clayey Loam,29.69,88.48,1378.0,45.8,0.857,14.6,6,0.547,1,200.4
KAG-NER-01104,Tripura,23.5033,91.588,Alluvial Sandy Silt,0.66,11.43,2540.5,23.8,0.711,10.5,1,0.304,0,156.2
KAG-NER-01105,Sikkim,27.3682,88.7357,Sedimentary Shale,57.28,126.45,1644.4,28.1,0.183,17.8,0,0.451,1,199.6
KAG-NER-01106,Assam,26.4388,91.2685,Weathered Gneiss,15.12,33.63,2605.7,26.1,0.145,4.1,1,0.24,0,125.8
KAG-NER-01107,Arunachal Pradesh,27.3275,93.791,Weathered Gneiss,24.27,69.57,2752.7,38.1,0.472,13.6,5,0.446,1,202.6
KAG-NER-01108,Manipur,24.2064,93.9786,Weathered Gneiss,60.91,167.72,1314.6,16.7,0.559,2.9,6,0.458,1,137.1
KAG-NER-01109,Nagaland,26.192,94.4721,Weathered Gneiss,1.81,24.16,1617.2,12.8,0.664,5.1,2,0.21,0,100.1
KAG-NER-01110,Assam,27.1128,94.6051,Weathered Gneiss,6.56,44.79,2351.0,36.2,0.504,14.0,3,0.316,0,161.6
KAG-NER-01111,Mizoram,24.2191,92.5692,Alluvial Sandy Silt,19.28,101.42,682.6,22.6,0.504,8.2,5,0.285,0,112.0
KAG-NER-01112,Assam,25.9842,91.8602,Weathered Gneiss,9.93,75.6,2423.6,42.5,0.758,7.2,9,0.33,0,135.7
KAG-NER-01113,Assam,27.0531,94.8742,Weathered Gneiss,15.67,56.0,1690.0,31.8,0.885,21.1,7,0.454,1,193.4
KAG-NER-01114,Meghalaya,25.8734,90.486,Clayey Loam,239.63,489.25,2053.4,28.6,0.576,9.3,1,1.157,2,311.0
KAG-NER-01115,Nagaland,26.7264,94.035,Clayey Loam,66.32,121.77,297.2,8.8,0.634,13.3,5,0.442,1,149.0
KAG-NER-01116,Nagaland,25.413,94.0636,Weathered Gneiss,81.83,168.31,2164.0,35.2,0.12,12.7,1,0.535,1,209.0
KAG-NER-01117,Assam,25.8645,92.9475,Rocky Phyllite,105.09,263.2,925.3,33.4,0.835,3.2,4,0.774,2,196.3
KAG-NER-01118,Mizoram,23.3078,92.8208,Sedimentary Shale,15.84,61.95,2270.2,31.6,0.624,15.5,2,0.402,1,178.2
KAG-NER-01119,Arunachal Pradesh,27.8811,95.4096,Weathered Gneiss,13.4,35.37,1464.9,16.7,0.182,12.3,1,0.219,0,125.1
KAG-NER-01120,Assam,26.7267,92.4532,Sedimentary Shale,10.13,35.82,827.0,43.9,0.438,9.6,2,0.318,0,121.7
KAG-NER-01121,Tripura,24.1833,92.1867,Clayey Loam,67.36,188.53,2671.5,18.9,0.462,3.3,2,0.54,1,187.8
KAG-NER-01122,Sikkim,27.1838,88.5255,Clayey Loam,43.25,103.82,2161.0,12.1,0.689,7.9,3,0.408,1,167.2
KAG-NER-01123,Mizoram,23.2268,92.3518,Alluvial Sandy Silt,10.24,44.78,2761.1,45.5,0.66,19.7,6,0.38,1,212.6
KAG-NER-01124,Mizoram,23.8028,93.249,Sedimentary Shale,17.98,67.01,1071.4,35.8,0.143,5.5,0,0.272,0,107.3
KAG-NER-01125,Nagaland,25.6281,94.6186,Alluvial Sandy Silt,26.85,88.18,1845.9,22.6,0.622,6.4,7,0.313,0,132.9
KAG-NER-01126,Meghalaya,25.8681,92.5773,Weathered Gneiss,28.54,91.72,1743.5,43.4,0.561,6.1,1,0.487,1,157.5
KAG-NER-01127,Assam,26.1714,94.5678,Clayey Loam,83.44,201.32,1950.2,9.6,0.401,19.8,1,0.46,1,214.0
KAG-NER-01128,Arunachal Pradesh,27.4131,93.9855,Sedimentary Shale,18.2,57.17,184.2,9.5,0.69,16.0,1,0.169,0,88.6
KAG-NER-01129,Arunachal Pradesh,26.9808,91.6975,Sedimentary Shale,90.88,215.65,873.5,33.3,0.534,19.6,4,0.617,1,221.2
KAG-NER-01130,Arunachal Pradesh,28.0526,93.5002,Rocky Phyllite,22.13,100.91,2553.4,13.1,0.338,20.3,3,0.242,0,198.4
KAG-NER-01131,Manipur,24.3588,93.3047,Weathered Gneiss,52.13,182.08,1232.8,42.7,0.48,20.6,2,0.565,1,217.8
KAG-NER-01132,Meghalaya,25.703,90.201,Weathered Gneiss,101.19,195.14,2693.0,39.6,0.662,11.7,3,0.644,1,252.4
KAG-NER-01133,Assam,26.9282,90.8566,Weathered Gneiss,90.49,263.91,660.7,18.3,0.289,11.5,0,0.553,1,178.0
KAG-NER-01134,Assam,26.0681,92.2381,Clayey Loam,2.23,11.86,2793.0,41.6,0.285,18.6,2,0.339,0,216.3
KAG-NER-01135,Nagaland,26.0788,93.9325,Weathered Gneiss,8.75,28.37,1977.4,7.7,0.435,8.6,2,0.174,0,122.7
KAG-NER-01136,Assam,26.249,94.8376,Weathered Gneiss,24.62,66.56,2191.8,27.9,0.293,2.4,0,0.327,0,135.6
KAG-NER-01137,Mizoram,23.7624,92.3258,Sedimentary Shale,21.46,94.88,1159.5,43.4,0.505,8.6,3,0.499,1,164.4
KAG-NER-01138,Meghalaya,25.4872,92.475,Weathered Gneiss,38.92,128.5,2547.1,40.2,0.474,16.3,4,0.475,1,204.5
KAG-NER-01139,Meghalaya,25.3713,90.4458,Rocky Phyllite,110.02,254.49,1563.7,20.2,0.323,4.5,2,0.599,1,160.6
KAG-NER-01140,Nagaland,26.4617,94.309,Rocky Phyllite,4.53,9.59,1932.2,13.3,0.169,17.7,1,0.132,0,141.3
KAG-NER-01141,Mizoram,23.6555,92.3589,Rocky Phyllite,22.85,82.05,337.9,14.4,0.429,18.3,1,0.234,0,125.1
KAG-NER-01142,Arunachal Pradesh,27.1248,94.3015,Weathered Gneiss,8.12,21.65,1798.2,26.6,0.512,4.0,2,0.242,0,107.4
KAG-NER-01143,Nagaland,25.691,94.1561,Clayey Loam,85.32,204.15,2471.1,29.9,0.729,4.0,7,0.558,1,176.6
KAG-NER-01144,Meghalaya,25.5904,90.9371,Alluvial Sandy Silt,126.94,390.59,564.9,7.3,0.114,6.0,1,0.726,2,192.8
KAG-NER-01145,Arunachal Pradesh,28.4175,95.2911,Weathered Gneiss,24.75,75.73,2086.6,22.5,0.38,9.1,3,0.334,0,145.9
KAG-NER-01146,Mizoram,23.8836,92.3858,Clayey Loam,4.17,14.3,149.1,39.2,0.079,12.7,1,0.194,0,88.9
KAG-NER-01147,Manipur,24.1486,93.7885,Clayey Loam,58.46,148.47,2599.3,23.8,0.092,11.7,0,0.421,1,191.6
KAG-NER-01148,Nagaland,25.625,94.8674,Sedimentary Shale,45.39,140.32,2753.5,12.8,0.507,19.1,2,0.339,0,214.3
KAG-NER-01149,Mizoram,23.0378,92.8362,Rocky Phyllite,16.64,64.47,1043.4,44.2,0.464,4.8,4,0.401,1,135.5
KAG-NER-01150,Mizoram,23.3462,93.0033,Clayey Loam,82.99,202.38,371.2,16.7,0.343,16.0,1,0.493,1,166.0
KAG-NER-01151,Manipur,24.1807,93.6885,Alluvial Sandy Silt,141.46,493.78,1871.3,37.9,0.346,13.0,1,0.924,2,273.7
KAG-NER-01152,Mizoram,23.2121,93.2765,Clayey Loam,31.01,113.11,161.1,13.8,0.395,16.7,4,0.268,0,139.9
KAG-NER-01153,Nagaland,25.4568,94.7706,Weathered Gneiss,31.7,97.32,1392.4,22.9,0.116,8.8,1,0.33,0,145.9
KAG-NER-01154,Nagaland,26.5662,93.8464,Clayey Loam,13.42,42.79,819.2,25.6,0.262,11.4,3,0.246,0,124.9
KAG-NER-01155,Nagaland,26.505,93.4468,Alluvial Sandy Silt,33.37,76.2,1367.5,26.0,0.371,2.6,1,0.404,1,131.2
KAG-NER-01156,Manipur,25.3536,93.8426,Weathered Gneiss,22.01,63.17,129.7,26.7,0.657,4.3,5,0.319,0,91.9
KAG-NER-01157,Assam,26.2246,92.1316,Sedimentary Shale,13.67,68.52,220.4,15.0,0.493,9.5,2,0.236,0,111.9
KAG-NER-01158,Tripura,23.2797,92.2872,Clayey Loam,2.64,9.1,123.5,26.6,0.583,11.6,4,0.261,0,115.1
KAG-NER-01159,Mizoram,22.8589,93.0204,Clayey Loam,11.07,168.55,1764.0,25.3,0.356,3.7,0,0.388,1,138.8
KAG-NER-01160,Assam,26.4198,94.7701,Rocky Phyllite,8.38,31.8,1603.5,14.3,0.356,18.5,4,0.154,0,148.8
KAG-NER-01161,Mizoram,23.169,92.8853,Sedimentary Shale,29.68,73.81,714.2,45.5,0.379,20.9,1,0.448,1,186.2
KAG-NER-01162,Assam,26.4753,93.6629,Sedimentary Shale,34.98,77.06,1838.9,40.6,0.095,13.9,0,0.373,0,160.5
KAG-NER-01163,Arunachal Pradesh,27.0088,92.3721,Alluvial Sandy Silt,35.64,132.31,2485.0,41.5,0.292,3.1,2,0.501,1,164.7
KAG-NER-01164,Manipur,24.3004,94.181,Clayey Loam,18.67,51.71,834.3,33.4,0.709,16.8,3,0.409,1,164.8
KAG-NER-01165,Assam,26.0648,93.0807,Clayey Loam,20.78,66.88,2343.0,12.4,0.442,6.3,2,0.175,0,115.4
KAG-NER-01166,Mizoram,23.1229,93.2478,Weathered Gneiss,68.29,165.18,1882.0,28.7,0.323,16.7,2,0.445,1,192.2
KAG-NER-01167,Mizoram,24.2133,92.8703,Alluvial Sandy Silt,24.57,119.39,172.0,38.9,0.547,10.7,2,0.408,1,126.3
KAG-NER-01168,Meghalaya,25.4171,90.8086,Sedimentary Shale,167.36,366.56,1100.4,7.5,0.793,3.1,3,0.831,2,215.5
KAG-NER-01169,Assam,25.8697,91.7083,Alluvial Sandy Silt,22.01,82.72,1461.1,25.8,0.633,7.6,4,0.419,1,165.7
KAG-NER-01170,Arunachal Pradesh,27.9468,93.9013,Sedimentary Shale,39.85,118.59,2070.2,21.8,0.293,10.5,2,0.335,0,169.6
KAG-NER-01171,Nagaland,26.7217,93.9944,Sedimentary Shale,1.96,8.48,861.0,14.5,0.367,16.7,3,0.158,0,103.9
KAG-NER-01172,Sikkim,27.5857,88.4915,Clayey Loam,40.26,114.0,2753.0,21.1,0.518,4.7,4,0.376,0,169.3
KAG-NER-01173,Nagaland,26.1176,93.8017,Weathered Gneiss,72.45,149.4,1941.9,45.3,0.642,7.7,3,0.652,1,212.4
KAG-NER-01174,Arunachal Pradesh,27.6279,93.6185,Sedimentary Shale,108.5,250.99,1094.1,34.9,0.29,3.7,3,0.636,1,169.9
KAG-NER-01175,Nagaland,26.3893,94.811,Weathered Gneiss,225.04,750.0,343.9,18.0,0.132,14.3,1,1.17,2,289.5
KAG-NER-01176,Meghalaya,25.3964,90.3097,Sedimentary Shale,12.6,70.81,573.3,30.2,0.361,11.5,2,0.296,0,119.8
KAG-NER-01177,Manipur,24.6948,93.8711,Weathered Gneiss,32.55,88.31,1406.3,15.9,0.418,20.6,4,0.299,0,181.8
KAG-NER-01178,Assam,26.0358,93.9221,Sedimentary Shale,22.77,71.31,1425.6,30.4,0.188,16.8,2,0.271,0,158.5
KAG-NER-01179,Manipur,25.3789,94.5132,Sedimentary Shale,31.53,95.75,2168.2,41.8,0.644,17.6,3,0.427,1,213.7
KAG-NER-01180,Meghalaya,25.2774,92.4759,Sedimentary Shale,6.51,44.8,2055.2,28.3,0.321,5.3,1,0.29,0,137.9
KAG-NER-01181,Sikkim,27.5931,88.4631,Weathered Gneiss,73.68,172.84,627.5,35.3,0.449,7.3,4,0.557,1,169.6
KAG-NER-01182,Arunachal Pradesh,27.765,95.3232,Sedimentary Shale,91.32,307.26,1698.3,24.1,0.469,12.3,3,0.692,1,230.1
KAG-NER-01183,Nagaland,26.0722,93.9598,Weathered Gneiss,22.69,72.77,136.1,27.0,0.296,2.3,2,0.318,0,74.5
KAG-NER-01184,Tripura,23.7919,91.795,Weathered Gneiss,12.51,29.6,1164.0,33.8,0.762,19.4,4,0.392,1,169.2
KAG-NER-01185,Assam,26.0647,94.5541,Clayey Loam,5.77,42.13,2158.4,38.5,0.553,17.6,4,0.392,1,202.3
KAG-NER-01186,Tripura,24.009,91.8599,Clayey Loam,43.75,97.01,1166.7,32.4,0.239,3.2,0,0.485,1,146.0
KAG-NER-01187,Nagaland,25.5393,94.3063,Clayey Loam,14.22,55.83,2352.8,45.1,0.411,19.0,4,0.433,1,209.4
KAG-NER-01188,Assam,25.9693,90.8541,Weathered Gneiss,91.31,172.17,2735.1,38.8,0.249,2.1,1,0.615,1,198.6
KAG-NER-01189,Arunachal Pradesh,27.7437,93.3125,Sedimentary Shale,42.25,136.54,1731.6,37.1,0.11,4.3,0,0.415,1,140.8
KAG-NER-01190,Manipur,24.8243,93.1428,Weathered Gneiss,39.43,144.28,474.4,39.8,0.278,3.1,0,0.5,1,124.7
KAG-NER-01191,Assam,26.4034,91.2865,Alluvial Sandy Silt,31.15,94.19,1112.7,17.2,0.803,11.6,2,0.357,0,134.5
KAG-NER-01192,Nagaland,26.7819,94.2417,Weathered Gneiss,1.78,39.0,105.8,23.3,0.184,17.7,2,0.209,0,118.0
KAG-NER-01193,Arunachal Pradesh,27.9999,92.9644,Alluvial Sandy Silt,102.11,310.75,1719.4,28.6,0.388,5.6,4,0.732,2,204.8
KAG-NER-01194,Nagaland,25.5326,94.8638,Alluvial Sandy Silt,37.57,130.37,2314.7,24.5,0.711,17.4,3,0.484,1,220.6
KAG-NER-01195,Assam,26.2008,92.4071,Rocky Phyllite,194.8,606.25,1793.4,39.9,0.049,5.7,0,1.094,2,265.8
KAG-NER-01196,Mizoram,23.7748,92.3272,Rocky Phyllite,29.29,104.05,2218.2,7.1,0.722,21.8,7,0.341,0,208.9
KAG-NER-01197,Sikkim,27.6672,88.5293,Clayey Loam,47.05,171.53,2255.7,14.4,0.111,19.1,1,0.313,0,185.7
KAG-NER-01198,Sikkim,27.2948,88.1493,Sedimentary Shale,2.2,27.31,2394.8,41.3,0.636,16.7,1,0.327,0,178.6
KAG-NER-01199,Manipur,24.2275,94.4321,Rocky Phyllite,37.96,168.16,805.3,8.4,0.326,13.8,4,0.374,0,147.0
KAG-NER-01200,Assam,26.7604,91.6246,Alluvial Sandy Silt,54.97,112.88,2449.9,15.1,0.26,6.9,1,0.319,0,138.4
KAG-NER-01201,Manipur,24.0918,94.105,Alluvial Sandy Silt,57.28,111.12,1859.1,20.1,0.578,4.4,1,0.411,1,144.5
KAG-NER-01202,Assam,26.6014,92.3203,Sedimentary Shale,55.87,169.49,868.1,36.0,0.667,11.2,4,0.548,1,176.6
KAG-NER-01203,Assam,26.3091,91.4757,Weathered Gneiss,9.75,61.59,2765.4,28.4,0.346,10.1,5,0.25,0,157.2
KAG-NER-01204,Arunachal Pradesh,27.9714,95.868,Alluvial Sandy Silt,140.79,398.11,2664.5,44.2,0.707,15.5,6,0.946,2,309.8
KAG-NER-01205,Meghalaya,25.2581,91.7525,Sedimentary Shale,202.75,456.22,1642.5,15.1,0.332,5.4,0,0.872,2,228.7
KAG-NER-01206,Manipur,24.5939,93.7147,Sedimentary Shale,2.99,19.06,2373.5,40.9,0.235,13.2,2,0.21,0,158.0
KAG-NER-01207,Nagaland,25.7558,94.6377,Weathered Gneiss,104.72,326.46,791.3,17.3,0.278,15.9,2,0.612,1,204.9
KAG-NER-01208,Meghalaya,25.5367,91.6129,Weathered Gneiss,12.99,76.37,1211.6,15.8,0.533,8.0,2,0.289,0,128.8
KAG-NER-01209,Arunachal Pradesh,27.3876,92.3181,Sedimentary Shale,44.42,96.59,580.4,25.9,0.56,17.6,8,0.347,0,167.4
KAG-NER-01210,Sikkim,27.1601,88.6713,Weathered Gneiss,15.68,55.08,1494.7,8.8,0.462,10.6,6,0.22,0,112.5
KAG-NER-01211,Arunachal Pradesh,27.214,94.6053,Sedimentary Shale,130.51,354.23,1429.1,21.4,0.767,5.3,7,0.869,2,224.4
KAG-NER-01212,Meghalaya,25.4513,91.281,Weathered Gneiss,4.07,24.15,658.9,20.2,0.509,5.9,2,0.211,0,81.7
KAG-NER-01213,Assam,26.4568,92.1547,Sedimentary Shale,26.17,85.25,1910.0,12.4,0.712,7.6,4,0.287,0,152.9
KAG-NER-01214,Manipur,24.1409,93.4954,Rocky Phyllite,21.23,66.03,400.4,40.4,0.096,5.2,0,0.316,0,104.1
KAG-NER-01215,Nagaland,26.3292,94.3987,Sedimentary Shale,14.99,76.73,247.8,21.4,0.215,13.3,4,0.261,0,117.0
KAG-NER-01216,Assam,26.2007,92.5705,Alluvial Sandy Silt,39.41,86.68,1126.9,45.3,0.107,21.0,1,0.379,0,194.0
KAG-NER-01217,Assam,26.0708,91.4467,Sedimentary Shale,5.34,25.16,1194.7,42.0,0.221,19.9,3,0.323,0,171.4
KAG-NER-01218,Nagaland,25.4323,94.7451,Weathered Gneiss,47.92,170.73,949.7,13.8,0.458,8.5,3,0.413,1,145.6
KAG-NER-01219,Nagaland,25.695,93.7413,Sedimentary Shale,149.8,501.88,781.6,26.2,0.593,19.3,5,1.027,2,290.1
KAG-NER-01220,Arunachal Pradesh,27.3474,92.0733,Rocky Phyllite,62.03,224.85,1001.5,30.1,0.351,21.1,4,0.459,1,186.1
KAG-NER-01221,Sikkim,27.5475,88.1601,Sedimentary Shale,74.72,203.13,524.4,38.8,0.084,7.9,3,0.474,1,149.1
KAG-NER-01222,Assam,25.9879,93.4014,Weathered Gneiss,16.94,61.8,1177.4,41.4,0.211,20.1,2,0.316,0,162.7
KAG-NER-01223,Meghalaya,25.4057,92.0407,Alluvial Sandy Silt,14.93,71.14,2540.5,31.0,0.164,21.9,1,0.22,0,194.6
KAG-NER-01224,Sikkim,27.4902,88.3048,Clayey Loam,27.66,107.86,690.4,7.4,0.519,18.0,3,0.345,0,166.1
KAG-NER-01225,Arunachal Pradesh,27.9413,92.0232,Alluvial Sandy Silt,1.78,11.66,1941.7,25.3,0.612,9.8,5,0.27,0,123.4
KAG-NER-01226,Nagaland,26.151,94.0557,Sedimentary Shale,110.46,369.65,465.7,41.4,0.305,14.2,2,0.776,2,229.2
KAG-NER-01227,Arunachal Pradesh,27.3286,94.218,Alluvial Sandy Silt,5.9,64.39,1042.6,34.6,0.39,9.3,3,0.373,0,141.2
KAG-NER-01228,Arunachal Pradesh,28.2941,95.9951,Rocky Phyllite,88.66,202.87,953.6,40.8,0.156,21.9,0,0.599,1,217.9
KAG-NER-01229,Sikkim,27.5254,88.4238,Clayey Loam,3.32,29.53,2628.7,33.0,0.179,3.4,2,0.221,0,110.0
KAG-NER-01230,Arunachal Pradesh,27.2603,92.6569,Weathered Gneiss,65.72,187.72,1244.1,7.8,0.507,19.9,1,0.396,1,185.6
KAG-NER-01231,Tripura,23.7753,91.5407,Weathered Gneiss,6.26,53.13,1958.1,44.7,0.775,3.5,11,0.453,1,152.4
KAG-NER-01232,Assam,27.0793,92.1573,Sedimentary Shale,1.48,21.25,1718.7,42.7,0.61,2.8,3,0.375,0,140.1
KAG-NER-01233,Assam,26.3228,92.2259,Alluvial Sandy Silt,48.3,185.59,463.6,11.1,0.643,20.8,5,0.456,1,184.3
KAG-NER-01234,Assam,26.9713,93.4285,Sedimentary Shale,12.5,119.25,2635.6,10.5,0.551,19.3,4,0.309,0,189.7
KAG-NER-01235,Nagaland,26.2598,93.9012,Sedimentary Shale,47.63,210.3,1020.8,27.6,0.365,9.2,2,0.53,1,156.0
KAG-NER-01236,Arunachal Pradesh,28.2086,91.6726,Weathered Gneiss,30.78,108.0,201.7,36.3,0.636,21.2,8,0.424,1,174.4
KAG-NER-01237,Mizoram,24.1062,92.864,Sedimentary Shale,4.38,12.95,897.2,21.3,0.746,19.2,3,0.365,0,170.3
KAG-NER-01238,Meghalaya,25.4584,91.4926,Sedimentary Shale,102.23,233.48,992.9,11.5,0.52,20.0,1,0.639,1,237.9
KAG-NER-01239,Sikkim,27.5672,88.1102,Sedimentary Shale,22.88,54.07,332.3,26.4,0.836,13.9,6,0.46,1,152.8
KAG-NER-01240,Assam,27.0202,92.5103,Rocky Phyllite,50.39,164.76,1766.3,19.5,0.774,21.2,4,0.479,1,221.5
KAG-NER-01241,Mizoram,23.3144,92.4521,Clayey Loam,26.42,90.09,1023.2,20.1,0.209,18.2,2,0.239,0,144.4
KAG-NER-01242,Manipur,24.6153,93.7941,Weathered Gneiss,35.24,106.15,1791.2,31.8,0.594,20.8,3,0.44,1,188.3
KAG-NER-01243,Manipur,24.5651,94.0859,Sedimentary Shale,13.7,25.77,98.3,41.4,0.378,7.6,3,0.344,0,112.8
KAG-NER-01244,Mizoram,23.4313,93.3576,Weathered Gneiss,8.5,52.53,2751.2,28.3,0.448,12.6,2,0.323,0,176.0
KAG-NER-01245,Manipur,24.839,94.292,Alluvial Sandy Silt,29.72,79.83,543.8,33.5,0.198,19.4,2,0.327,0,161.0
KAG-NER-01246,Nagaland,25.5531,93.9959,Sedimentary Shale,22.05,84.8,1873.4,32.4,0.27,13.6,2,0.365,0,172.8
KAG-NER-01247,Assam,26.2716,93.0627,Rocky Phyllite,18.79,99.53,2026.9,28.0,0.537,18.0,3,0.349,0,179.8
KAG-NER-01248,Assam,27.0056,90.8525,Alluvial Sandy Silt,42.43,114.79,546.8,18.4,0.352,21.5,3,0.345,0,165.5
KAG-NER-01249,Tripura,23.2871,92.1204,Rocky Phyllite,44.57,93.56,383.9,21.1,0.372,18.1,2,0.38,0,157.5
KAG-NER-01250,Nagaland,25.698,94.4031,Weathered Gneiss,1.79,15.03,495.0,18.6,0.148,8.3,1,0.143,0,81.4
KAG-NER-01251,Manipur,24.76,94.3326,Alluvial Sandy Silt,15.72,49.07,751.3,42.7,0.595,4.4,7,0.377,0,120.1
KAG-NER-01252,Meghalaya,25.2126,90.5374,Weathered Gneiss,20.16,61.11,537.6,39.1,0.176,7.5,0,0.285,0,105.1
KAG-NER-01253,Assam,26.5795,94.7587,Sedimentary Shale,3.87,84.15,1913.3,29.2,0.391,15.3,4,0.336,0,186.8
KAG-NER-01254,Assam,26.381,91.9712,Clayey Loam,10.22,50.63,1224.7,42.5,0.885,2.2,3,0.469,1,142.8
KAG-NER-01255,Nagaland,26.2494,94.7957,Weathered Gneiss,2.01,10.01,1542.8,41.5,0.153,5.8,2,0.305,0,132.7
KAG-NER-01256,Meghalaya,25.8532,92.7883,Weathered Gneiss,212.19,422.95,208.8,43.1,0.236,8.5,0,1.106,2,264.0
KAG-NER-01257,Assam,25.8316,91.0079,Weathered Gneiss,50.69,203.08,2422.6,14.9,0.247,19.5,1,0.376,0,207.5
KAG-NER-01258,Meghalaya,25.6485,92.3335,Weathered Gneiss,3.48,13.37,544.0,34.7,0.554,3.0,5,0.342,0,105.7
KAG-NER-01259,Assam,26.1993,91.5764,Alluvial Sandy Silt,0.78,20.17,1059.6,30.4,0.263,3.0,3,0.235,0,100.7
KAG-NER-01260,Nagaland,26.5018,93.4846,Alluvial Sandy Silt,48.28,173.79,275.6,35.4,0.101,13.0,0,0.429,1,147.6
KAG-NER-01261,Arunachal Pradesh,27.491,93.7761,Clayey Loam,21.98,76.1,452.1,16.5,0.433,5.6,1,0.381,1,122.7
KAG-NER-01262,Manipur,24.7845,94.1658,Rocky Phyllite,58.73,185.18,1891.0,33.8,0.535,6.8,4,0.639,1,189.2
KAG-NER-01263,Arunachal Pradesh,27.4678,94.2571,Weathered Gneiss,97.67,330.6,1963.8,22.4,0.222,5.7,0,0.647,1,207.3
KAG-NER-01264,Meghalaya,25.6268,91.6238,Weathered Gneiss,34.75,135.07,1921.3,39.4,0.596,13.6,6,0.46,1,184.5
KAG-NER-01265,Assam,26.6967,91.6675,Weathered Gneiss,7.87,36.66,1581.8,37.8,0.46,3.1,3,0.306,0,105.8
KAG-NER-01266,Assam,25.9185,91.0367,Sedimentary Shale,57.92,176.2,2670.9,14.5,0.574,20.8,0,0.426,1,224.4
KAG-NER-01267,Arunachal Pradesh,27.2593,93.7509,Clayey Loam,118.53,237.0,1459.5,13.4,0.734,4.5,5,0.692,1,193.3
KAG-NER-01268,Meghalaya,25.8564,92.0234,Alluvial Sandy Silt,32.99,114.0,1302.4,34.7,0.149,21.0,0,0.377,0,190.7
KAG-NER-01269,Nagaland,26.5047,93.9265,Sedimentary Shale,43.54,149.81,753.3,28.0,0.475,17.6,4,0.431,1,184.0
KAG-NER-01270,Arunachal Pradesh,27.5474,93.2716,Clayey Loam,15.64,78.24,348.9,28.3,0.31,18.6,3,0.378,0,153.9
KAG-NER-01271,Nagaland,25.6686,93.4918,Alluvial Sandy Silt,18.26,49.0,1571.0,36.1,0.057,5.5,0,0.252,0,127.3
KAG-NER-01272,Mizoram,23.6864,93.3881,Sedimentary Shale,50.42,108.04,936.5,40.2,0.844,15.4,7,0.639,1,222.6
KAG-NER-01273,Manipur,24.2336,93.0747,Sedimentary Shale,99.86,290.23,1505.3,15.6,0.196,18.3,2,0.604,1,227.8
KAG-NER-01274,Assam,26.8913,91.6366,Clayey Loam,37.68,106.18,640.6,28.2,0.37,13.2,1,0.405,1,143.7
KAG-NER-01275,Meghalaya,25.8467,92.0302,Weathered Gneiss,59.28,182.74,2359.8,39.2,0.218,13.0,2,0.477,1,221.4
KAG-NER-01276,Assam,27.1239,92.3402,Rocky Phyllite,7.16,24.4,2799.2,40.9,0.306,5.2,3,0.364,0,175.2
KAG-NER-01277,Assam,26.7268,92.5918,Weathered Gneiss,9.05,52.39,956.9,17.5,0.69,10.3,2,0.363,0,140.6
KAG-NER-01278,Sikkim,27.5414,88.4597,Sedimentary Shale,28.86,146.68,2371.1,10.2,0.55,5.0,3,0.342,0,136.3
KAG-NER-01279,Assam,26.0641,92.7855,Alluvial Sandy Silt,7.38,46.55,2454.5,15.3,0.71,21.5,4,0.319,0,208.8
KAG-NER-01280,Meghalaya,25.5757,92.3076,Sedimentary Shale,38.3,86.05,2789.3,43.8,0.448,15.7,6,0.463,1,213.2
KAG-NER-01281,Nagaland,26.4297,94.3957,Clayey Loam,13.1,89.69,1012.2,24.5,0.208,3.0,5,0.319,0,112.6
KAG-NER-01282,Manipur,24.1587,94.153,Alluvial Sandy Silt,59.58,186.05,2136.4,22.7,0.631,11.5,3,0.474,1,192.4
KAG-NER-01283,Meghalaya,25.5503,92.5247,Rocky Phyllite,62.73,187.91,702.4,6.5,0.842,14.8,7,0.521,1,166.8
KAG-NER-01284,Assam,27.0878,90.7482,Alluvial Sandy Silt,23.68,86.72,1779.4,8.0,0.613,3.9,2,0.179,0,89.8
KAG-NER-01285,Arunachal Pradesh,28.213,91.6696,Sedimentary Shale,7.58,24.47,1997.2,32.7,0.712,15.3,4,0.295,0,160.9
KAG-NER-01286,Meghalaya,25.4305,91.61,Weathered Gneiss,39.54,178.48,2095.8,29.6,0.201,5.5,1,0.366,0,160.7
KAG-NER-01287,Assam,26.0073,93.8584,Weathered Gneiss,187.41,569.23,643.5,29.0,0.278,10.2,2,1.045,2,256.1
KAG-NER-01288,Arunachal Pradesh,26.9134,92.2587,Rocky Phyllite,37.03,109.06,2388.5,10.4,0.318,14.5,1,0.245,0,145.1
KAG-NER-01289,Assam,26.6131,93.7147,Weathered Gneiss,1.38,8.74,1225.0,20.1,0.103,9.3,1,0.096,0,89.0
KAG-NER-01290,Assam,27.0833,93.6747,Alluvial Sandy Silt,0.66,36.59,668.5,38.5,0.17,9.6,1,0.247,0,106.2
KAG-NER-01291,Arunachal Pradesh,27.9748,93.2745,Sedimentary Shale,14.68,81.62,1555.7,13.0,0.746,18.9,4,0.302,0,184.2
KAG-NER-01292,Assam,25.8018,91.0407,Sedimentary Shale,8.28,26.75,2428.3,41.3,0.66,8.2,1,0.331,0,169.9
KAG-NER-01293,Meghalaya,25.5811,91.9553,Weathered Gneiss,63.72,173.51,2710.5,10.9,0.637,15.1,5,0.401,1,191.6
KAG-NER-01294,Nagaland,25.9844,94.496,Alluvial Sandy Silt,70.8,175.68,2115.1,12.8,0.728,19.0,3,0.466,1,218.6
KAG-NER-01295,Mizoram,23.5828,92.3816,Weathered Gneiss,11.37,53.34,95.3,25.1,0.297,5.1,1,0.29,0,93.6
KAG-NER-01296,Assam,26.0688,94.28,Weathered Gneiss,14.97,53.74,446.4,43.8,0.146,2.9,2,0.427,1,112.5
KAG-NER-01297,Assam,26.8149,94.5264,Sedimentary Shale,10.24,42.64,287.5,19.2,0.136,18.5,1,0.236,0,131.2
KAG-NER-01298,Assam,25.9646,94.956,Alluvial Sandy Silt,90.83,225.58,355.3,32.3,0.43,13.0,0,0.606,1,190.8
KAG-NER-01299,Nagaland,25.6932,93.4177,Sedimentary Shale,26.54,90.6,1121.9,29.5,0.677,18.6,4,0.426,1,186.8
KAG-NER-01300,Manipur,25.3964,93.4497,Weathered Gneiss,40.57,113.67,1000.7,12.0,0.434,6.3,2,0.323,0,123.2
KAG-NER-01301,Assam,26.7352,91.2951,Sedimentary Shale,20.4,65.87,389.2,15.9,0.292,18.7,2,0.227,0,142.1
KAG-NER-01302,Tripura,23.8963,92.1848,Alluvial Sandy Silt,37.89,160.82,2479.7,43.2,0.325,3.9,1,0.489,1,169.9
KAG-NER-01303,Assam,26.2483,93.5161,Sedimentary Shale,18.53,58.15,1754.0,13.4,0.415,19.7,4,0.246,0,174.5
KAG-NER-01304,Meghalaya,25.2691,91.8245,Rocky Phyllite,15.77,54.9,2246.4,33.8,0.32,18.5,1,0.239,0,169.7
KAG-NER-01305,Manipur,24.471,93.3379,Weathered Gneiss,38.24,77.88,1090.6,44.6,0.14,13.3,3,0.371,0,163.1
KAG-NER-01306,Mizoram,23.2698,92.4967,Alluvial Sandy Silt,33.98,105.43,1195.8,10.8,0.485,14.2,6,0.304,0,142.0
KAG-NER-01307,Manipur,25.2627,93.6355,Clayey Loam,13.2,33.4,943.9,22.0,0.284,8.9,0,0.317,0,128.5
KAG-NER-01308,Mizoram,23.1679,92.7932,Sedimentary Shale,6.15,110.48,1272.5,15.0,0.308,6.0,2,0.255,0,108.4
KAG-NER-01309,Arunachal Pradesh,27.4129,94.8499,Weathered Gneiss,17.47,64.88,1740.2,14.9,0.309,11.1,3,0.267,0,145.8
KAG-NER-01310,Mizoram,24.2568,92.7818,Clayey Loam,20.39,87.4,1420.9,10.8,0.3,15.1,3,0.219,0,132.7
KAG-NER-01311,Assam,27.0054,93.0464,Weathered Gneiss,37.65,103.81,2359.1,32.0,0.631,22.0,3,0.506,1,236.9
KAG-NER-01312,Tripura,23.3887,91.9287,Weathered Gneiss,93.46,319.34,2528.4,35.9,0.854,18.3,5,0.808,2,286.7
KAG-NER-01313,Meghalaya,25.5621,91.8916,Weathered Gneiss,1.4,96.38,1357.5,33.1,0.606,10.7,3,0.392,1,146.1
KAG-NER-01314,Mizoram,24.1345,92.7845,Weathered Gneiss,10.61,37.06,732.1,43.0,0.592,16.9,3,0.392,1,158.4
KAG-NER-01315,Meghalaya,25.9111,92.1517,Alluvial Sandy Silt,8.18,64.21,2650.9,11.8,0.39,4.2,6,0.224,0,114.8
KAG-NER-01316,Nagaland,26.084,94.3048,Sedimentary Shale,26.51,212.18,2079.3,18.8,0.811,10.3,10,0.451,1,183.5
KAG-NER-01317,Meghalaya,25.393,92.7574,Weathered Gneiss,21.34,65.88,1821.1,19.8,0.243,10.5,0,0.318,0,156.5
KAG-NER-01318,Manipur,24.9343,93.0702,Alluvial Sandy Silt,49.62,110.73,2107.5,15.3,0.215,22.0,1,0.295,0,182.4
KAG-NER-01319,Assam,26.2573,93.3049,Clayey Loam,10.55,56.44,286.7,11.7,0.813,9.8,10,0.248,0,91.4
KAG-NER-01320,Assam,25.8789,90.6075,Weathered Gneiss,34.3,121.66,263.9,25.5,0.604,3.7,2,0.421,1,103.4
KAG-NER-01321,Assam,26.43,91.9971,Rocky Phyllite,81.81,169.08,496.5,39.4,0.751,3.3,3,0.734,2,164.2
KAG-NER-01322,Assam,26.4136,91.6821,Weathered Gneiss,91.79,224.72,481.1,44.2,0.464,16.0,3,0.661,1,208.9
KAG-NER-01323,Mizoram,23.0471,93.0581,Alluvial Sandy Silt,121.18,296.12,1224.2,11.2,0.22,7.8,1,0.587,1,172.9
KAG-NER-01324,Assam,26.5204,91.4007,Sedimentary Shale,56.39,195.92,508.1,38.9,0.319,19.4,1,0.54,1,197.6
KAG-NER-01325,Sikkim,27.3237,88.5734,Sedimentary Shale,89.84,305.44,2404.3,39.0,0.171,11.7,2,0.604,1,215.7
KAG-NER-01326,Arunachal Pradesh,27.0156,92.1635,Clayey Loam,10.16,38.95,1652.4,21.6,0.67,8.6,4,0.238,0,121.9
KAG-NER-01327,Assam,25.9025,94.1554,Alluvial Sandy Silt,8.36,37.13,1081.7,10.4,0.413,17.2,1,0.226,0,148.8
KAG-NER-01328,Manipur,25.0534,94.2053,Rocky Phyllite,0.25,21.15,269.4,45.6,0.598,10.4,8,0.366,0,115.5
KAG-NER-01329,Nagaland,26.4029,94.4041,Clayey Loam,46.63,127.58,1687.6,32.2,0.628,16.7,2,0.444,1,189.3
KAG-NER-01330,Meghalaya,25.5293,91.8699,Weathered Gneiss,105.34,348.0,397.0,45.3,0.516,16.3,2,0.811,2,236.9
KAG-NER-01331,Meghalaya,25.1345,91.8158,Clayey Loam,7.86,35.4,2101.6,25.3,0.23,16.5,4,0.194,0,151.8
KAG-NER-01332,Manipur,25.089,93.8006,Weathered Gneiss,38.5,95.08,2263.5,21.8,0.365,19.1,2,0.34,0,196.9
KAG-NER-01333,Assam,26.3005,91.7484,Weathered Gneiss,52.14,120.96,1559.6,15.9,0.094,19.0,1,0.314,0,174.3
KAG-NER-01334,Sikkim,27.55,88.6542,Sedimentary Shale,99.78,286.56,486.9,45.3,0.12,15.3,0,0.602,1,180.1
KAG-NER-01335,Sikkim,27.7097,88.3739,Clayey Loam,39.55,119.09,2220.3,16.1,0.394,21.1,2,0.39,1,222.3
KAG-NER-01336,Nagaland,26.4777,94.242,Weathered Gneiss,133.62,418.72,917.3,7.0,0.582,2.4,5,0.765,2,185.4
KAG-NER-01337,Assam,27.036,92.8752,Alluvial Sandy Silt,16.06,88.48,685.6,26.5,0.74,20.6,2,0.356,0,181.6
KAG-NER-01338,Nagaland,26.1247,94.2668,Sedimentary Shale,16.37,35.95,1359.9,21.1,0.42,5.0,3,0.289,0,117.4
KAG-NER-01339,Assam,26.849,94.8411,Clayey Loam,29.76,76.28,2589.6,16.5,0.554,6.2,2,0.276,0,154.3
KAG-NER-01340,Assam,25.903,90.7405,Clayey Loam,18.38,91.37,888.9,31.4,0.142,18.3,2,0.281,0,159.1
KAG-NER-01341,Arunachal Pradesh,28.4001,93.8844,Weathered Gneiss,0.05,11.67,2543.2,20.6,0.619,10.0,4,0.187,0,149.3
KAG-NER-01342,Meghalaya,25.6534,91.4543,Alluvial Sandy Silt,50.0,199.8,225.9,22.1,0.366,10.5,4,0.473,1,142.8
KAG-NER-01343,Mizoram,22.9405,93.1449,Weathered Gneiss,52.94,193.39,307.2,6.9,0.605,7.2,0,0.465,1,147.4
KAG-NER-01344,Manipur,25.0461,93.4987,Alluvial Sandy Silt,52.22,148.08,1980.1,29.6,0.735,6.5,1,0.538,1,177.3
KAG-NER-01345,Manipur,24.4287,94.3405,Clayey Loam,16.08,43.32,598.4,10.9,0.51,4.1,6,0.217,0,84.2
KAG-NER-01346,Arunachal Pradesh,27.0158,95.465,Rocky Phyllite,28.07,83.65,941.2,14.6,0.407,5.9,3,0.228,0,104.4
KAG-NER-01347,Arunachal Pradesh,27.3107,94.1684,Weathered Gneiss,16.96,57.83,450.9,34.7,0.6,13.3,5,0.356,0,162.9
KAG-NER-01348,Arunachal Pradesh,28.3976,94.5516,Weathered Gneiss,0.61,54.55,983.7,18.5,0.634,16.1,1,0.269,0,151.6
KAG-NER-01349,Sikkim,27.3901,88.6516,Weathered Gneiss,31.41,157.54,842.9,12.5,0.213,16.8,1,0.268,0,137.7
KAG-NER-01350,Assam,26.2816,91.7477,Clayey Loam,5.02,14.69,2082.8,29.1,0.507,9.4,2,0.251,0,141.5
KAG-NER-01351,Mizoram,24.295,93.1259,Alluvial Sandy Silt,3.17,26.5,1989.5,14.6,0.462,20.4,2,0.147,0,146.5
KAG-NER-01352,Meghalaya,25.6802,91.1238,Sedimentary Shale,53.52,172.98,2677.4,16.8,0.584,8.6,3,0.42,1,193.3
KAG-NER-01353,Meghalaya,25.1442,90.2807,Sedimentary Shale,0.36,12.09,2050.4,30.9,0.523,4.2,3,0.21,0,87.1
KAG-NER-01354,Manipur,24.7759,94.2193,Alluvial Sandy Silt,121.39,281.62,1969.9,35.6,0.301,20.9,3,0.734,2,268.6
KAG-NER-01355,Meghalaya,25.5836,92.386,Sedimentary Shale,27.52,125.58,1968.2,35.6,0.421,12.8,0,0.418,1,198.4
KAG-NER-01356,Mizoram,22.8501,92.7034,Sedimentary Shale,154.87,319.79,2481.7,25.3,0.275,21.4,3,0.775,2,297.1
KAG-NER-01357,Tripura,23.4845,91.6367,Weathered Gneiss,2.27,9.59,885.8,24.2,0.094,9.9,2,0.137,0,97.1
KAG-NER-01358,Arunachal Pradesh,27.0158,95.7936,Clayey Loam,33.29,82.31,896.3,37.5,0.469,17.1,1,0.394,1,158.8
KAG-NER-01359,Arunachal Pradesh,27.2572,95.6504,Weathered Gneiss,16.33,40.98,2096.1,13.7,0.453,4.2,3,0.215,0,124.7
KAG-NER-01360,Nagaland,25.9963,94.8783,Alluvial Sandy Silt,70.47,234.57,702.1,12.1,0.44,19.1,2,0.463,1,176.9
KAG-NER-01361,Tripura,23.8649,92.217,Rocky Phyllite,17.03,58.25,2560.7,32.6,0.513,5.4,3,0.353,0,147.7
KAG-NER-01362,Assam,25.8075,93.8671,Sedimentary Shale,11.47,42.11,1534.6,22.4,0.496,3.4,2,0.341,0,133.4
KAG-NER-01363,Nagaland,26.6643,93.6096,Alluvial Sandy Silt,74.05,205.25,896.3,34.4,0.664,4.0,3,0.617,1,155.5
KAG-NER-01364,Nagaland,25.5346,94.0369,Rocky Phyllite,17.84,51.35,2191.0,16.3,0.389,13.1,4,0.214,0,136.4
KAG-NER-01365,Manipur,25.3072,93.8678,Sedimentary Shale,0.65,10.46,929.5,19.0,0.805,7.8,3,0.255,0,101.4
KAG-NER-01366,Assam,26.5384,91.1351,Rocky Phyllite,18.8,82.56,2700.1,41.9,0.618,21.2,3,0.416,1,228.4
KAG-NER-01367,Manipur,24.0011,94.2962,Weathered Gneiss,40.39,149.81,2753.7,22.9,0.459,19.1,1,0.388,1,210.8
KAG-NER-01368,Tripura,23.3051,91.8606,Sedimentary Shale,11.15,39.71,1893.7,29.6,0.542,18.1,4,0.288,0,187.9
KAG-NER-01369,Assam,27.0805,91.4389,Clayey Loam,21.49,70.19,389.1,10.3,0.371,18.2,1,0.253,0,134.5
KAG-NER-01370,Assam,26.7314,90.8541,Weathered Gneiss,2.22,43.4,795.9,13.2,0.619,19.8,7,0.253,0,138.9
KAG-NER-01371,Sikkim,27.5226,88.2311,Alluvial Sandy Silt,33.7,91.0,1481.9,7.4,0.318,19.3,1,0.28,0,152.4
KAG-NER-01372,Assam,26.8303,91.8555,Weathered Gneiss,53.65,177.36,2395.9,23.0,0.501,20.6,4,0.512,1,243.1
KAG-NER-01373,Mizoram,23.4951,92.9594,Alluvial Sandy Silt,20.26,51.77,582.9,45.6,0.637,20.7,4,0.425,1,182.4
KAG-NER-01374,Meghalaya,25.2541,92.1283,Sedimentary Shale,20.71,44.44,364.0,41.0,0.492,8.0,3,0.321,0,114.5
KAG-NER-01375,Assam,26.2237,93.4807,Weathered Gneiss,3.51,13.81,282.6,31.3,0.532,6.4,6,0.36,0,106.2
KAG-NER-01376,Mizoram,23.0374,93.0569,Alluvial Sandy Silt,8.57,36.36,1459.0,40.4,0.686,14.9,4,0.295,0,154.9
KAG-NER-01377,Meghalaya,25.2154,91.3059,Weathered Gneiss,6.39,44.55,2486.4,29.8,0.609,4.5,6,0.304,0,150.0
KAG-NER-01378,Meghalaya,25.3225,92.1458,Clayey Loam,24.97,115.08,195.2,20.8,0.811,6.2,4,0.349,0,105.1
KAG-NER-01379,Arunachal Pradesh,27.3193,95.4677,Rocky Phyllite,28.63,166.38,657.5,12.9,0.579,17.5,3,0.382,1,152.8
KAG-NER-01380,Nagaland,26.6485,93.6947,Sedimentary Shale,113.04,372.16,1965.7,32.1,0.617,15.0,2,0.775,2,262.3
KAG-NER-01381,Assam,26.6594,90.8947,Clayey Loam,2.89,11.36,2326.3,13.7,0.45,15.0,2,0.219,0,156.0
KAG-NER-01382,Arunachal Pradesh,27.5265,94.7099,Sedimentary Shale,34.81,135.59,2276.1,22.7,0.313,21.0,2,0.363,0,214.5
KAG-NER-01383,Sikkim,27.5616,88.5998,Rocky Phyllite,28.41,72.05,2215.4,39.0,0.402,15.4,2,0.454,1,202.4
KAG-NER-01384,Arunachal Pradesh,27.3521,93.2011,Rocky Phyllite,27.59,83.36,433.1,11.2,0.253,10.6,3,0.235,0,111.2
KAG-NER-01385,Nagaland,25.5441,94.4785,Alluvial Sandy Silt,78.46,215.58,1160.5,11.2,0.614,7.6,4,0.562,1,175.8
KAG-NER-01386,Arunachal Pradesh,27.7062,94.6894,Weathered Gneiss,8.74,28.41,2758.5,15.0,0.762,8.8,4,0.224,0,157.3
KAG-NER-01387,Manipur,24.3485,93.5191,Clayey Loam,1.58,17.32,2769.8,28.1,0.837,7.6,3,0.363,0,176.8
KAG-NER-01388,Assam,26.2679,90.6158,Rocky Phyllite,42.39,80.89,1718.6,16.1,0.614,2.7,4,0.354,0,116.4
KAG-NER-01389,Sikkim,27.3387,88.7426,Sedimentary Shale,16.09,115.62,2009.2,26.1,0.491,7.2,3,0.358,0,135.3
KAG-NER-01390,Meghalaya,25.9076,91.5474,Weathered Gneiss,0.67,3.95,2667.5,18.1,0.52,18.7,1,0.236,0,182.2
KAG-NER-01391,Assam,26.4377,90.6387,Weathered Gneiss,11.0,126.15,1303.8,26.2,0.636,16.6,2,0.39,1,179.2
KAG-NER-01392,Assam,27.0309,90.5585,Clayey Loam,14.06,66.86,452.3,17.1,0.65,14.4,4,0.264,0,118.4
KAG-NER-01393,Assam,27.1227,92.7015,Sedimentary Shale,36.45,126.22,1899.5,45.2,0.274,20.0,4,0.437,1,212.5
KAG-NER-01394,Meghalaya,25.4077,92.603,Alluvial Sandy Silt,7.2,52.23,2691.5,25.7,0.375,7.3,2,0.215,0,141.6
KAG-NER-01395,Arunachal Pradesh,26.939,94.1164,Weathered Gneiss,20.25,87.92,1976.4,35.7,0.175,13.6,0,0.352,0,170.6
KAG-NER-01396,Mizoram,23.6234,92.5413,Clayey Loam,25.03,56.44,2265.0,34.0,0.26,2.6,6,0.307,0,124.6
KAG-NER-01397,Meghalaya,25.486,91.8959,Weathered Gneiss,23.36,74.72,1229.9,25.6,0.445,19.8,3,0.307,0,160.7
KAG-NER-01398,Assam,26.818,90.5032,Rocky Phyllite,138.6,268.5,342.4,15.6,0.676,11.0,1,0.736,2,218.7
KAG-NER-01399,Nagaland,26.7116,93.6468,Sedimentary Shale,1.77,27.93,539.4,26.4,0.73,5.6,5,0.293,0,82.5
KAG-NER-01400,Manipur,24.327,93.4216,Sedimentary Shale,114.58,356.01,2752.8,33.2,0.161,6.8,5,0.767,2,232.8
KAG-NER-01401,Assam,25.8529,91.0537,Weathered Gneiss,33.14,101.91,1421.5,24.4,0.279,19.0,2,0.359,0,200.6
KAG-NER-01402,Assam,27.1809,91.9185,Sedimentary Shale,60.36,192.07,112.7,9.3,0.535,4.2,2,0.46,1,108.7
KAG-NER-01403,Assam,25.9614,90.9815,Alluvial Sandy Silt,21.39,56.9,2678.6,6.7,0.382,20.5,2,0.184,0,175.2
KAG-NER-01404,Manipur,25.0072,94.3673,Clayey Loam,22.98,73.35,1434.0,19.1,0.202,9.5,1,0.27,0,134.4
KAG-NER-01405,Nagaland,25.7597,93.4314,Alluvial Sandy Silt,80.36,199.24,2354.7,12.0,0.366,7.0,4,0.483,1,184.7
KAG-NER-01406,Meghalaya,25.3008,90.3469,Rocky Phyllite,85.98,336.74,1571.8,42.2,0.192,8.6,2,0.642,1,203.2
KAG-NER-01407,Mizoram,22.9551,92.7747,Weathered Gneiss,10.36,54.91,356.6,13.0,0.185,10.2,1,0.156,0,98.0
KAG-NER-01408,Mizoram,23.1449,92.8675,Rocky Phyllite,8.44,53.32,1754.3,21.8,0.432,13.0,4,0.246,0,136.4
KAG-NER-01409,Nagaland,25.7549,94.8108,Sedimentary Shale,26.05,105.84,2792.9,34.5,0.435,13.7,3,0.456,1,210.9
KAG-NER-01410,Mizoram,24.1589,92.9235,Clayey Loam,87.6,228.96,174.5,38.6,0.423,11.0,4,0.629,1,174.3
KAG-NER-01411,Assam,26.2962,92.2152,Sedimentary Shale,14.79,66.93,2369.7,25.1,0.149,10.9,3,0.257,0,145.3
KAG-NER-01412,Assam,26.3766,93.7741,Weathered Gneiss,40.11,93.68,720.5,13.2,0.552,7.7,3,0.389,1,130.4
KAG-NER-01413,Arunachal Pradesh,27.6226,95.3553,Weathered Gneiss,46.8,311.15,1151.3,16.8,0.274,9.7,1,0.434,1,159.0
KAG-NER-01414,Assam,27.1217,92.0118,Clayey Loam,57.31,171.43,1093.8,22.8,0.308,11.3,3,0.443,1,165.7
KAG-NER-01415,Meghalaya,25.6046,90.4471,Alluvial Sandy Silt,31.54,68.75,2524.7,20.6,0.224,14.0,0,0.352,0,193.1
KAG-NER-01416,Tripura,23.4406,91.5962,Weathered Gneiss,19.57,48.97,1452.2,19.9,0.841,4.6,2,0.286,0,114.5
KAG-NER-01417,Assam,26.0887,94.4445,Clayey Loam,129.65,239.64,1296.3,11.3,0.903,17.3,6,0.686,1,225.1
KAG-NER-01418,Assam,26.0216,92.5505,Clayey Loam,35.91,156.64,2305.0,42.5,0.246,15.6,1,0.468,1,196.9
KAG-NER-01419,Meghalaya,25.6451,91.9988,Sedimentary Shale,49.55,111.09,213.0,7.2,0.464,8.0,1,0.338,0,106.0
KAG-NER-01420,Tripura,23.6597,92.1429,Clayey Loam,16.08,78.44,315.2,23.6,0.353,11.2,0,0.288,0,103.2
KAG-NER-01421,Arunachal Pradesh,27.8093,93.4778,Weathered Gneiss,42.12,136.11,139.0,45.2,0.241,20.9,1,0.492,1,178.2
KAG-NER-01422,Meghalaya,25.1605,91.4082,Clayey Loam,11.33,30.56,1951.3,32.4,0.447,2.4,2,0.35,0,120.6
KAG-NER-01423,Assam,26.949,93.2654,Sedimentary Shale,10.68,33.89,1509.7,20.2,0.073,18.2,0,0.167,0,137.3
KAG-NER-01424,Assam,26.965,92.7231,Sedimentary Shale,47.66,153.18,2462.8,11.8,0.107,12.2,0,0.298,0,181.2
KAG-NER-01425,Sikkim,27.1829,88.1109,Alluvial Sandy Silt,28.0,94.7,1436.0,44.6,0.343,14.4,5,0.448,1,179.5
KAG-NER-01426,Sikkim,27.3123,88.6584,Sedimentary Shale,43.69,146.31,683.3,6.6,0.056,15.7,0,0.33,0,158.8
KAG-NER-01427,Assam,26.9064,91.8309,Alluvial Sandy Silt,11.93,37.68,2270.0,33.3,0.455,11.1,1,0.336,0,169.1
KAG-NER-01428,Sikkim,27.447,88.4369,Alluvial Sandy Silt,34.7,154.11,880.6,41.2,0.251,5.8,2,0.489,1,140.3
KAG-NER-01429,Nagaland,25.9747,93.747,Alluvial Sandy Silt,22.3,62.79,2625.1,7.0,0.401,20.2,0,0.149,0,169.8
KAG-NER-01430,Mizoram,23.0046,92.5164,Alluvial Sandy Silt,34.53,99.5,761.2,35.0,0.44,16.8,8,0.408,1,153.5
KAG-NER-01431,Meghalaya,25.1498,90.7151,Alluvial Sandy Silt,13.06,54.3,536.2,46.0,0.651,13.2,5,0.381,1,141.0
KAG-NER-01432,Meghalaya,25.1083,91.8309,Weathered Gneiss,47.76,155.49,1421.8,31.6,0.386,11.0,2,0.458,1,159.3
KAG-NER-01433,Meghalaya,25.3847,92.7302,Sedimentary Shale,62.3,167.2,217.4,22.6,0.595,12.0,3,0.554,1,169.9
KAG-NER-01434,Nagaland,25.6712,93.9187,Clayey Loam,11.44,27.8,179.0,41.0,0.164,18.5,0,0.233,0,123.1
KAG-NER-01435,Assam,26.301,90.538,Clayey Loam,13.59,77.63,1429.2,28.2,0.455,2.3,3,0.389,1,122.9
KAG-NER-01436,Assam,26.9749,90.644,Sedimentary Shale,41.12,112.22,665.1,36.0,0.438,19.3,5,0.443,1,177.0
KAG-NER-01437,Arunachal Pradesh,28.4043,95.5143,Clayey Loam,45.2,157.86,105.4,29.5,0.577,2.9,5,0.517,1,130.3
KAG-NER-01438,Manipur,24.7497,93.8698,Sedimentary Shale,46.27,159.11,885.3,7.5,0.376,14.3,2,0.376,0,147.3
KAG-NER-01439,Assam,26.7153,92.2417,Weathered Gneiss,43.62,120.34,1378.4,14.5,0.73,8.7,7,0.486,1,158.2
KAG-NER-01440,Nagaland,26.3061,93.4672,Weathered Gneiss,18.96,66.44,1152.5,9.2,0.571,15.6,5,0.275,0,148.3
KAG-NER-01441,Sikkim,27.1378,88.4658,Alluvial Sandy Silt,19.09,101.37,448.5,10.3,0.554,3.7,7,0.244,0,90.3
KAG-NER-01442,Assam,26.5695,94.4952,Sedimentary Shale,11.18,23.47,1656.7,6.6,0.336,13.1,1,0.184,0,133.2
KAG-NER-01443,Nagaland,25.5465,94.634,Clayey Loam,6.48,27.78,2012.1,22.8,0.57,19.1,3,0.156,0,172.3
KAG-NER-01444,Meghalaya,25.289,91.2246,Rocky Phyllite,44.82,145.01,1917.5,13.1,0.744,11.9,3,0.386,1,162.9
KAG-NER-01445,Mizoram,23.2749,92.7402,Rocky Phyllite,3.72,79.57,1151.0,40.2,0.472,3.7,3,0.338,0,97.4
KAG-NER-01446,Assam,26.0107,92.7661,Sedimentary Shale,105.54,327.67,454.3,36.0,0.33,2.7,3,0.642,1,157.8
KAG-NER-01447,Nagaland,26.5223,94.0623,Rocky Phyllite,66.6,238.65,1438.6,28.9,0.546,14.4,1,0.647,1,217.3
KAG-NER-01448,Mizoram,23.5359,93.2336,Alluvial Sandy Silt,74.04,148.73,2502.0,25.6,0.405,3.4,1,0.541,1,185.8
KAG-NER-01449,Sikkim,27.5942,88.4924,Alluvial Sandy Silt,90.12,290.43,1354.9,16.2,0.645,3.4,7,0.646,1,183.7
KAG-NER-01450,Nagaland,25.7608,94.7274,Rocky Phyllite,19.96,112.19,612.3,25.0,0.49,10.5,3,0.389,1,125.0
KAG-NER-01451,Meghalaya,25.6193,90.775,Alluvial Sandy Silt,71.26,241.2,333.1,31.6,0.279,6.2,2,0.567,1,147.1
KAG-NER-01452,Nagaland,25.7768,94.6047,Weathered Gneiss,6.54,24.16,2647.5,37.3,0.833,6.1,3,0.42,1,176.7
KAG-NER-01453,Mizoram,22.8662,93.3913,Weathered Gneiss,0.83,61.4,2101.0,9.3,0.709,11.6,5,0.285,0,156.2
KAG-NER-01454,Meghalaya,25.2173,92.2698,Alluvial Sandy Silt,58.39,185.22,931.3,34.3,0.644,7.6,3,0.511,1,155.6
KAG-NER-01455,Assam,26.3527,92.715,Rocky Phyllite,2.95,37.31,883.4,35.7,0.431,6.4,4,0.335,0,124.0
KAG-NER-01456,Tripura,24.2568,91.5955,Clayey Loam,169.77,335.95,2515.0,28.4,0.43,12.3,1,0.909,2,292.2
KAG-NER-01457,Nagaland,26.1525,93.4739,Alluvial Sandy Silt,42.69,87.99,563.0,14.6,0.643,7.8,1,0.34,0,100.8
KAG-NER-01458,Nagaland,25.4033,93.7672,Sedimentary Shale,53.21,158.98,1535.3,27.6,0.16,3.6,0,0.398,1,147.0
KAG-NER-01459,Assam,26.7528,91.0457,Weathered Gneiss,10.72,34.23,2020.7,26.1,0.41,15.7,0,0.231,0,146.9
KAG-NER-01460,Nagaland,25.5593,94.0164,Weathered Gneiss,42.58,147.91,1158.2,25.0,0.579,13.7,3,0.458,1,178.7
KAG-NER-01461,Arunachal Pradesh,27.9365,94.7043,Sedimentary Shale,1.68,19.22,188.5,24.4,0.281,6.2,2,0.212,0,76.2
KAG-NER-01462,Nagaland,25.6498,93.5194,Alluvial Sandy Silt,69.13,197.46,699.5,10.4,0.261,13.6,2,0.414,1,165.3
KAG-NER-01463,Assam,27.1166,91.673,Clayey Loam,7.06,103.16,2532.9,13.3,0.745,21.1,2,0.275,0,201.8
KAG-NER-01464,Nagaland,26.5947,94.6952,Weathered Gneiss,45.42,133.01,1502.9,9.9,0.717,21.1,6,0.449,1,211.1
KAG-NER-01465,Sikkim,27.6408,88.2351,Clayey Loam,9.66,27.99,2298.0,15.7,0.353,12.6,1,0.168,0,141.8
KAG-NER-01466,Assam,26.9505,93.9616,Alluvial Sandy Silt,2.69,14.32,1591.5,16.5,0.158,4.0,1,0.153,0,86.0
KAG-NER-01467,Sikkim,27.5177,88.3698,Weathered Gneiss,24.96,49.46,2646.6,15.8,0.102,11.2,0,0.225,0,145.2
KAG-NER-01468,Arunachal Pradesh,27.32,92.0485,Alluvial Sandy Silt,7.05,172.03,2552.8,14.4,0.48,2.5,1,0.239,0,111.6
KAG-NER-01469,Mizoram,23.5646,92.9438,Clayey Loam,49.68,155.04,1393.5,35.4,0.939,10.3,6,0.605,1,189.7
KAG-NER-01470,Manipur,24.5031,93.7606,Alluvial Sandy Silt,10.31,37.04,945.7,38.7,0.433,20.2,1,0.381,1,185.2
KAG-NER-01471,Meghalaya,25.4272,91.8666,Weathered Gneiss,15.93,74.43,1716.5,19.1,0.185,11.3,2,0.222,0,124.8
KAG-NER-01472,Manipur,25.2618,93.2623,Sedimentary Shale,31.85,83.28,1915.7,18.2,0.553,13.0,9,0.371,0,181.2
KAG-NER-01473,Mizoram,23.3721,92.455,Sedimentary Shale,12.75,46.29,1435.5,39.8,0.318,5.2,1,0.298,0,110.6
KAG-NER-01474,Arunachal Pradesh,27.8999,94.7799,Rocky Phyllite,18.04,110.62,2316.6,31.0,0.415,2.3,4,0.401,1,146.2
KAG-NER-01475,Arunachal Pradesh,28.3911,92.7549,Sedimentary Shale,64.25,202.85,578.7,17.7,0.551,21.9,5,0.448,1,192.2
KAG-NER-01476,Nagaland,26.7303,93.4949,Alluvial Sandy Silt,7.5,25.28,989.6,34.5,0.14,8.8,0,0.235,0,118.3
KAG-NER-01477,Mizoram,23.7045,92.3628,Rocky Phyllite,3.26,30.23,1946.9,19.8,0.834,7.6,6,0.344,0,144.6
KAG-NER-01478,Manipur,25.2513,93.8477,Clayey Loam,15.13,89.67,751.0,29.5,0.461,13.4,6,0.386,1,154.1
KAG-NER-01479,Manipur,24.9371,94.3305,Sedimentary Shale,20.99,53.58,1276.4,45.7,0.514,16.9,1,0.367,0,172.3
KAG-NER-01480,Meghalaya,25.2353,90.3003,Clayey Loam,29.73,95.6,2701.4,18.1,0.287,7.0,1,0.277,0,147.3
KAG-NER-01481,Mizoram,24.1183,92.6464,Alluvial Sandy Silt,17.7,122.56,1782.4,43.2,0.152,12.5,0,0.351,0,154.6
KAG-NER-01482,Assam,25.9806,92.6081,Weathered Gneiss,59.29,151.29,2661.4,18.8,0.403,8.7,1,0.468,1,194.2
KAG-NER-01483,Meghalaya,25.6385,90.2805,Alluvial Sandy Silt,1.52,5.33,2045.0,27.6,0.379,11.6,2,0.218,0,140.5
KAG-NER-01484,Assam,26.1849,90.6476,Clayey Loam,21.48,69.5,2051.1,24.4,0.652,5.2,5,0.358,0,141.4
KAG-NER-01485,Arunachal Pradesh,27.5725,95.528,Sedimentary Shale,18.3,79.04,1689.9,37.3,0.209,12.2,1,0.347,0,159.9
KAG-NER-01486,Arunachal Pradesh,28.4722,94.3667,Clayey Loam,39.63,137.83,466.8,8.4,0.684,2.9,7,0.321,0,98.5
KAG-NER-01487,Arunachal Pradesh,27.1586,95.5763,Sedimentary Shale,128.8,428.71,1493.6,31.1,0.105,18.8,0,0.795,2,250.2
KAG-NER-01488,Nagaland,26.1227,93.6306,Weathered Gneiss,27.14,62.57,767.3,36.4,0.572,14.6,6,0.364,0,146.1
KAG-NER-01489,Arunachal Pradesh,28.3748,94.9086,Sedimentary Shale,164.67,505.04,2796.4,24.9,0.181,20.8,2,0.886,2,309.1
KAG-NER-01490,Meghalaya,25.7585,92.0439,Alluvial Sandy Silt,13.68,53.63,806.1,10.2,0.119,14.0,2,0.127,0,97.1
KAG-NER-01491,Assam,26.0805,91.4495,Sedimentary Shale,1.19,19.76,707.5,15.8,0.49,5.6,4,0.213,0,82.1
KAG-NER-01492,Arunachal Pradesh,28.0013,92.4888,Weathered Gneiss,6.88,31.56,1777.0,33.2,0.413,11.7,3,0.255,0,150.5
KAG-NER-01493,Assam,26.4141,94.019,Sedimentary Shale,19.1,58.33,1469.8,41.8,0.917,15.3,4,0.46,1,189.4
KAG-NER-01494,Assam,26.8975,92.5397,Clayey Loam,14.45,67.98,138.1,22.9,0.402,9.5,0,0.29,0,95.5
KAG-NER-01495,Nagaland,26.5091,94.6579,Sedimentary Shale,3.88,56.04,432.3,28.4,0.547,13.1,4,0.356,0,137.6
KAG-NER-01496,Nagaland,26.3167,93.7426,Alluvial Sandy Silt,21.54,88.13,2286.0,15.1,0.236,5.3,0,0.254,0,132.8
KAG-NER-01497,Nagaland,25.7836,93.8723,Alluvial Sandy Silt,15.68,45.36,1395.6,22.5,0.514,17.5,5,0.329,0,165.6
KAG-NER-01498,Meghalaya,25.2051,90.9102,Sedimentary Shale,4.97,19.31,477.2,19.5,0.421,20.2,0,0.122,0,108.1
KAG-NER-01499,Arunachal Pradesh,27.2352,93.549,Alluvial Sandy Silt,13.34,65.13,1345.5,32.2,0.11,8.3,0,0.318,0,123.2
KAG-NER-01500,Mizoram,24.1627,92.4149,Weathered Gneiss,82.66,331.03,768.6,45.4,0.657,17.9,3,0.753,2,223.7
KAG-NER-01501,Meghalaya,25.7482,91.9869,Alluvial Sandy Silt,13.67,42.25,688.2,38.5,0.756,3.8,2,0.382,1,130.6
KAG-NER-01502,Meghalaya,25.1862,92.5987,Rocky Phyllite,47.56,124.21,2685.0,13.7,0.412,6.9,4,0.428,1,163.6
KAG-NER-01503,Assam,26.5959,92.1368,Sedimentary Shale,35.98,123.99,1064.7,29.1,0.828,11.2,3,0.49,1,159.0
KAG-NER-01504,Arunachal Pradesh,28.1105,92.6581,Clayey Loam,21.17,53.55,206.3,8.7,0.46,9.7,2,0.193,0,88.0
KAG-NER-01505,Arunachal Pradesh,28.0096,91.6787,Clayey Loam,10.38,72.34,2719.3,15.9,0.464,14.4,2,0.224,0,151.5
KAG-NER-01506,Arunachal Pradesh,28.2431,93.5168,Sedimentary Shale,17.5,40.76,2242.0,12.9,0.384,13.3,4,0.156,0,129.4
KAG-NER-01507,Nagaland,26.2914,93.7319,Alluvial Sandy Silt,34.08,126.2,772.0,19.4,0.291,3.7,2,0.326,0,105.3
KAG-NER-01508,Meghalaya,25.7094,92.2078,Alluvial Sandy Silt,16.41,53.02,1192.2,33.2,0.594,4.6,4,0.347,0,122.5
KAG-NER-01509,Nagaland,26.0625,94.3266,Weathered Gneiss,9.19,35.48,2425.4,26.0,0.459,3.0,2,0.295,0,135.6
KAG-NER-01510,Manipur,24.6389,94.4305,Weathered Gneiss,4.71,33.97,1052.2,43.3,0.823,21.1,5,0.485,1,208.8
KAG-NER-01511,Mizoram,23.5468,93.226,Weathered Gneiss,80.5,153.15,1623.3,14.5,0.09,14.9,0,0.338,0,165.2
KAG-NER-01512,Manipur,25.1219,93.6568,Alluvial Sandy Silt,22.05,88.81,1534.8,20.6,0.547,19.1,0,0.351,0,175.7
KAG-NER-01513,Sikkim,27.2611,88.4249,Sedimentary Shale,37.29,84.66,1171.5,19.2,0.208,12.8,2,0.224,0,130.1
KAG-NER-01514,Assam,26.9567,91.5243,Weathered Gneiss,25.62,85.73,1819.4,15.4,0.441,5.9,0,0.304,0,142.0
KAG-NER-01515,Assam,26.5342,94.1274,Clayey Loam,78.29,219.47,1367.4,45.7,0.403,14.5,2,0.602,1,213.7
KAG-NER-01516,Assam,26.2949,93.3899,Sedimentary Shale,30.09,106.65,137.7,21.5,0.056,12.1,0,0.211,0,91.8
KAG-NER-01517,Nagaland,25.7439,93.5639,Weathered Gneiss,24.91,75.57,2295.1,43.6,0.211,10.2,1,0.474,1,194.1
KAG-NER-01518,Tripura,24.1533,91.2188,Weathered Gneiss,98.23,276.99,387.8,21.6,0.768,9.4,4,0.775,2,206.1
KAG-NER-01519,Assam,26.1799,94.348,Weathered Gneiss,48.33,149.8,1342.3,14.2,0.403,15.0,5,0.343,0,150.8
KAG-NER-01520,Tripura,23.6158,92.2677,Alluvial Sandy Silt,4.49,21.62,1657.3,10.8,0.64,14.4,2,0.284,0,152.2
KAG-NER-01521,Assam,27.1716,91.7072,Sedimentary Shale,7.43,14.37,1999.0,40.2,0.451,5.0,0,0.317,0,138.9
KAG-NER-01522,Tripura,23.2492,91.9461,Weathered Gneiss,58.79,221.15,1197.4,7.3,0.343,18.3,1,0.345,0,179.2
KAG-NER-01523,Arunachal Pradesh,27.6216,91.9534,Weathered Gneiss,68.67,165.73,2080.7,44.6,0.144,14.7,1,0.556,1,211.3
KAG-NER-01524,Assam,26.7905,90.6403,Weathered Gneiss,29.94,59.79,437.3,22.7,0.83,12.7,6,0.43,1,137.5
KAG-NER-01525,Meghalaya,25.8832,90.5605,Sedimentary Shale,30.72,86.54,1857.4,15.9,0.629,17.0,3,0.369,0,188.1
KAG-NER-01526,Arunachal Pradesh,27.1037,92.2905,Sedimentary Shale,37.98,92.56,2327.6,30.7,0.617,5.1,9,0.364,0,148.7
KAG-NER-01527,Arunachal Pradesh,28.4364,94.6193,Alluvial Sandy Silt,21.97,114.16,2499.3,11.3,0.27,20.4,1,0.198,0,179.9
KAG-NER-01528,Arunachal Pradesh,28.1822,93.2894,Sedimentary Shale,43.32,189.08,1656.4,8.9,0.607,7.4,5,0.439,1,160.1
KAG-NER-01529,Mizoram,23.3045,92.5579,Weathered Gneiss,4.36,11.8,931.1,39.1,0.113,7.3,2,0.191,0,96.0
KAG-NER-01530,Meghalaya,25.5326,91.6348,Clayey Loam,123.55,391.2,524.3,23.0,0.104,18.3,1,0.744,2,227.5
KAG-NER-01531,Arunachal Pradesh,27.9108,92.657,Sedimentary Shale,52.7,129.1,1019.9,26.7,0.48,8.7,2,0.43,1,154.7
KAG-NER-01532,Nagaland,26.7281,93.6546,Weathered Gneiss,37.9,91.83,1548.7,13.1,0.256,18.6,0,0.205,0,145.2
KAG-NER-01533,Manipur,25.3519,93.0238,Alluvial Sandy Silt,14.45,60.85,614.0,8.5,0.273,8.6,3,0.121,0,81.5
KAG-NER-01534,Arunachal Pradesh,27.6698,93.0002,Sedimentary Shale,6.67,56.14,2670.8,20.7,0.288,13.0,3,0.235,0,165.4
KAG-NER-01535,Arunachal Pradesh,27.6186,94.068,Weathered Gneiss,20.01,54.76,2520.2,26.2,0.307,6.6,1,0.298,0,146.4
KAG-NER-01536,Assam,26.4098,92.3668,Alluvial Sandy Silt,41.17,133.42,169.6,36.6,0.215,16.6,2,0.48,1,173.1
KAG-NER-01537,Assam,26.8258,93.5864,Weathered Gneiss,38.16,112.49,1608.5,26.0,0.826,5.3,4,0.466,1,151.4
KAG-NER-01538,Nagaland,26.5666,93.7749,Sedimentary Shale,18.33,93.31,2226.9,37.3,0.312,20.0,4,0.35,0,217.9
KAG-NER-01539,Assam,26.6533,93.1334,Sedimentary Shale,36.1,97.55,747.5,10.6,0.355,9.4,4,0.35,0,130.8
KAG-NER-01540,Meghalaya,25.4328,91.4637,Sedimentary Shale,63.86,206.96,1505.0,8.6,0.212,11.4,3,0.348,0,162.4
KAG-NER-01541,Manipur,24.4393,93.227,Rocky Phyllite,1.01,33.22,1184.3,12.4,0.395,2.5,1,0.156,0,83.6
KAG-NER-01542,Assam,26.0993,90.9748,Sedimentary Shale,22.76,87.87,614.6,36.9,0.851,21.5,4,0.49,1,207.4
KAG-NER-01543,Meghalaya,25.7148,91.9179,Weathered Gneiss,54.0,225.04,1752.1,36.4,0.382,18.3,3,0.509,1,213.7
KAG-NER-01544,Arunachal Pradesh,28.421,94.7836,Weathered Gneiss,30.02,70.62,2782.8,11.7,0.743,10.9,4,0.345,0,187.2
KAG-NER-01545,Sikkim,27.1364,88.8074,Alluvial Sandy Silt,40.05,146.31,1073.6,7.2,0.445,20.4,3,0.323,0,182.1
KAG-NER-01546,Meghalaya,25.8764,91.3526,Weathered Gneiss,27.63,101.01,1582.5,33.4,0.336,20.6,4,0.416,1,202.4
KAG-NER-01547,Mizoram,23.6788,93.3737,Alluvial Sandy Silt,182.88,594.25,971.8,40.2,0.059,12.7,2,1.047,2,272.4
KAG-NER-01548,Meghalaya,25.5791,92.5538,Clayey Loam,2.13,38.9,2465.3,36.2,0.397,6.7,3,0.268,0,155.7
KAG-NER-01549,Assam,25.9163,91.3597,Sedimentary Shale,25.67,107.7,2431.7,14.1,0.445,11.7,3,0.373,0,178.8
KAG-NER-01550,Nagaland,26.0171,94.2771,Sedimentary Shale,3.64,13.64,566.3,29.4,0.279,8.5,1,0.255,0,104.1
KAG-NER-01551,Sikkim,27.6714,88.8906,Rocky Phyllite,6.62,52.37,2527.9,36.3,0.344,11.0,0,0.347,0,175.1
KAG-NER-01552,Nagaland,25.9444,93.4711,Clayey Loam,18.35,55.95,492.1,16.2,0.239,20.2,1,0.245,0,135.9
KAG-NER-01553,Mizoram,24.0018,92.9648,Weathered Gneiss,6.42,17.93,339.6,27.1,0.286,7.6,2,0.194,0,86.5
KAG-NER-01554,Tripura,23.4383,91.6938,Clayey Loam,125.99,280.05,1856.0,18.6,0.229,18.8,2,0.594,1,236.2
KAG-NER-01555,Assam,26.8392,93.9669,Alluvial Sandy Silt,111.47,304.1,1129.7,15.0,0.433,20.7,1,0.601,1,225.5
KAG-NER-01556,Assam,26.4995,91.8735,Weathered Gneiss,15.57,45.25,1523.6,44.8,0.216,18.1,2,0.313,0,169.6
KAG-NER-01557,Nagaland,26.7632,94.395,Clayey Loam,38.8,122.03,1855.0,42.5,0.712,12.5,2,0.581,1,206.5
KAG-NER-01558,Arunachal Pradesh,27.5532,92.7621,Alluvial Sandy Silt,29.0,96.28,223.7,23.8,0.515,13.3,1,0.357,0,129.6
KAG-NER-01559,Mizoram,23.8967,92.5664,Clayey Loam,64.24,203.69,876.8,11.5,0.242,18.4,1,0.439,1,186.7
KAG-NER-01560,Tripura,23.4061,91.7358,Weathered Gneiss,37.52,115.96,1333.7,35.1,0.242,2.9,3,0.427,1,135.3
KAG-NER-01561,Arunachal Pradesh,27.364,94.3301,Clayey Loam,0.01,4.73,805.1,16.2,0.333,16.7,1,0.215,0,138.2
KAG-NER-01562,Assam,25.9651,93.4472,Weathered Gneiss,54.74,125.95,213.2,12.7,0.637,12.6,3,0.441,1,141.6
KAG-NER-01563,Manipur,24.3966,93.0004,Alluvial Sandy Silt,52.2,150.98,315.8,21.3,0.577,9.9,3,0.46,1,151.2
KAG-NER-01564,Arunachal Pradesh,27.1031,95.7013,Weathered Gneiss,27.09,99.08,2260.8,27.2,0.193,17.3,2,0.257,0,180.0
KAG-NER-01565,Mizoram,24.101,92.557,Weathered Gneiss,88.62,192.58,2559.0,9.9,0.78,7.3,4,0.627,1,211.9
KAG-NER-01566,Arunachal Pradesh,28.1454,94.2386,Clayey Loam,90.85,289.65,494.1,28.9,0.323,19.9,1,0.67,1,216.6
KAG-NER-01567,Nagaland,26.7593,93.9604,Sedimentary Shale,28.2,111.78,758.0,6.6,0.363,15.8,3,0.268,0,141.2
KAG-NER-01568,Assam,26.754,90.7859,Rocky Phyllite,35.59,87.98,1854.1,41.7,0.323,14.2,2,0.427,1,172.4
KAG-NER-01569,Nagaland,25.9547,94.8457,Weathered Gneiss,215.13,565.83,2675.6,42.8,0.413,12.5,3,1.132,2,327.4
KAG-NER-01570,Meghalaya,25.5851,90.9485,Alluvial Sandy Silt,13.49,69.44,894.9,35.3,0.466,6.3,1,0.368,0,126.3
KAG-NER-01571,Nagaland,25.5684,94.4553,Weathered Gneiss,14.91,31.7,2406.2,24.7,0.283,14.3,2,0.216,0,156.4
KAG-NER-01572,Assam,26.7028,92.1827,Alluvial Sandy Silt,7.67,62.76,1456.4,16.2,0.312,16.5,2,0.141,0,121.6
KAG-NER-01573,Manipur,25.3313,93.0355,Alluvial Sandy Silt,85.96,276.71,2681.8,35.8,0.27,2.2,4,0.612,1,196.0
KAG-NER-01574,Mizoram,23.2556,93.3132,Clayey Loam,51.85,104.08,450.6,43.3,0.219,9.3,2,0.465,1,135.9
KAG-NER-01575,Assam,26.2493,91.6351,Clayey Loam,4.24,101.69,2728.4,12.3,0.358,18.6,1,0.231,0,185.1
KAG-NER-01576,Assam,26.5479,94.2071,Weathered Gneiss,152.17,426.69,1279.5,24.6,0.372,14.6,2,0.81,2,243.7
KAG-NER-01577,Assam,25.9444,94.7436,Alluvial Sandy Silt,49.89,181.35,2672.0,18.6,0.59,14.3,3,0.403,1,197.7
KAG-NER-01578,Nagaland,26.5131,93.6719,Clayey Loam,72.22,188.32,1327.6,20.3,0.515,6.6,4,0.495,1,152.4
KAG-NER-01579,Nagaland,26.3968,93.9774,Clayey Loam,1.88,36.78,1521.8,22.2,0.467,14.6,3,0.258,0,153.4
KAG-NER-01580,Meghalaya,25.4621,92.2366,Clayey Loam,26.72,65.38,2269.0,44.1,0.525,17.7,1,0.403,1,201.1
KAG-NER-01581,Assam,27.1479,91.07,Clayey Loam,45.57,179.19,2045.5,16.3,0.689,10.0,7,0.436,1,170.1
KAG-NER-01582,Arunachal Pradesh,27.573,93.6642,Alluvial Sandy Silt,29.75,87.06,1765.3,25.7,0.627,5.6,3,0.393,1,144.9
KAG-NER-01583,Nagaland,25.9268,93.9448,Alluvial Sandy Silt,41.75,94.34,1214.2,44.1,0.529,3.5,3,0.458,1,152.4
KAG-NER-01584,Meghalaya,25.147,91.9824,Clayey Loam,64.72,177.06,2235.4,25.0,0.142,12.1,1,0.351,0,174.1
KAG-NER-01585,Sikkim,27.4054,88.2558,Clayey Loam,17.82,79.95,2659.2,40.5,0.267,15.7,1,0.367,0,205.3
KAG-NER-01586,Assam,26.9424,94.1115,Weathered Gneiss,71.75,138.9,106.7,8.4,0.399,5.3,4,0.318,0,80.8
KAG-NER-01587,Nagaland,26.0809,93.8477,Clayey Loam,6.76,45.07,1678.9,44.1,0.577,10.4,5,0.397,1,160.4
KAG-NER-01588,Arunachal Pradesh,27.9209,92.7967,Rocky Phyllite,12.01,71.82,2435.5,13.5,0.562,13.4,3,0.25,0,153.3
KAG-NER-01589,Arunachal Pradesh,27.2776,94.7873,Sedimentary Shale,1.68,55.57,1856.5,45.2,0.297,5.1,1,0.32,0,127.9
KAG-NER-01590,Manipur,24.0565,93.1516,Sedimentary Shale,17.22,38.53,2258.3,13.0,0.173,7.4,3,0.123,0,105.6
KAG-NER-01591,Nagaland,25.4095,93.6294,Sedimentary Shale,18.16,99.39,2514.6,23.8,0.422,14.2,5,0.303,0,186.3
KAG-NER-01592,Sikkim,27.1483,88.8966,Sedimentary Shale,62.17,122.37,2122.6,18.3,0.169,16.5,3,0.323,0,185.2
KAG-NER-01593,Assam,26.2043,91.1717,Rocky Phyllite,40.23,141.02,2030.3,23.3,0.381,14.7,0,0.501,1,198.9
KAG-NER-01594,Assam,26.1374,94.7126,Sedimentary Shale,21.81,87.31,2704.1,16.0,0.463,16.3,5,0.254,0,174.6
KAG-NER-01595,Manipur,24.7282,93.5837,Alluvial Sandy Silt,40.12,114.48,2429.2,44.6,0.198,13.6,1,0.48,1,208.5
KAG-NER-01596,Meghalaya,25.8861,91.227,Clayey Loam,2.06,12.15,2297.8,18.2,0.604,18.7,4,0.203,0,175.6
KAG-NER-01597,Arunachal Pradesh,27.436,92.4328,Clayey Loam,7.55,38.77,315.0,32.1,0.744,18.5,6,0.364,0,163.2
KAG-NER-01598,Assam,26.3289,91.9251,Weathered Gneiss,37.47,138.22,730.2,11.5,0.431,17.9,2,0.33,0,160.4
KAG-NER-01599,Assam,26.7482,91.8031,Weathered Gneiss,38.97,186.18,1594.4,39.0,0.351,13.5,1,0.482,1,201.9
KAG-NER-01600,Tripura,23.8926,91.1791,Weathered Gneiss,56.54,181.44,2010.0,27.7,0.617,21.9,3,0.516,1,236.4
KAG-NER-01601,Assam,26.0678,92.3333,Sedimentary Shale,19.6,126.1,904.7,45.2,0.524,2.8,1,0.476,1,128.9
KAG-NER-01602,Arunachal Pradesh,28.3991,93.1976,Sedimentary Shale,48.72,168.84,333.9,22.9,0.225,5.9,0,0.449,1,119.4
KAG-NER-01603,Assam,26.7297,91.6479,Sedimentary Shale,43.77,203.1,926.2,13.8,0.594,18.2,1,0.39,1,163.2
KAG-NER-01604,Arunachal Pradesh,27.1033,91.7634,Weathered Gneiss,125.69,270.81,2177.2,19.8,0.28,18.5,0,0.571,1,225.4
KAG-NER-01605,Assam,26.2276,91.2095,Sedimentary Shale,9.21,56.19,2466.5,35.5,0.872,18.4,5,0.38,1,210.0
KAG-NER-01606,Meghalaya,25.2566,92.178,Weathered Gneiss,30.49,98.17,2563.1,32.4,0.449,19.5,4,0.398,1,226.8
KAG-NER-01607,Assam,25.8222,93.0101,Clayey Loam,34.99,109.8,1110.5,37.1,0.583,10.5,2,0.45,1,160.5
KAG-NER-01608,Mizoram,23.3692,92.8572,Alluvial Sandy Silt,251.03,750.0,1093.3,8.9,0.825,20.6,7,1.25,2,362.5
KAG-NER-01609,Assam,26.588,91.9102,Alluvial Sandy Silt,8.54,27.41,1186.2,29.2,0.384,6.2,0,0.319,0,121.2
KAG-NER-01610,Meghalaya,25.3656,92.1068,Clayey Loam,28.15,90.07,1102.2,43.3,0.112,20.7,0,0.351,0,182.4
KAG-NER-01611,Tripura,24.2455,91.3311,Sedimentary Shale,16.15,75.66,1892.1,10.3,0.25,13.1,2,0.255,0,136.7
KAG-NER-01612,Nagaland,25.5367,94.7467,Clayey Loam,28.36,93.46,1054.6,9.8,0.57,5.3,4,0.313,0,120.1
KAG-NER-01613,Meghalaya,25.4149,91.6334,Sedimentary Shale,10.04,36.13,135.3,34.7,0.492,16.7,3,0.292,0,125.5
KAG-NER-01614,Arunachal Pradesh,27.4753,92.0661,Weathered Gneiss,1.85,24.22,1274.1,18.6,0.166,7.9,2,0.143,0,102.4
KAG-NER-01615,Arunachal Pradesh,27.8429,93.8631,Weathered Gneiss,32.3,100.92,689.7,32.3,0.527,6.4,2,0.407,1,137.8
KAG-NER-01616,Nagaland,25.6842,94.0778,Sedimentary Shale,15.55,51.12,158.4,27.8,0.636,5.4,3,0.31,0,96.4
KAG-NER-01617,Sikkim,27.6579,88.5723,Sedimentary Shale,7.63,45.6,1360.7,45.4,0.403,2.6,2,0.333,0,118.0
KAG-NER-01618,Nagaland,25.5357,94.222,Rocky Phyllite,14.88,29.09,640.2,41.6,0.869,17.3,5,0.455,1,175.7
KAG-NER-01619,Meghalaya,25.7325,92.261,Alluvial Sandy Silt,1.92,34.93,1311.5,33.1,0.298,11.7,3,0.239,0,133.5
KAG-NER-01620,Manipur,24.8808,93.2443,Weathered Gneiss,114.18,311.55,835.5,16.5,0.503,21.6,1,0.661,1,248.5
KAG-NER-01621,Meghalaya,25.7392,91.9611,Clayey Loam,33.07,103.98,1722.1,16.5,0.228,10.8,0,0.271,0,140.3
KAG-NER-01622,Assam,25.8342,92.3529,Clayey Loam,64.07,140.63,2775.2,41.3,0.212,18.9,1,0.492,1,235.8
KAG-NER-01623,Meghalaya,25.3997,91.9405,Sedimentary Shale,20.9,105.36,1568.5,29.4,0.225,21.4,2,0.353,0,176.2
KAG-NER-01624,Sikkim,27.2513,88.5727,Alluvial Sandy Silt,88.78,243.1,1839.6,37.6,0.543,2.4,3,0.644,1,187.1
KAG-NER-01625,Assam,27.0785,94.0901,Rocky Phyllite,25.09,81.98,2580.4,24.0,0.341,4.1,0,0.314,0,137.0
KAG-NER-01626,Nagaland,26.69,94.8678,Alluvial Sandy Silt,32.42,72.98,1097.3,10.1,0.429,9.0,4,0.204,0,105.5
KAG-NER-01627,Assam,25.8149,93.3023,Alluvial Sandy Silt,25.72,126.33,533.0,19.3,0.514,19.4,3,0.329,0,159.9
KAG-NER-01628,Meghalaya,25.4716,92.4356,Clayey Loam,50.22,186.99,849.2,12.4,0.197,18.8,0,0.3,0,142.3
KAG-NER-01629,Assam,26.1525,94.9146,Alluvial Sandy Silt,31.78,84.37,1175.6,37.3,0.328,9.3,1,0.451,1,160.9
KAG-NER-01630,Meghalaya,25.6523,92.2632,Rocky Phyllite,12.04,39.47,1834.4,34.0,0.619,6.0,7,0.355,0,143.5
KAG-NER-01631,Manipur,24.1198,93.2935,Sedimentary Shale,5.98,26.41,92.5,9.5,0.781,18.0,0,0.22,0,126.3
KAG-NER-01632,Arunachal Pradesh,28.1134,91.5989,Clayey Loam,35.41,108.56,2401.2,30.9,0.632,13.9,3,0.371,0,180.4
KAG-NER-01633,Nagaland,26.5436,93.4209,Alluvial Sandy Silt,25.53,97.82,287.0,41.0,0.415,2.6,3,0.364,0,105.8
KAG-NER-01634,Manipur,24.92,93.5842,Weathered Gneiss,3.83,31.53,2529.8,33.9,0.542,18.1,3,0.343,0,200.4
KAG-NER-01635,Tripura,23.9338,91.9352,Clayey Loam,19.13,105.36,2662.5,26.4,0.526,21.1,7,0.371,0,211.6
KAG-NER-01636,Assam,26.2795,90.9858,Rocky Phyllite,27.48,119.22,2773.1,18.5,0.536,2.8,7,0.291,0,127.6
KAG-NER-01637,Arunachal Pradesh,27.0114,94.1502,Sedimentary Shale,66.65,144.55,2281.9,41.5,0.411,7.7,1,0.491,1,178.9
KAG-NER-01638,Assam,26.5289,93.8399,Rocky Phyllite,3.01,6.3,465.8,22.9,0.323,18.4,4,0.265,0,145.7
KAG-NER-01639,Sikkim,27.4568,88.438,Sedimentary Shale,16.28,62.03,2000.8,40.2,0.469,13.7,4,0.431,1,190.8
KAG-NER-01640,Tripura,23.6777,91.1317,Sedimentary Shale,65.73,159.37,633.0,37.3,0.914,21.8,2,0.648,1,210.4
KAG-NER-01641,Meghalaya,25.402,92.7377,Sedimentary Shale,39.72,148.37,2520.2,38.6,0.65,20.3,1,0.527,1,238.0
KAG-NER-01642,Mizoram,24.1103,92.6623,Rocky Phyllite,13.01,56.2,941.2,45.6,0.42,5.6,1,0.376,0,125.2
KAG-NER-01643,Meghalaya,25.629,92.403,Clayey Loam,70.93,225.71,968.9,36.0,0.693,15.5,5,0.595,1,217.3
KAG-NER-01644,Nagaland,26.0178,93.4269,Sedimentary Shale,25.83,114.67,2576.0,7.4,0.131,15.1,0,0.24,0,178.7
KAG-NER-01645,Assam,25.9043,92.7968,Alluvial Sandy Silt,26.21,58.91,116.0,14.2,0.426,4.2,2,0.252,0,76.1
KAG-NER-01646,Manipur,25.3572,94.1091,Sedimentary Shale,142.67,488.22,607.6,7.4,0.64,3.8,7,0.876,2,206.9
KAG-NER-01647,Assam,25.8993,91.3521,Clayey Loam,111.71,391.9,1227.7,13.6,0.694,13.4,2,0.731,2,215.2
KAG-NER-01648,Mizoram,23.957,93.2256,Weathered Gneiss,16.87,69.34,1986.0,8.5,0.336,10.1,3,0.213,0,111.3
KAG-NER-01649,Manipur,24.8648,94.0311,Sedimentary Shale,5.76,26.18,1841.4,26.1,0.176,12.9,2,0.179,0,129.7
KAG-NER-01650,Manipur,24.0397,94.3256,Clayey Loam,14.97,73.08,1900.8,7.1,0.538,6.8,4,0.233,0,130.5
KAG-NER-01651,Assam,26.9036,91.6657,Alluvial Sandy Silt,1.18,26.8,2473.7,24.9,0.452,13.1,4,0.269,0,166.2
KAG-NER-01652,Arunachal Pradesh,28.0339,92.4668,Clayey Loam,0.8,16.41,409.2,42.0,0.624,9.7,5,0.327,0,111.9
KAG-NER-01653,Arunachal Pradesh,26.9645,92.4051,Alluvial Sandy Silt,19.13,59.18,1500.3,35.9,0.561,19.8,2,0.46,1,210.8
KAG-NER-01654,Arunachal Pradesh,27.1858,93.0199,Weathered Gneiss,107.56,279.55,2053.3,43.8,0.583,8.1,7,0.763,2,245.7
KAG-NER-01655,Assam,26.3858,92.7884,Alluvial Sandy Silt,77.93,259.76,1810.2,15.1,0.525,19.4,5,0.553,1,214.9
KAG-NER-01656,Tripura,23.7721,91.4248,Sedimentary Shale,27.22,56.86,1299.4,27.2,0.515,9.8,2,0.399,1,151.2
KAG-NER-01657,Meghalaya,25.1263,91.7733,Weathered Gneiss,31.65,108.6,126.6,18.7,0.139,13.6,1,0.331,0,122.2
KAG-NER-01658,Arunachal Pradesh,27.5332,92.844,Clayey Loam,0.23,30.17,244.4,25.8,0.257,7.7,2,0.221,0,87.5
KAG-NER-01659,Arunachal Pradesh,28.2871,94.8603,Clayey Loam,9.22,78.84,403.5,28.3,0.505,18.2,3,0.331,0,145.6
KAG-NER-01660,Meghalaya,25.872,91.487,Clayey Loam,0.95,8.41,1013.6,7.4,0.348,18.9,4,0.118,0,147.0
KAG-NER-01661,Nagaland,25.5833,94.4443,Alluvial Sandy Silt,53.38,208.37,400.0,15.3,0.735,18.2,2,0.551,1,190.0
KAG-NER-01662,Meghalaya,25.2855,91.3472,Rocky Phyllite,5.98,17.7,1238.9,34.2,0.432,14.8,3,0.322,0,156.2
KAG-NER-01663,Tripura,23.278,92.0904,Alluvial Sandy Silt,77.25,179.09,565.9,36.9,0.741,8.1,4,0.684,1,185.0
KAG-NER-01664,Meghalaya,25.2133,92.5481,Weathered Gneiss,39.18,142.12,2199.3,28.8,0.154,14.7,1,0.433,1,185.6
KAG-NER-01665,Sikkim,27.705,88.4717,Sedimentary Shale,9.9,30.7,2450.4,16.8,0.778,21.2,2,0.303,0,201.4
KAG-NER-01666,Mizoram,23.9166,92.9814,Clayey Loam,6.52,34.69,1139.8,22.2,0.266,15.0,3,0.188,0,114.9
KAG-NER-01667,Assam,26.9243,92.4431,Alluvial Sandy Silt,37.54,172.9,1470.8,9.8,0.102,21.1,0,0.295,0,190.8
KAG-NER-01668,Tripura,24.143,91.6549,Weathered Gneiss,87.82,275.94,2673.5,44.1,0.171,8.1,0,0.659,1,232.4
KAG-NER-01669,Assam,27.1174,92.6887,Sedimentary Shale,48.15,118.2,1536.6,40.7,0.841,18.9,3,0.561,1,215.9
KAG-NER-01670,Mizoram,23.4939,93.1636,Sedimentary Shale,16.28,41.72,2786.6,8.6,0.363,16.4,2,0.167,0,162.7
KAG-NER-01671,Arunachal Pradesh,28.2145,93.9952,Sedimentary Shale,33.64,86.4,466.6,12.7,0.447,18.4,1,0.315,0,156.5
KAG-NER-01672,Mizoram,23.0697,92.8145,Weathered Gneiss,14.14,42.07,2425.3,29.2,0.35,16.2,6,0.305,0,183.8
KAG-NER-01673,Mizoram,24.2521,93.1283,Sedimentary Shale,268.65,750.0,1432.4,15.3,0.477,11.6,2,1.25,2,309.6
KAG-NER-01674,Mizoram,24.0167,92.3361,Clayey Loam,52.5,172.84,141.8,43.4,0.733,15.7,5,0.622,1,191.3
KAG-NER-01675,Manipur,24.655,94.0346,Clayey Loam,36.21,160.66,2724.4,36.2,0.506,20.6,2,0.546,1,258.8
KAG-NER-01676,Arunachal Pradesh,28.2281,91.7217,Clayey Loam,20.91,68.26,2704.9,16.9,0.724,10.4,7,0.297,0,146.6
KAG-NER-01677,Assam,26.9934,92.9678,Alluvial Sandy Silt,36.58,95.7,1122.5,6.2,0.552,21.0,5,0.35,0,180.1
KAG-NER-01678,Arunachal Pradesh,27.2157,92.9276,Alluvial Sandy Silt,15.88,41.43,2675.3,38.0,0.28,3.0,2,0.278,0,127.7
KAG-NER-01679,Assam,26.1947,92.8889,Clayey Loam,1.11,36.9,463.5,23.0,0.441,2.3,4,0.246,0,87.4
KAG-NER-01680,Nagaland,25.4724,93.6378,Weathered Gneiss,19.1,46.79,1929.9,31.7,0.204,11.9,0,0.206,0,132.7
KAG-NER-01681,Arunachal Pradesh,28.2003,92.0967,Sedimentary Shale,101.31,298.92,602.0,17.5,0.357,19.0,2,0.634,1,209.6
KAG-NER-01682,Sikkim,27.2634,88.4627,Weathered Gneiss,37.4,134.85,750.9,11.7,0.504,7.0,6,0.334,0,123.7
KAG-NER-01683,Nagaland,26.124,94.5454,Alluvial Sandy Silt,3.33,16.75,2199.8,33.0,0.413,15.9,0,0.198,0,147.9
KAG-NER-01684,Mizoram,23.471,93.1689,Weathered Gneiss,82.19,173.34,1106.4,24.0,0.416,12.9,2,0.5,1,178.6
KAG-NER-01685,Assam,26.6657,91.0089,Sedimentary Shale,11.9,48.47,99.4,15.4,0.707,7.8,6,0.351,0,111.4
KAG-NER-01686,Mizoram,23.0345,92.7807,Clayey Loam,10.62,51.78,1206.7,11.5,0.325,7.7,0,0.207,0,104.1
KAG-NER-01687,Tripura,23.6763,91.9923,Alluvial Sandy Silt,13.4,136.66,700.3,29.2,0.54,3.5,4,0.388,1,103.1
KAG-NER-01688,Meghalaya,25.6227,91.2091,Sedimentary Shale,32.71,120.02,1938.7,35.0,0.399,12.7,3,0.438,1,176.8
KAG-NER-01689,Nagaland,25.6391,93.7403,Alluvial Sandy Silt,29.9,98.76,608.9,17.4,0.731,11.0,4,0.414,1,142.6
KAG-NER-01690,Manipur,24.8057,93.6775,Clayey Loam,25.69,94.38,2370.9,35.4,0.196,7.8,1,0.405,1,153.9
KAG-NER-01691,Assam,26.5209,91.268,Sedimentary Shale,48.04,176.93,806.5,13.3,0.79,21.4,2,0.451,1,193.3
KAG-NER-01692,Meghalaya,25.6966,92.4166,Sedimentary Shale,14.46,44.0,1149.0,19.5,0.287,18.4,0,0.244,0,147.7
KAG-NER-01693,Arunachal Pradesh,27.3127,93.7118,Weathered Gneiss,57.9,171.32,890.7,35.8,0.249,12.5,1,0.505,1,177.2
KAG-NER-01694,Assam,27.1657,91.9996,Clayey Loam,7.32,18.79,1831.5,32.4,0.753,12.4,4,0.347,0,168.3
KAG-NER-01695,Arunachal Pradesh,27.8521,91.9059,Clayey Loam,57.99,127.01,355.2,16.8,0.422,5.9,1,0.387,1,105.5
KAG-NER-01696,Assam,26.6484,90.9033,Sedimentary Shale,41.42,141.29,1380.4,10.9,0.727,15.0,2,0.462,1,179.9
KAG-NER-01697,Assam,27.1429,93.7205,Weathered Gneiss,43.68,116.57,989.7,7.7,0.228,21.1,1,0.28,0,155.4
KAG-NER-01698,Assam,26.9034,93.6685,Weathered Gneiss,24.96,81.29,2484.9,39.5,0.176,20.0,3,0.3,0,191.4
KAG-NER-01699,Sikkim,27.5128,88.4599,Weathered Gneiss,41.79,99.62,279.7,9.0,0.314,3.7,3,0.16,0,59.9
KAG-NER-01700,Meghalaya,25.8725,92.6878,Weathered Gneiss,3.16,22.89,2336.8,10.6,0.126,3.1,1,0.14,0,110.0
KAG-NER-01701,Sikkim,27.4493,88.8452,Weathered Gneiss,72.49,143.14,536.1,15.5,0.352,21.2,8,0.402,1,171.8
KAG-NER-01702,Meghalaya,25.625,91.5998,Sedimentary Shale,2.17,10.3,320.9,23.8,0.784,6.0,2,0.282,0,101.4
KAG-NER-01703,Arunachal Pradesh,27.6272,92.4418,Sedimentary Shale,6.12,43.6,630.3,37.6,0.541,13.0,1,0.358,0,142.8
KAG-NER-01704,Meghalaya,25.1033,90.8279,Sedimentary Shale,32.68,83.44,359.2,15.9,0.402,3.5,1,0.394,1,118.5
KAG-NER-01705,Meghalaya,25.5588,91.1879,Clayey Loam,51.1,155.75,1497.1,27.7,0.405,18.9,0,0.504,1,205.8
KAG-NER-01706,Assam,26.4279,94.9129,Sedimentary Shale,3.01,20.98,2767.9,9.6,0.297,4.4,2,0.12,0,105.0
KAG-NER-01707,Nagaland,25.8904,94.0783,Sedimentary Shale,96.34,320.52,173.4,24.6,0.492,14.9,2,0.704,1,204.3
KAG-NER-01708,Assam,25.9869,90.7158,Rocky Phyllite,138.12,324.95,1334.3,13.1,0.247,3.1,0,0.645,1,162.4
KAG-NER-01709,Nagaland,26.4856,94.256,Sedimentary Shale,35.39,103.02,1130.1,14.4,0.524,5.1,3,0.364,0,125.8
KAG-NER-01710,Nagaland,26.465,93.6248,Sedimentary Shale,24.94,103.73,1003.7,20.7,0.556,12.2,2,0.314,0,142.3
KAG-NER-01711,Assam,26.6006,91.6414,Weathered Gneiss,51.39,177.61,982.7,36.5,0.118,2.9,0,0.46,1,140.3
KAG-NER-01712,Assam,26.1193,90.5519,Sedimentary Shale,15.13,97.66,2514.4,35.8,0.575,5.9,5,0.407,1,169.3
KAG-NER-01713,Manipur,24.1825,93.4948,Alluvial Sandy Silt,25.83,97.49,131.6,22.6,0.345,4.7,3,0.27,0,82.0
KAG-NER-01714,Meghalaya,25.2052,92.7632,Weathered Gneiss,94.19,190.7,2187.8,10.7,0.112,2.8,0,0.409,1,163.4
KAG-NER-01715,Assam,26.2321,91.0865,Sedimentary Shale,118.4,366.55,768.0,17.2,0.498,21.4,2,0.637,1,226.9
KAG-NER-01716,Sikkim,27.2394,88.5702,Rocky Phyllite,99.49,242.98,1122.6,26.2,0.666,11.0,8,0.655,1,192.3
KAG-NER-01717,Assam,25.8897,94.381,Weathered Gneiss,11.57,29.46,1222.8,40.8,0.337,19.2,2,0.364,0,176.8
KAG-NER-01718,Nagaland,26.7461,93.7701,Alluvial Sandy Silt,10.05,40.89,908.9,44.7,0.118,9.2,1,0.38,0,126.4
KAG-NER-01719,Sikkim,27.4151,88.1177,Clayey Loam,13.43,45.86,334.5,31.5,0.168,2.9,2,0.315,0,79.6
KAG-NER-01720,Assam,26.697,92.3627,Rocky Phyllite,22.12,81.87,391.0,20.0,0.196,15.9,0,0.234,0,124.3
KAG-NER-01721,Assam,26.1781,91.4308,Weathered Gneiss,14.33,93.21,890.9,33.7,0.273,2.8,0,0.323,0,92.4
KAG-NER-01722,Assam,26.7156,92.373,Rocky Phyllite,17.81,105.97,2315.3,19.4,0.79,13.1,5,0.37,0,175.2
KAG-NER-01723,Arunachal Pradesh,27.1875,94.601,Alluvial Sandy Silt,36.83,80.66,446.2,31.0,0.552,4.8,2,0.401,1,105.8
KAG-NER-01724,Assam,26.5911,94.364,Alluvial Sandy Silt,54.63,172.19,2100.0,15.8,0.472,15.4,3,0.463,1,202.7
KAG-NER-01725,Nagaland,25.5645,94.5785,Alluvial Sandy Silt,50.55,160.05,865.7,16.7,0.297,19.9,0,0.353,0,163.9
KAG-NER-01726,Assam,26.7429,91.0175,Weathered Gneiss,64.0,183.07,2483.0,9.0,0.462,21.1,4,0.476,1,237.3
KAG-NER-01727,Meghalaya,25.7253,91.348,Weathered Gneiss,1.24,16.79,1245.1,22.8,0.655,12.6,7,0.266,0,138.7
KAG-NER-01728,Sikkim,27.7615,88.2133,Alluvial Sandy Silt,1.86,33.33,547.1,30.7,0.647,12.7,4,0.264,0,109.4
KAG-NER-01729,Mizoram,23.7643,92.7202,Weathered Gneiss,59.19,193.82,2761.5,37.6,0.429,2.8,2,0.546,1,193.8
KAG-NER-01730,Nagaland,26.7395,93.895,Clayey Loam,28.94,131.87,560.4,38.4,0.311,17.4,0,0.435,1,168.3
KAG-NER-01731,Arunachal Pradesh,28.4395,95.5567,Sedimentary Shale,32.8,122.33,1623.9,45.7,0.474,21.1,2,0.526,1,214.0
KAG-NER-01732,Nagaland,25.7785,94.6053,Clayey Loam,2.05,20.75,1628.5,9.5,0.428,10.8,5,0.183,0,124.3
KAG-NER-01733,Meghalaya,25.996,90.8569,Sedimentary Shale,11.2,45.85,1094.1,25.7,0.269,17.9,1,0.229,0,158.0
KAG-NER-01734,Arunachal Pradesh,27.5988,93.8408,Sedimentary Shale,38.65,165.9,2668.0,26.9,0.439,17.9,2,0.41,1,211.6
KAG-NER-01735,Assam,26.2129,90.5687,Clayey Loam,74.49,220.18,2375.3,38.2,0.518,17.7,4,0.695,1,246.9
KAG-NER-01736,Tripura,23.4642,91.4383,Sedimentary Shale,94.57,262.69,2337.1,16.7,0.587,17.2,5,0.61,1,248.5
KAG-NER-01737,Meghalaya,25.4992,90.6449,Clayey Loam,26.37,139.68,2729.7,8.8,0.338,6.3,3,0.227,0,150.6
KAG-NER-01738,Assam,27.0226,93.6721,Clayey Loam,29.96,106.65,1323.3,18.6,0.229,17.0,2,0.261,0,143.4
KAG-NER-01739,Arunachal Pradesh,27.0363,94.4254,Sedimentary Shale,68.02,157.98,344.3,45.4,0.386,4.9,4,0.497,1,125.3
KAG-NER-01740,Arunachal Pradesh,27.9459,95.803,Sedimentary Shale,29.31,83.54,2162.0,42.0,0.438,16.3,1,0.36,0,186.8
KAG-NER-01741,Mizoram,22.8045,92.5727,Sedimentary Shale,27.64,74.66,1115.8,21.8,0.155,2.1,1,0.237,0,73.5
KAG-NER-01742,Manipur,25.2989,94.4914,Clayey Loam,89.48,203.23,597.7,41.1,0.194,20.4,2,0.566,1,222.7
KAG-NER-01743,Manipur,25.0088,94.2252,Clayey Loam,59.29,158.13,1394.4,7.3,0.463,18.5,2,0.353,0,176.1
KAG-NER-01744,Assam,25.9281,92.8124,Weathered Gneiss,91.11,274.37,2598.0,18.6,0.091,15.7,1,0.55,1,230.4
KAG-NER-01745,Arunachal Pradesh,27.2705,92.3155,Sedimentary Shale,9.36,36.43,546.1,35.1,0.601,3.9,1,0.378,0,112.8
KAG-NER-01746,Meghalaya,25.8293,90.5511,Sedimentary Shale,28.24,128.56,2388.5,14.9,0.473,18.5,3,0.28,0,182.3
KAG-NER-01747,Assam,26.4561,94.7236,Sedimentary Shale,70.23,172.38,1217.5,13.9,0.34,19.5,1,0.5,1,199.9
KAG-NER-01748,Arunachal Pradesh,27.1973,95.901,Rocky Phyllite,4.48,101.28,452.1,40.5,0.32,15.8,4,0.353,0,138.3
KAG-NER-01749,Manipur,25.392,93.889,Sedimentary Shale,60.16,125.85,2387.6,30.6,0.531,21.5,2,0.49,1,225.7
KAG-NER-01750,Assam,26.0382,91.9225,Sedimentary Shale,7.68,19.15,2717.4,45.6,0.335,3.9,2,0.295,0,144.9
KAG-NER-01751,Meghalaya,25.482,91.0042,Clayey Loam,62.73,130.14,872.3,11.4,0.345,16.2,0,0.353,0,167.3
KAG-NER-01752,Assam,26.1929,94.875,Alluvial Sandy Silt,35.98,114.13,905.6,20.2,0.402,12.5,1,0.428,1,165.9
KAG-NER-01753,Assam,26.0147,93.8,Weathered Gneiss,8.16,33.94,1142.3,18.4,0.789,4.9,4,0.25,0,100.0
KAG-NER-01754,Assam,25.8006,93.1828,Weathered Gneiss,24.37,57.59,2294.4,41.2,0.168,15.2,0,0.348,0,181.7
KAG-NER-01755,Sikkim,27.7412,88.3303,Alluvial Sandy Silt,43.53,128.5,108.3,16.2,0.349,18.0,0,0.322,0,153.4
KAG-NER-01756,Mizoram,23.0783,93.0168,Alluvial Sandy Silt,38.18,80.15,689.2,20.1,0.371,5.3,2,0.249,0,87.1
KAG-NER-01757,Sikkim,27.5988,88.6504,Weathered Gneiss,21.18,88.52,2000.0,11.7,0.537,17.9,3,0.217,0,148.3
KAG-NER-01758,Meghalaya,25.3874,90.8557,Sedimentary Shale,87.26,299.18,1183.3,37.0,0.646,3.9,1,0.756,2,197.6
KAG-NER-01759,Assam,27.1383,94.6548,Clayey Loam,27.83,84.4,978.4,15.5,0.391,13.8,1,0.212,0,130.4
KAG-NER-01760,Meghalaya,25.5116,92.4001,Sedimentary Shale,26.79,74.21,2452.6,8.7,0.186,18.0,1,0.147,0,138.7
KAG-NER-01761,Meghalaya,25.5071,91.3034,Weathered Gneiss,2.44,26.59,2575.1,23.4,0.485,4.9,2,0.272,0,141.2
KAG-NER-01762,Mizoram,23.0351,92.769,Alluvial Sandy Silt,97.0,248.58,2658.5,21.7,0.285,13.4,0,0.597,1,223.3
KAG-NER-01763,Assam,26.5524,90.6013,Alluvial Sandy Silt,7.41,64.59,821.3,13.1,0.464,10.5,1,0.224,0,99.1
KAG-NER-01764,Meghalaya,25.4997,92.2315,Alluvial Sandy Silt,28.56,114.05,2562.0,11.3,0.252,14.1,2,0.208,0,156.5
KAG-NER-01765,Assam,26.7521,93.3582,Alluvial Sandy Silt,61.84,179.57,2084.5,41.9,0.222,10.5,0,0.479,1,177.4
KAG-NER-01766,Arunachal Pradesh,28.3553,91.5811,Clayey Loam,9.22,33.14,499.5,8.7,0.217,7.0,2,0.079,0,49.2
KAG-NER-01767,Manipur,24.7799,94.2598,Weathered Gneiss,28.48,100.75,1739.9,10.0,0.596,7.1,2,0.302,0,134.0
KAG-NER-01768,Meghalaya,25.5872,91.0421,Alluvial Sandy Silt,10.46,41.86,151.6,15.8,0.176,19.3,2,0.194,0,121.3
KAG-NER-01769,Arunachal Pradesh,27.118,95.494,Alluvial Sandy Silt,54.18,150.85,2006.8,44.1,0.454,5.1,1,0.529,1,161.3
KAG-NER-01770,Arunachal Pradesh,27.6532,95.4515,Alluvial Sandy Silt,31.57,105.34,2075.3,9.4,0.503,4.5,2,0.332,0,125.5
KAG-NER-01771,Meghalaya,25.6273,91.9529,Rocky Phyllite,73.64,183.43,2227.0,38.6,0.595,3.9,3,0.679,1,208.0
KAG-NER-01772,Manipur,25.126,94.0546,Alluvial Sandy Silt,85.48,312.9,549.3,41.7,0.334,3.5,2,0.714,1,176.5
KAG-NER-01773,Tripura,23.6777,91.7164,Weathered Gneiss,39.76,177.66,1788.8,21.1,0.44,2.3,0,0.363,0,107.4
KAG-NER-01774,Sikkim,27.6621,88.3989,Clayey Loam,49.11,146.9,566.5,17.8,0.444,5.2,3,0.4,1,109.2
KAG-NER-01775,Manipur,24.5434,93.1531,Weathered Gneiss,30.28,58.88,2654.9,33.1,0.195,5.9,1,0.371,0,161.4
KAG-NER-01776,Arunachal Pradesh,28.3633,91.9097,Weathered Gneiss,18.44,67.61,1916.0,34.1,0.117,7.4,0,0.26,0,133.6
KAG-NER-01777,Nagaland,26.3075,94.0198,Alluvial Sandy Silt,39.69,151.1,339.3,37.2,0.374,4.5,3,0.435,1,121.5
KAG-NER-01778,Meghalaya,25.4651,91.9668,Weathered Gneiss,90.79,284.4,588.7,39.2,0.701,3.9,5,0.797,2,195.2
KAG-NER-01779,Arunachal Pradesh,27.0073,94.1717,Alluvial Sandy Silt,20.48,52.34,1884.6,16.7,0.302,12.8,2,0.172,0,126.5
KAG-NER-01780,Mizoram,23.958,93.211,Sedimentary Shale,14.34,38.42,1376.5,33.5,0.649,16.4,6,0.366,0,172.2
KAG-NER-01781,Assam,26.0387,94.5384,Clayey Loam,18.69,64.32,2082.7,11.4,0.58,14.6,5,0.238,0,152.4
KAG-NER-01782,Tripura,23.9874,92.1582,Clayey Loam,21.72,87.36,843.7,26.4,0.231,13.1,1,0.274,0,125.4
KAG-NER-01783,Meghalaya,25.5368,91.6093,Weathered Gneiss,2.9,37.78,1869.5,30.5,0.816,10.8,7,0.418,1,159.3
KAG-NER-01784,Nagaland,26.6867,94.7499,Sedimentary Shale,26.22,87.77,561.3,12.5,0.725,14.7,5,0.312,0,138.9
KAG-NER-01785,Nagaland,26.0274,93.8116,Weathered Gneiss,25.91,95.11,1558.9,9.1,0.174,20.0,3,0.213,0,145.8
KAG-NER-01786,Tripura,23.6718,91.5653,Clayey Loam,33.74,93.71,2685.2,13.8,0.584,14.5,6,0.373,0,184.9
KAG-NER-01787,Nagaland,25.8016,93.8029,Sedimentary Shale,17.13,55.34,1788.8,22.8,0.543,3.2,3,0.251,0,116.1
KAG-NER-01788,Nagaland,26.6055,93.5048,Weathered Gneiss,36.09,119.91,216.0,41.5,0.396,13.4,2,0.49,1,156.8
KAG-NER-01789,Assam,26.7487,91.2777,Sedimentary Shale,80.01,238.3,2769.4,27.3,0.479,12.5,4,0.571,1,234.8
KAG-NER-01790,Meghalaya,25.4101,90.36,Clayey Loam,118.24,300.21,506.7,35.9,0.211,11.0,2,0.661,1,185.8
KAG-NER-01791,Assam,26.178,93.9579,Weathered Gneiss,33.29,122.28,2033.1,13.0,0.09,13.4,1,0.228,0,143.8
KAG-NER-01792,Manipur,25.239,93.3544,Alluvial Sandy Silt,1.65,26.45,1528.5,10.2,0.655,15.5,3,0.207,0,149.9
KAG-NER-01793,Meghalaya,25.5172,91.4228,Weathered Gneiss,132.29,296.47,880.7,15.6,0.698,2.7,4,0.748,2,180.1
KAG-NER-01794,Nagaland,26.623,94.5442,Weathered Gneiss,46.5,164.84,562.3,18.6,0.285,11.6,2,0.346,0,134.2
KAG-NER-01795,Assam,26.5183,93.5184,Weathered Gneiss,15.56,54.01,563.4,27.9,0.865,18.3,4,0.379,0,161.1
KAG-NER-01796,Assam,26.9863,90.5429,Alluvial Sandy Silt,6.05,22.5,2414.8,41.2,0.748,12.6,3,0.33,0,174.3
KAG-NER-01797,Manipur,24.564,94.4516,Rocky Phyllite,5.88,24.41,2454.3,23.0,0.074,3.4,0,0.133,0,101.6
KAG-NER-01798,Assam,26.8364,92.9428,Sedimentary Shale,6.98,25.46,1345.2,26.8,0.375,17.5,1,0.189,0,147.5
KAG-NER-01799,Assam,26.5415,92.065,Alluvial Sandy Silt,1.77,116.48,361.9,6.2,0.862,20.8,5,0.288,0,150.1
KAG-NER-01800,Assam,26.5287,93.4492,Sedimentary Shale,88.33,221.47,2484.9,7.3,0.217,19.0,1,0.411,1,210.6
KAG-NER-01801,Sikkim,27.3929,88.6713,Weathered Gneiss,29.57,114.98,1404.7,9.4,0.324,9.3,2,0.346,0,143.9
KAG-NER-01802,Manipur,25.2057,93.2475,Weathered Gneiss,45.75,152.76,1273.4,34.0,0.112,12.7,2,0.423,1,153.8
KAG-NER-01803,Arunachal Pradesh,27.6225,93.3361,Weathered Gneiss,66.91,284.59,1188.0,25.4,0.489,13.8,1,0.519,1,194.7
KAG-NER-01804,Arunachal Pradesh,27.9999,92.6244,Weathered Gneiss,59.58,204.11,1072.8,13.7,0.106,16.3,2,0.345,0,147.8
KAG-NER-01805,Arunachal Pradesh,27.9244,95.4487,Clayey Loam,81.4,213.1,1510.7,29.7,0.07,15.3,0,0.533,1,196.3
KAG-NER-01806,Manipur,24.5854,94.4576,Sedimentary Shale,129.92,324.91,1724.4,27.8,0.083,6.0,0,0.701,1,201.0
KAG-NER-01807,Nagaland,26.7904,93.5591,Clayey Loam,21.97,43.82,1348.7,9.6,0.224,18.9,1,0.112,0,132.9
KAG-NER-01808,Assam,26.1263,94.7767,Weathered Gneiss,114.09,277.05,2518.9,31.6,0.361,19.0,1,0.663,1,274.7
KAG-NER-01809,Assam,27.1417,90.9397,Weathered Gneiss,48.82,100.76,944.0,36.7,0.435,10.1,0,0.482,1,168.9
KAG-NER-01810,Assam,25.821,91.225,Sedimentary Shale,2.78,27.32,1653.0,17.5,0.226,4.6,5,0.173,0,86.1
KAG-NER-01811,Nagaland,26.7944,93.67,Clayey Loam,43.51,98.26,895.9,33.5,0.66,14.2,4,0.494,1,169.5
KAG-NER-01812,Manipur,24.7036,94.3575,Alluvial Sandy Silt,44.1,100.44,2129.1,14.0,0.579,9.1,6,0.349,0,146.9
KAG-NER-01813,Arunachal Pradesh,26.9326,94.2202,Alluvial Sandy Silt,89.79,244.61,357.8,36.3,0.124,16.8,1,0.556,1,175.7
KAG-NER-01814,Assam,26.1878,94.3805,Weathered Gneiss,17.73,33.65,593.3,42.5,0.573,8.3,0,0.341,0,115.1
KAG-NER-01815,Assam,26.1968,93.5904,Weathered Gneiss,33.41,128.74,2259.3,23.7,0.495,7.3,2,0.425,1,179.1
KAG-NER-01816,Sikkim,27.572,88.2772,Rocky Phyllite,0.47,1.86,578.3,15.8,0.21,19.4,0,0.201,0,130.6
KAG-NER-01817,Arunachal Pradesh,26.9557,93.3416,Rocky Phyllite,15.34,53.52,1782.0,22.0,0.461,14.3,4,0.287,0,156.4
KAG-NER-01818,Manipur,24.4049,94.2944,Alluvial Sandy Silt,2.44,8.53,2719.1,16.0,0.421,3.7,0,0.213,0,127.6
KAG-NER-01819,Nagaland,26.5205,94.0855,Alluvial Sandy Silt,28.04,101.64,1502.3,6.0,0.69,15.8,6,0.274,0,146.5
KAG-NER-01820,Arunachal Pradesh,27.8704,94.2192,Alluvial Sandy Silt,64.63,242.15,589.7,32.0,0.365,17.1,2,0.556,1,191.4
KAG-NER-01821,Assam,26.958,92.4125,Alluvial Sandy Silt,8.79,23.09,952.3,7.7,0.658,6.7,4,0.205,0,97.9
KAG-NER-01822,Assam,26.1856,91.6927,Alluvial Sandy Silt,28.48,103.27,2319.8,14.4,0.464,21.4,2,0.321,0,220.5
KAG-NER-01823,Nagaland,26.1507,94.0737,Rocky Phyllite,8.67,74.81,1036.5,34.9,0.452,9.5,2,0.342,0,141.2
KAG-NER-01824,Manipur,24.6162,93.1458,Clayey Loam,4.89,10.42,2048.0,32.6,0.872,20.8,8,0.467,1,234.0
KAG-NER-01825,Nagaland,26.406,93.7206,Alluvial Sandy Silt,27.18,98.47,2194.4,8.9,0.168,7.9,1,0.244,0,135.2
KAG-NER-01826,Meghalaya,25.2773,91.2732,Sedimentary Shale,3.13,8.74,1443.2,32.4,0.182,14.2,0,0.264,0,149.2
KAG-NER-01827,Assam,26.1189,93.1274,Rocky Phyllite,33.64,91.69,2210.3,43.2,0.45,12.4,2,0.461,1,194.8
KAG-NER-01828,Sikkim,27.36,88.4591,Weathered Gneiss,1.21,6.25,942.0,9.0,0.098,21.8,0,0.0,0,97.0
KAG-NER-01829,Manipur,24.752,93.3257,Rocky Phyllite,4.29,125.79,1484.0,22.6,0.302,10.2,4,0.291,0,116.9
KAG-NER-01830,Arunachal Pradesh,27.1492,95.4619,Alluvial Sandy Silt,30.34,70.93,1947.4,35.2,0.717,5.6,4,0.484,1,158.0
KAG-NER-01831,Sikkim,27.4036,88.4297,Sedimentary Shale,34.01,128.69,537.2,32.7,0.567,18.7,2,0.504,1,196.7
KAG-NER-01832,Nagaland,25.4499,94.147,Weathered Gneiss,1.12,106.03,824.3,15.1,0.727,2.8,7,0.296,0,93.5
KAG-NER-01833,Nagaland,26.1758,94.2383,Clayey Loam,32.37,87.71,1853.5,12.5,0.316,19.7,3,0.207,0,169.2
KAG-NER-01834,Manipur,24.9898,93.284,Sedimentary Shale,69.28,257.46,1862.6,37.4,0.254,4.2,1,0.572,1,187.2
KAG-NER-01835,Mizoram,23.1783,93.1918,Clayey Loam,48.69,181.46,1421.8,44.2,0.549,13.4,4,0.516,1,179.5
KAG-NER-01836,Nagaland,26.726,93.6039,Alluvial Sandy Silt,5.34,28.93,2244.0,36.7,0.511,16.3,5,0.37,0,202.1
KAG-NER-01837,Assam,26.4967,91.4638,Sedimentary Shale,34.11,103.11,1391.2,44.5,0.504,8.7,1,0.495,1,158.7
KAG-NER-01838,Arunachal Pradesh,26.9961,92.9648,Weathered Gneiss,42.39,116.37,2477.2,30.2,0.351,18.9,2,0.383,1,205.6
KAG-NER-01839,Tripura,23.3724,91.9519,Sedimentary Shale,1.44,36.01,2081.7,43.2,0.164,13.9,0,0.307,0,157.5
KAG-NER-01840,Assam,26.5472,91.1473,Sedimentary Shale,73.47,223.07,936.0,33.6,0.494,9.9,1,0.656,1,194.9
KAG-NER-01841,Arunachal Pradesh,26.9148,95.1367,Clayey Loam,89.96,227.69,1155.1,42.4,0.549,8.5,1,0.725,2,204.6
KAG-NER-01842,Meghalaya,25.2586,91.7762,Alluvial Sandy Silt,72.21,229.9,1896.1,12.5,0.687,4.2,4,0.612,1,191.7
KAG-NER-01843,Meghalaya,25.4032,91.7223,Sedimentary Shale,66.15,224.01,2512.9,38.6,0.539,14.8,2,0.58,1,238.8
KAG-NER-01844,Nagaland,25.8419,93.5304,Sedimentary Shale,51.92,119.01,566.1,13.9,0.157,9.3,0,0.346,0,136.2
KAG-NER-01845,Sikkim,27.2561,88.2504,Sedimentary Shale,38.14,145.12,1479.9,7.1,0.317,8.4,3,0.233,0,125.2
KAG-NER-01846,Assam,26.3992,93.4623,Rocky Phyllite,43.14,137.66,403.1,26.7,0.421,21.0,2,0.492,1,196.5
KAG-NER-01847,Assam,26.1693,90.5543,Alluvial Sandy Silt,62.39,194.31,840.1,18.7,0.603,7.5,3,0.528,1,154.0
KAG-NER-01848,Assam,26.5265,93.2259,Sedimentary Shale,41.28,170.28,1945.9,7.7,0.45,19.5,1,0.332,0,186.7
KAG-NER-01849,Tripura,24.3554,91.8074,Alluvial Sandy Silt,15.09,36.35,291.4,45.2,0.179,21.5,1,0.277,0,150.9
KAG-NER-01850,Nagaland,26.0596,94.2601,Rocky Phyllite,17.92,49.12,1881.6,32.7,0.625,18.5,4,0.344,0,175.2
KAG-NER-01851,Arunachal Pradesh,28.3846,95.2277,Clayey Loam,86.4,176.15,2530.2,42.1,0.298,2.4,2,0.587,1,196.8
KAG-NER-01852,Mizoram,23.2845,92.561,Weathered Gneiss,0.66,9.01,2716.7,46.0,0.585,19.4,5,0.363,0,209.5
KAG-NER-01853,Mizoram,23.194,92.8549,Clayey Loam,45.6,138.68,669.2,21.7,0.586,6.3,3,0.43,1,132.6
KAG-NER-01854,Mizoram,23.9161,92.8535,Alluvial Sandy Silt,117.65,292.94,2117.0,16.2,0.511,9.1,3,0.642,1,201.0
KAG-NER-01855,Tripura,23.2814,91.9683,Sedimentary Shale,46.55,144.27,2599.7,13.4,0.319,21.8,1,0.389,1,218.7
KAG-NER-01856,Arunachal Pradesh,28.1896,92.8027,Rocky Phyllite,193.85,636.59,328.5,26.6,0.563,10.1,4,1.085,2,268.6
KAG-NER-01857,Manipur,24.9298,93.6825,Clayey Loam,44.21,123.0,1206.1,30.2,0.198,15.1,2,0.405,1,173.1
KAG-NER-01858,Meghalaya,25.9002,92.3976,Alluvial Sandy Silt,1.33,26.64,2580.8,24.9,0.71,8.2,5,0.296,0,161.2
KAG-NER-01859,Mizoram,23.5881,93.0607,Weathered Gneiss,66.67,183.58,631.6,21.5,0.62,9.4,5,0.518,1,155.4
KAG-NER-01860,Manipur,25.2367,93.7931,Sedimentary Shale,12.73,49.21,2619.8,12.7,0.829,14.0,4,0.319,0,181.6
KAG-NER-01861,Manipur,24.4386,94.2059,Clayey Loam,22.45,95.69,1514.0,23.7,0.397,21.0,0,0.292,0,175.4
KAG-NER-01862,Nagaland,25.7081,93.9828,Weathered Gneiss,14.22,59.2,351.7,9.4,0.427,7.6,0,0.177,0,86.2
KAG-NER-01863,Assam,27.012,93.7599,Alluvial Sandy Silt,11.88,37.22,1303.7,40.6,0.48,6.9,4,0.342,0,132.7
KAG-NER-01864,Meghalaya,25.4634,90.7583,Sedimentary Shale,21.45,70.43,967.4,7.9,0.766,2.5,6,0.272,0,91.0
KAG-NER-01865,Sikkim,27.3492,88.3273,Sedimentary Shale,18.09,83.36,847.6,21.2,0.445,6.0,4,0.287,0,86.5
KAG-NER-01866,Tripura,23.4113,91.992,Rocky Phyllite,38.13,167.1,1552.8,10.0,0.511,7.2,5,0.389,1,147.6
KAG-NER-01867,Assam,26.1529,92.5438,Weathered Gneiss,63.74,192.99,1395.4,37.0,0.263,3.3,0,0.529,1,141.4
KAG-NER-01868,Assam,26.3402,94.9193,Clayey Loam,13.4,28.35,1391.0,18.5,0.571,13.3,6,0.259,0,145.2
KAG-NER-01869,Assam,26.3475,90.8599,Clayey Loam,9.14,42.68,319.7,10.5,0.53,4.5,2,0.22,0,83.7
KAG-NER-01870,Manipur,24.1258,93.9452,Rocky Phyllite,41.77,125.23,2262.3,27.3,0.604,12.2,5,0.431,1,169.3
KAG-NER-01871,Mizoram,23.699,92.7606,Rocky Phyllite,42.17,127.05,1389.5,42.7,0.454,5.8,3,0.529,1,166.3
KAG-NER-01872,Assam,26.4046,90.7427,Weathered Gneiss,87.93,260.65,2312.9,42.3,0.672,20.7,5,0.76,2,284.1
KAG-NER-01873,Meghalaya,25.5649,91.5123,Rocky Phyllite,0.61,21.05,2322.9,16.0,0.682,8.1,6,0.233,0,139.7
KAG-NER-01874,Mizoram,23.0243,92.4142,Weathered Gneiss,72.87,181.07,942.6,34.8,0.123,3.9,2,0.453,1,122.8
KAG-NER-01875,Manipur,24.173,93.1616,Alluvial Sandy Silt,27.97,72.42,91.8,7.2,0.59,18.7,2,0.323,0,146.7
KAG-NER-01876,Meghalaya,25.6487,90.7109,Clayey Loam,36.9,91.22,2558.6,11.3,0.421,10.0,1,0.318,0,154.8
KAG-NER-01877,Nagaland,25.752,93.6604,Rocky Phyllite,3.64,33.2,2149.1,26.0,0.334,18.4,5,0.252,0,178.8
KAG-NER-01878,Meghalaya,25.9621,92.422,Weathered Gneiss,21.54,86.29,371.7,15.2,0.718,8.2,4,0.399,1,129.2
KAG-NER-01879,Arunachal Pradesh,27.2688,92.974,Weathered Gneiss,9.8,55.82,1988.7,37.9,0.661,12.0,2,0.412,1,174.7
KAG-NER-01880,Meghalaya,25.2889,91.4789,Alluvial Sandy Silt,11.15,44.67,134.5,43.2,0.519,10.9,1,0.376,0,129.1
KAG-NER-01881,Nagaland,25.4275,94.4071,Weathered Gneiss,26.65,73.75,155.5,6.2,0.484,13.2,3,0.222,0,97.4
KAG-NER-01882,Mizoram,23.5847,93.2885,Alluvial Sandy Silt,63.6,178.13,1510.2,15.3,0.181,10.0,0,0.366,0,146.5
KAG-NER-01883,Nagaland,25.6301,94.6062,Clayey Loam,51.75,190.74,341.2,23.6,0.411,11.9,0,0.468,1,160.7
KAG-NER-01884,Manipur,25.1087,93.2035,Clayey Loam,33.97,95.64,2703.0,28.5,0.653,15.6,6,0.459,1,223.9
KAG-NER-01885,Assam,26.358,91.2657,Sedimentary Shale,29.46,82.04,2511.2,42.6,0.259,10.3,2,0.431,1,177.5
KAG-NER-01886,Meghalaya,25.3292,90.8844,Alluvial Sandy Silt,21.18,77.0,1847.5,41.7,0.52,15.7,5,0.362,0,172.9
KAG-NER-01887,Assam,26.5787,92.3513,Sedimentary Shale,136.85,395.7,253.3,31.5,0.611,16.3,0,0.919,2,246.3
KAG-NER-01888,Assam,27.1268,91.0687,Clayey Loam,31.21,111.21,963.6,16.3,0.602,17.0,1,0.342,0,159.9
KAG-NER-01889,Manipur,25.3632,93.369,Sedimentary Shale,11.13,52.22,1091.1,37.3,0.272,11.4,3,0.281,0,129.4
KAG-NER-01890,Sikkim,27.641,88.3712,Clayey Loam,9.94,27.4,1388.0,14.1,0.783,2.1,9,0.284,0,114.4
KAG-NER-01891,Assam,26.0003,94.3605,Weathered Gneiss,35.91,133.0,539.4,44.6,0.509,17.1,2,0.535,1,199.3
KAG-NER-01892,Arunachal Pradesh,27.3942,94.4648,Sedimentary Shale,28.12,106.15,1650.8,6.2,0.12,20.2,0,0.147,0,163.4
KAG-NER-01893,Mizoram,23.6497,92.8189,Clayey Loam,0.29,13.23,1265.3,28.8,0.41,15.1,3,0.245,0,157.8
KAG-NER-01894,Assam,26.4941,93.7951,Sedimentary Shale,67.35,235.52,2656.6,9.5,0.72,12.5,1,0.452,1,188.7
KAG-NER-01895,Meghalaya,25.179,91.9373,Weathered Gneiss,46.28,132.98,2626.5,22.3,0.37,13.2,2,0.42,1,195.6
KAG-NER-01896,Manipur,25.2541,93.0925,Alluvial Sandy Silt,41.2,124.39,1618.1,31.4,0.194,14.8,0,0.336,0,159.3
KAG-NER-01897,Nagaland,25.5969,94.4749,Weathered Gneiss,2.71,7.05,1832.6,33.6,0.573,22.0,2,0.302,0,181.5
KAG-NER-01898,Assam,26.4122,92.316,Sedimentary Shale,17.08,65.02,454.8,37.4,0.275,3.2,2,0.314,0,104.6
KAG-NER-01899,Arunachal Pradesh,27.1191,93.7805,Weathered Gneiss,104.09,213.8,687.4,29.7,0.707,2.4,4,0.663,1,165.2
KAG-NER-01900,Manipur,24.1772,93.7626,Sedimentary Shale,75.42,151.98,2529.9,16.1,0.777,21.3,4,0.44,1,215.2
KAG-NER-01901,Meghalaya,25.7873,90.8715,Alluvial Sandy Silt,12.78,64.45,1981.7,41.6,0.741,10.8,2,0.376,0,186.7
KAG-NER-01902,Assam,26.4731,94.9641,Sedimentary Shale,6.49,18.02,595.3,38.4,0.037,14.2,1,0.225,0,104.6
KAG-NER-01903,Manipur,24.9613,94.3462,Weathered Gneiss,22.65,78.19,1631.0,12.4,0.024,17.1,0,0.138,0,132.8
KAG-NER-01904,Assam,26.3808,93.9554,Alluvial Sandy Silt,16.71,54.4,2622.6,39.1,0.672,16.8,6,0.395,1,206.0
KAG-NER-01905,Manipur,24.0567,93.1967,Rocky Phyllite,43.56,135.75,1018.9,44.9,0.616,14.9,1,0.515,1,177.0
KAG-NER-01906,Assam,26.0843,92.3088,Sedimentary Shale,128.98,386.27,585.4,31.5,0.796,11.4,5,0.882,2,238.1
KAG-NER-01907,Sikkim,27.692,88.377,Rocky Phyllite,17.14,48.69,2642.3,17.3,0.048,13.5,1,0.123,0,137.2
KAG-NER-01908,Arunachal Pradesh,27.9474,94.6919,Sedimentary Shale,2.44,16.33,1334.6,30.3,0.22,16.6,3,0.194,0,144.5
KAG-NER-01909,Arunachal Pradesh,27.8379,93.1076,Clayey Loam,86.6,247.05,1214.9,19.7,0.475,19.0,1,0.561,1,217.0
KAG-NER-01910,Assam,26.6079,92.0402,Sedimentary Shale,1.47,52.01,807.8,33.0,0.257,4.5,0,0.258,0,75.2
KAG-NER-01911,Arunachal Pradesh,27.0342,95.9676,Rocky Phyllite,116.0,356.3,2505.1,27.8,0.609,7.6,3,0.713,1,217.4
KAG-NER-01912,Mizoram,22.9908,92.3796,Clayey Loam,41.51,135.58,2380.1,43.2,0.111,10.0,1,0.434,1,189.4
KAG-NER-01913,Sikkim,27.715,88.3415,Sedimentary Shale,107.99,354.26,1176.1,30.7,0.338,15.3,2,0.682,1,225.7
KAG-NER-01914,Arunachal Pradesh,27.9405,92.9805,Sedimentary Shale,8.46,38.84,163.3,14.6,0.722,9.9,5,0.21,0,83.0
KAG-NER-01915,Meghalaya,25.4523,90.8815,Weathered Gneiss,1.58,22.53,1294.9,35.0,0.228,6.8,3,0.29,0,114.6
KAG-NER-01916,Manipur,24.4803,93.6571,Weathered Gneiss,25.45,97.58,571.9,18.0,0.49,2.7,4,0.346,0,99.3
KAG-NER-01917,Tripura,24.0645,91.7138,Alluvial Sandy Silt,22.76,85.22,468.2,16.9,0.466,18.9,3,0.314,0,133.6
KAG-NER-01918,Nagaland,26.721,93.4628,Weathered Gneiss,15.3,52.84,1149.2,21.7,0.465,10.4,5,0.266,0,143.4
KAG-NER-01919,Arunachal Pradesh,27.7049,94.129,Alluvial Sandy Silt,120.15,396.96,349.5,6.5,0.393,8.6,3,0.652,1,166.6
KAG-NER-01920,Arunachal Pradesh,28.3723,91.7212,Weathered Gneiss,65.71,196.2,2684.3,44.8,0.308,12.6,3,0.638,1,238.0
KAG-NER-01921,Nagaland,26.2029,94.6804,Sedimentary Shale,41.17,121.82,209.3,27.3,0.27,4.5,2,0.379,0,118.0
KAG-NER-01922,Assam,26.1387,94.4433,Sedimentary Shale,6.75,25.52,1171.7,36.9,0.072,9.9,1,0.197,0,109.6
KAG-NER-01923,Nagaland,25.4267,94.4987,Weathered Gneiss,50.37,134.76,522.6,16.3,0.092,17.0,0,0.274,0,139.5
KAG-NER-01924,Arunachal Pradesh,28.393,94.4574,Weathered Gneiss,49.34,102.46,1953.6,35.9,0.259,16.7,1,0.432,1,189.6
KAG-NER-01925,Manipur,24.6146,93.0718,Alluvial Sandy Silt,21.03,77.67,294.4,28.7,0.811,17.4,7,0.396,1,152.2
KAG-NER-01926,Assam,27.0882,92.6163,Clayey Loam,98.32,226.05,1567.3,23.0,0.649,11.3,6,0.677,1,208.5
KAG-NER-01927,Nagaland,25.4406,94.4347,Sedimentary Shale,6.94,23.75,2182.8,44.8,0.096,9.4,1,0.279,0,157.1
KAG-NER-01928,Meghalaya,25.5337,90.5233,Weathered Gneiss,11.82,42.77,2664.2,25.8,0.056,18.6,0,0.15,0,160.8
KAG-NER-01929,Nagaland,25.7,93.4967,Sedimentary Shale,2.48,13.15,1980.0,32.3,0.224,5.5,1,0.296,0,125.5
KAG-NER-01930,Assam,26.604,93.2991,Rocky Phyllite,60.3,162.62,350.6,6.6,0.302,16.5,1,0.309,0,131.0
KAG-NER-01931,Meghalaya,25.5552,92.3245,Alluvial Sandy Silt,36.94,151.3,320.8,18.1,0.387,19.8,4,0.313,0,152.8
KAG-NER-01932,Meghalaya,25.8749,91.8006,Alluvial Sandy Silt,14.37,46.76,2069.9,41.5,0.604,7.7,2,0.392,1,164.5
KAG-NER-01933,Meghalaya,25.1115,92.0076,Weathered Gneiss,6.8,30.6,665.7,36.4,0.478,6.0,2,0.334,0,95.5
KAG-NER-01934,Nagaland,25.9852,94.2483,Sedimentary Shale,1.56,5.32,1296.5,27.5,0.375,12.3,3,0.184,0,120.1
KAG-NER-01935,Nagaland,26.3087,93.9254,Sedimentary Shale,6.93,22.94,2736.4,42.0,0.46,6.3,4,0.362,0,166.3
KAG-NER-01936,Mizoram,24.1756,92.4474,Alluvial Sandy Silt,22.95,75.87,2310.1,25.4,0.44,19.4,1,0.303,0,201.6
KAG-NER-01937,Arunachal Pradesh,27.9744,91.5196,Rocky Phyllite,10.79,57.14,2382.7,28.7,0.518,6.9,5,0.411,1,157.5
KAG-NER-01938,Mizoram,24.187,92.4238,Sedimentary Shale,11.39,59.13,2421.3,21.3,0.106,8.3,1,0.21,0,126.0
KAG-NER-01939,Meghalaya,25.1854,91.0658,Alluvial Sandy Silt,79.19,251.32,1765.2,30.8,0.389,19.8,2,0.553,1,232.1
KAG-NER-01940,Assam,26.323,91.4644,Weathered Gneiss,27.51,130.04,2103.5,18.8,0.131,6.1,0,0.249,0,127.1
KAG-NER-01941,Assam,26.6192,92.4931,Alluvial Sandy Silt,49.65,101.98,1056.4,21.4,0.694,19.7,2,0.454,1,203.5
KAG-NER-01942,Arunachal Pradesh,26.9547,92.9384,Alluvial Sandy Silt,1.38,10.61,2795.8,44.7,0.221,6.2,0,0.246,0,151.3
KAG-NER-01943,Manipur,25.1346,94.1035,Sedimentary Shale,17.27,55.57,840.6,10.5,0.366,20.2,2,0.202,0,144.0
KAG-NER-01944,Manipur,25.0148,94.117,Alluvial Sandy Silt,24.79,93.52,1684.8,10.2,0.605,8.4,3,0.375,0,149.9
KAG-NER-01945,Manipur,24.4354,93.1595,Sedimentary Shale,7.84,28.48,847.2,7.7,0.331,6.9,1,0.169,0,86.4
KAG-NER-01946,Meghalaya,25.3452,92.3626,Alluvial Sandy Silt,4.87,12.48,384.8,18.8,0.142,11.5,3,0.166,0,93.4
KAG-NER-01947,Meghalaya,25.9824,91.484,Sedimentary Shale,77.62,276.9,1623.8,21.9,0.13,9.4,2,0.594,1,194.8
KAG-NER-01948,Assam,25.8136,91.1302,Sedimentary Shale,106.55,287.39,1041.1,9.8,0.215,6.0,2,0.516,1,165.9
KAG-NER-01949,Arunachal Pradesh,27.4153,94.1036,Sedimentary Shale,3.12,9.72,1666.4,28.0,0.578,8.8,4,0.269,0,115.0
KAG-NER-01950,Meghalaya,25.1676,92.6527,Clayey Loam,16.31,49.19,1599.6,29.3,0.757,16.3,8,0.359,0,170.6
KAG-NER-01951,Assam,26.3111,94.6066,Sedimentary Shale,120.72,325.74,1554.9,36.0,0.271,18.6,0,0.724,2,252.4
KAG-NER-01952,Assam,26.8927,93.8995,Weathered Gneiss,3.3,36.73,415.4,45.0,0.412,18.4,2,0.331,0,145.5
KAG-NER-01953,Nagaland,26.2494,94.3402,Sedimentary Shale,39.21,127.0,1277.3,30.8,0.746,17.1,6,0.467,1,188.2
KAG-NER-01954,Manipur,24.8932,94.006,Sedimentary Shale,136.17,448.07,2288.7,10.5,0.364,2.1,2,0.737,2,206.3
KAG-NER-01955,Sikkim,27.4876,88.8891,Alluvial Sandy Silt,145.42,403.09,937.2,9.5,0.757,10.5,7,0.815,2,235.7
KAG-NER-01956,Tripura,24.0787,92.0323,Clayey Loam,24.21,86.86,1287.2,37.1,0.26,5.4,1,0.33,0,119.0
KAG-NER-01957,Nagaland,26.6214,93.7235,Rocky Phyllite,6.75,37.35,1423.2,32.0,0.178,3.5,1,0.251,0,97.7
KAG-NER-01958,Arunachal Pradesh,27.0341,93.673,Rocky Phyllite,8.58,51.18,2426.6,12.5,0.468,16.7,4,0.174,0,165.0
KAG-NER-01959,Nagaland,26.1197,94.6438,Sedimentary Shale,83.74,257.68,1863.2,16.1,0.129,17.9,2,0.527,1,213.1
KAG-NER-01960,Manipur,24.6213,93.9134,Sedimentary Shale,92.22,317.37,352.6,36.0,0.315,18.3,1,0.714,1,219.9
KAG-NER-01961,Assam,26.5379,90.6719,Weathered Gneiss,35.58,145.76,2433.3,28.6,0.467,19.8,1,0.442,1,211.9
KAG-NER-01962,Arunachal Pradesh,27.8843,95.2262,Clayey Loam,55.22,155.61,2343.2,29.4,0.579,13.8,1,0.485,1,202.1
KAG-NER-01963,Mizoram,23.0363,92.9538,Weathered Gneiss,51.18,114.79,2129.9,14.4,0.203,22.0,2,0.316,0,197.6
KAG-NER-01964,Arunachal Pradesh,27.8498,92.2388,Alluvial Sandy Silt,41.2,127.18,1347.7,31.2,0.247,11.7,2,0.387,1,147.1
KAG-NER-01965,Meghalaya,25.2111,92.7481,Alluvial Sandy Silt,66.73,215.05,2140.5,36.8,0.428,19.7,2,0.58,1,239.3
KAG-NER-01966,Nagaland,25.9512,93.7411,Sedimentary Shale,43.95,152.35,1382.2,41.4,0.253,4.3,0,0.416,1,140.8
KAG-NER-01967,Assam,26.0399,93.5042,Alluvial Sandy Silt,29.02,132.95,2083.6,35.5,0.61,5.0,5,0.466,1,148.4
KAG-NER-01968,Arunachal Pradesh,27.8751,94.396,Sedimentary Shale,10.28,78.24,2473.9,29.1,0.177,13.8,0,0.274,0,162.9
KAG-NER-01969,Arunachal Pradesh,27.0408,95.5209,Weathered Gneiss,51.76,174.0,2502.3,32.9,0.667,4.5,1,0.601,1,217.8
KAG-NER-01970,Assam,26.345,91.9102,Weathered Gneiss,24.37,80.07,1316.5,25.4,0.374,3.5,8,0.276,0,104.3
KAG-NER-01971,Assam,26.4473,92.2553,Weathered Gneiss,13.27,60.65,2417.4,15.1,0.639,5.9,3,0.23,0,139.3
KAG-NER-01972,Mizoram,24.0954,93.3222,Sedimentary Shale,61.53,175.74,356.0,41.3,0.701,17.8,6,0.655,1,208.0
KAG-NER-01973,Arunachal Pradesh,27.3855,95.3877,Clayey Loam,45.34,171.67,356.9,27.3,0.761,20.5,3,0.457,1,177.9
KAG-NER-01974,Meghalaya,25.8034,92.6201,Clayey Loam,105.26,382.26,1571.3,29.8,0.813,8.7,1,0.888,2,254.0
KAG-NER-01975,Arunachal Pradesh,27.2932,94.0963,Clayey Loam,6.87,42.78,1853.0,45.6,0.627,21.5,4,0.447,1,224.7
KAG-NER-01976,Sikkim,27.2922,88.7593,Weathered Gneiss,39.81,155.1,496.1,45.4,0.26,18.2,0,0.506,1,177.4
KAG-NER-01977,Arunachal Pradesh,26.9085,94.0417,Sedimentary Shale,10.64,49.55,1364.3,29.5,0.218,6.5,1,0.19,0,92.9
KAG-NER-01978,Arunachal Pradesh,27.4427,92.9521,Sedimentary Shale,88.88,268.62,336.7,7.4,0.523,13.7,2,0.534,1,159.4
KAG-NER-01979,Mizoram,23.7674,93.2366,Alluvial Sandy Silt,3.98,22.6,1717.7,21.8,0.491,21.6,2,0.231,0,164.5
KAG-NER-01980,Mizoram,23.7138,93.2385,Weathered Gneiss,40.57,128.19,2405.9,43.5,0.575,19.0,2,0.53,1,243.1
KAG-NER-01981,Assam,26.1704,92.8378,Sedimentary Shale,59.5,125.78,2086.4,17.5,0.617,9.3,0,0.462,1,179.3
KAG-NER-01982,Mizoram,23.4758,92.3128,Weathered Gneiss,16.66,48.67,1109.0,46.0,0.52,8.1,5,0.377,0,146.8
KAG-NER-01983,Meghalaya,25.6011,91.92,Alluvial Sandy Silt,117.12,322.4,2783.1,9.4,0.476,18.4,1,0.688,1,261.9
KAG-NER-01984,Meghalaya,25.6327,92.1143,Sedimentary Shale,72.28,223.1,1883.2,28.7,0.431,13.0,0,0.579,1,202.1
KAG-NER-01985,Assam,26.5999,90.8004,Rocky Phyllite,13.26,32.41,2297.5,26.6,0.349,5.3,1,0.277,0,131.1
KAG-NER-01986,Assam,25.963,93.1841,Alluvial Sandy Silt,0.29,42.06,1901.6,16.2,0.564,8.6,2,0.216,0,128.0
KAG-NER-01987,Manipur,24.385,93.1274,Sedimentary Shale,13.37,66.53,2771.2,43.9,0.254,15.2,3,0.365,0,196.0
KAG-NER-01988,Meghalaya,25.4866,91.6412,Weathered Gneiss,12.55,31.11,2314.1,30.8,0.586,5.1,7,0.237,0,131.7
KAG-NER-01989,Meghalaya,25.3959,92.0731,Sedimentary Shale,83.86,236.83,1492.8,15.2,0.058,16.0,1,0.468,1,194.7
KAG-NER-01990,Manipur,24.9013,93.5325,Sedimentary Shale,129.77,423.02,1077.9,21.4,0.262,16.2,1,0.83,2,255.7
KAG-NER-01991,Manipur,25.0568,94.0379,Sedimentary Shale,2.78,31.75,1935.5,34.8,0.76,7.4,6,0.387,1,160.2
KAG-NER-01992,Assam,26.6924,92.9904,Alluvial Sandy Silt,24.22,59.09,1685.4,17.9,0.588,10.0,5,0.332,0,156.9
KAG-NER-01993,Nagaland,25.4159,94.4448,Alluvial Sandy Silt,30.2,117.31,1791.8,41.2,0.18,20.7,1,0.427,1,187.5
KAG-NER-01994,Assam,26.3265,94.7417,Sedimentary Shale,3.71,37.74,1013.0,12.6,0.455,17.0,2,0.238,0,140.6
KAG-NER-01995,Manipur,25.1452,93.9403,Alluvial Sandy Silt,18.01,49.67,1246.1,16.6,0.544,17.8,4,0.261,0,159.7
KAG-NER-01996,Nagaland,25.7531,93.7056,Rocky Phyllite,14.49,45.48,1598.0,11.8,0.624,12.3,3,0.29,0,166.7
KAG-NER-01997,Sikkim,27.3383,88.4813,Alluvial Sandy Silt,29.18,98.96,2362.9,10.2,0.73,6.3,4,0.354,0,153.0
KAG-NER-01998,Assam,26.2145,92.8172,Rocky Phyllite,41.13,167.26,2155.1,18.0,0.484,13.8,6,0.405,1,168.5
KAG-NER-01999,Assam,26.0315,94.8997,Weathered Gneiss,46.19,147.11,402.7,46.0,0.206,17.4,2,0.538,1,197.3
KAG-NER-02000,Arunachal Pradesh,27.0727,95.6937,Weathered Gneiss,5.59,15.75,747.9,9.8,0.228,2.1,4,0.091,0,43.5
KAG-NER-02001,Arunachal Pradesh,28.3617,93.8641,Weathered Gneiss,63.7,236.59,152.5,14.5,0.181,4.3,3,0.4,1,110.5
KAG-NER-02002,Assam,26.8149,92.4622,Rocky Phyllite,43.13,78.66,101.7,16.9,0.43,11.5,0,0.233,0,104.1
KAG-NER-02003,Tripura,23.956,91.5087,Weathered Gneiss,83.56,267.4,690.3,30.8,0.133,10.7,1,0.529,1,167.4
KAG-NER-02004,Assam,26.2216,93.102,Rocky Phyllite,22.67,77.64,2254.2,35.8,0.222,21.6,1,0.314,0,182.2
KAG-NER-02005,Arunachal Pradesh,27.697,94.1079,Weathered Gneiss,85.24,254.99,2540.9,36.1,0.554,3.8,2,0.67,1,206.2
KAG-NER-02006,Manipur,24.4013,93.5871,Sedimentary Shale,76.31,198.37,1145.6,6.3,0.384,8.5,4,0.446,1,139.9
KAG-NER-02007,Meghalaya,25.1755,90.3359,Sedimentary Shale,21.93,113.24,1611.9,32.1,0.161,18.3,2,0.36,0,185.3
KAG-NER-02008,Manipur,24.3548,93.1188,Sedimentary Shale,18.24,89.77,2000.5,31.2,0.174,14.2,0,0.244,0,146.7
KAG-NER-02009,Assam,25.9453,94.1582,Sedimentary Shale,102.61,334.42,2672.0,26.7,0.379,13.2,3,0.692,1,232.9
KAG-NER-02010,Meghalaya,25.135,91.9133,Alluvial Sandy Silt,47.72,172.26,2563.2,21.2,0.175,16.8,0,0.336,0,198.5
KAG-NER-02011,Assam,26.1816,94.422,Weathered Gneiss,100.11,341.79,235.6,37.9,0.532,2.8,2,0.72,2,154.0
KAG-NER-02012,Assam,26.479,91.8751,Alluvial Sandy Silt,60.59,185.57,755.0,19.8,0.701,20.9,4,0.526,1,205.0
KAG-NER-02013,Tripura,23.8212,91.5583,Clayey Loam,35.71,111.72,213.7,15.2,0.508,5.8,2,0.345,0,97.3
KAG-NER-02014,Assam,26.59,91.0154,Rocky Phyllite,4.68,29.26,1757.0,18.4,0.896,3.6,5,0.323,0,132.0
KAG-NER-02015,Meghalaya,25.9973,91.3064,Sedimentary Shale,13.09,88.83,2012.5,23.6,0.524,8.8,3,0.34,0,159.1
KAG-NER-02016,Arunachal Pradesh,27.4572,94.6959,Sedimentary Shale,131.81,367.17,918.5,14.6,0.709,16.0,4,0.765,2,237.3
KAG-NER-02017,Arunachal Pradesh,27.4822,95.2497,Weathered Gneiss,14.62,71.69,2402.5,30.3,0.36,6.6,3,0.353,0,154.9
KAG-NER-02018,Tripura,23.7451,91.9635,Sedimentary Shale,3.72,80.68,1311.7,41.4,0.814,3.0,4,0.399,1,124.0
KAG-NER-02019,Assam,25.9504,94.3075,Sedimentary Shale,46.72,159.5,2795.6,29.8,0.087,3.1,1,0.347,0,141.2
KAG-NER-02020,Nagaland,26.43,93.7176,Alluvial Sandy Silt,50.32,156.15,81.1,23.9,0.19,7.1,1,0.402,1,111.2
KAG-NER-02021,Sikkim,27.2017,88.353,Alluvial Sandy Silt,12.77,50.22,377.8,37.9,0.209,4.7,2,0.306,0,99.1
KAG-NER-02022,Meghalaya,25.9785,90.8678,Clayey Loam,13.43,62.18,900.9,35.9,0.288,9.4,3,0.281,0,134.8
KAG-NER-02023,Tripura,23.7474,91.136,Rocky Phyllite,24.05,69.63,149.4,20.7,0.073,5.5,0,0.191,0,75.7
KAG-NER-02024,Assam,26.3561,93.0709,Weathered Gneiss,0.84,11.52,2208.0,30.2,0.463,8.9,3,0.269,0,149.3
KAG-NER-02025,Arunachal Pradesh,28.425,93.8253,Rocky Phyllite,59.18,135.18,223.5,35.2,0.539,10.9,5,0.529,1,155.7
KAG-NER-02026,Arunachal Pradesh,28.2106,93.9621,Sedimentary Shale,14.49,106.53,2117.2,15.8,0.295,16.9,2,0.207,0,162.7
KAG-NER-02027,Manipur,24.0571,93.504,Clayey Loam,73.06,229.25,223.0,20.7,0.198,6.5,0,0.451,1,109.0
KAG-NER-02028,Sikkim,27.5029,88.8605,Weathered Gneiss,61.66,165.33,767.4,10.2,0.286,11.5,1,0.334,0,128.0
KAG-NER-02029,Arunachal Pradesh,28.2746,92.5276,Rocky Phyllite,41.15,294.17,2368.3,45.5,0.853,18.3,5,0.619,1,253.3
KAG-NER-02030,Nagaland,25.7082,93.7018,Sedimentary Shale,14.93,70.44,2667.0,9.4,0.463,21.7,3,0.28,0,207.8
KAG-NER-02031,Assam,27.0915,94.337,Alluvial Sandy Silt,27.6,94.41,1207.5,12.7,0.961,13.1,7,0.397,1,157.0
KAG-NER-02032,Meghalaya,25.7974,91.2211,Weathered Gneiss,22.36,62.94,2718.2,25.2,0.544,10.6,4,0.378,0,171.5
KAG-NER-02033,Meghalaya,25.5539,91.4073,Weathered Gneiss,15.73,56.3,1785.1,40.6,0.165,14.6,0,0.301,0,160.5
KAG-NER-02034,Sikkim,27.2774,88.504,Sedimentary Shale,71.62,266.25,1211.1,20.2,0.081,11.7,0,0.436,1,160.2
KAG-NER-02035,Nagaland,25.4427,93.5977,Alluvial Sandy Silt,25.11,85.53,2263.6,36.7,0.809,5.3,5,0.43,1,170.1
KAG-NER-02036,Arunachal Pradesh,28.3185,94.8826,Sedimentary Shale,67.95,214.53,883.3,33.0,0.131,11.2,0,0.468,1,166.3
KAG-NER-02037,Assam,26.392,92.8272,Weathered Gneiss,4.22,23.99,803.0,31.5,0.457,21.6,2,0.255,0,168.3
KAG-NER-02038,Assam,26.318,93.8335,Sedimentary Shale,5.78,17.25,1865.8,39.8,0.835,14.8,6,0.33,0,177.9
KAG-NER-02039,Assam,26.8979,93.9348,Alluvial Sandy Silt,143.88,355.28,1142.1,6.6,0.361,7.7,2,0.679,1,191.5
KAG-NER-02040,Arunachal Pradesh,28.0562,92.4203,Sedimentary Shale,33.67,167.27,449.7,43.2,0.617,20.9,5,0.514,1,197.8
KAG-NER-02041,Mizoram,23.307,92.8168,Alluvial Sandy Silt,27.09,87.69,262.1,39.2,0.129,9.8,2,0.382,1,141.9
KAG-NER-02042,Meghalaya,25.3977,92.1628,Rocky Phyllite,28.14,84.55,2222.9,43.5,0.431,9.8,3,0.451,1,178.7
KAG-NER-02043,Meghalaya,25.3964,90.5594,Rocky Phyllite,9.21,44.01,1918.5,37.7,0.428,14.3,0,0.312,0,166.5
KAG-NER-02044,Assam,26.3587,94.9096,Sedimentary Shale,48.2,144.3,1200.1,41.1,0.255,13.4,1,0.491,1,179.9
KAG-NER-02045,Mizoram,23.1388,92.9734,Sedimentary Shale,3.37,38.39,2517.7,14.1,0.687,7.8,4,0.199,0,133.5
KAG-NER-02046,Manipur,24.6062,93.1136,Sedimentary Shale,32.37,96.58,1197.5,18.8,0.505,11.3,2,0.289,0,127.1
KAG-NER-02047,Assam,26.483,93.6597,Clayey Loam,32.14,67.04,2012.0,18.6,0.182,8.7,0,0.249,0,145.1
KAG-NER-02048,Manipur,24.7185,94.3954,Sedimentary Shale,93.31,203.28,2552.8,10.4,0.454,16.8,2,0.51,1,218.0
KAG-NER-02049,Meghalaya,25.36,90.4242,Sedimentary Shale,28.38,124.26,2366.7,35.2,0.402,4.5,0,0.406,1,172.0
KAG-NER-02050,Assam,27.1112,92.2019,Sedimentary Shale,5.6,62.52,1470.2,11.4,0.322,17.0,3,0.234,0,163.0
KAG-NER-02051,Meghalaya,25.6188,92.2592,Clayey Loam,32.31,119.89,1931.3,8.1,0.189,5.2,1,0.267,0,126.0
KAG-NER-02052,Meghalaya,25.3919,92.062,Rocky Phyllite,3.64,9.09,1205.2,37.0,0.194,8.1,1,0.28,0,121.0
KAG-NER-02053,Assam,25.9896,91.8108,Clayey Loam,8.66,33.19,1840.4,42.2,0.617,8.7,2,0.356,0,145.1
KAG-NER-02054,Sikkim,27.2013,88.749,Clayey Loam,1.2,5.62,780.5,36.6,0.504,21.8,5,0.304,0,166.0
KAG-NER-02055,Mizoram,23.134,93.0891,Alluvial Sandy Silt,27.36,105.28,1262.5,39.0,0.076,13.8,0,0.308,0,156.5
KAG-NER-02056,Nagaland,26.7206,94.1917,Weathered Gneiss,3.36,8.61,650.0,29.8,0.647,17.6,7,0.263,0,134.0
KAG-NER-02057,Meghalaya,25.586,91.3987,Alluvial Sandy Silt,24.08,58.81,183.9,41.5,0.509,13.1,1,0.421,1,154.9
KAG-NER-02058,Arunachal Pradesh,27.4214,93.6404,Sedimentary Shale,102.69,347.93,1680.8,25.9,0.289,21.7,2,0.64,1,256.7
KAG-NER-02059,Nagaland,26.2439,94.879,Sedimentary Shale,48.34,133.71,2431.2,45.5,0.186,5.5,1,0.441,1,168.5
KAG-NER-02060,Meghalaya,25.944,92.4416,Alluvial Sandy Silt,3.06,19.86,149.6,10.1,0.47,14.1,6,0.183,0,107.2
KAG-NER-02061,Assam,27.0448,92.6053,Weathered Gneiss,9.65,38.16,613.2,38.4,0.74,17.9,4,0.359,0,151.0
KAG-NER-02062,Meghalaya,25.6917,92.5272,Weathered Gneiss,42.55,129.84,1331.7,31.7,0.45,14.6,3,0.479,1,183.9
KAG-NER-02063,Mizoram,23.3894,93.3579,Clayey Loam,85.54,194.66,1891.2,29.2,0.571,19.9,1,0.59,1,255.3
KAG-NER-02064,Meghalaya,25.4742,91.7628,Alluvial Sandy Silt,1.27,21.14,545.7,35.0,0.185,14.0,1,0.223,0,126.4
KAG-NER-02065,Assam,26.7937,94.7777,Clayey Loam,63.6,195.52,234.2,39.6,0.147,18.5,1,0.526,1,187.7
KAG-NER-02066,Manipur,24.3425,94.1938,Weathered Gneiss,31.35,79.83,1491.8,40.5,0.599,5.5,4,0.447,1,150.2
KAG-NER-02067,Assam,26.5291,91.7085,Sedimentary Shale,30.01,112.85,2306.9,13.0,0.559,7.2,2,0.339,0,152.6
KAG-NER-02068,Arunachal Pradesh,28.1426,93.985,Sedimentary Shale,120.29,395.84,175.8,13.9,0.538,10.9,4,0.704,1,188.5
KAG-NER-02069,Assam,26.7254,91.9531,Sedimentary Shale,52.32,199.5,1030.3,6.6,0.228,19.0,2,0.235,0,141.6
KAG-NER-02070,Arunachal Pradesh,27.67,94.2781,Sedimentary Shale,72.12,166.51,1884.8,11.3,0.203,10.5,1,0.328,0,158.8
KAG-NER-02071,Manipur,24.5669,93.3174,Sedimentary Shale,16.6,73.77,435.6,16.6,0.234,14.5,1,0.203,0,120.8
KAG-NER-02072,Meghalaya,25.9655,91.5298,Sedimentary Shale,30.71,110.45,721.8,34.8,0.717,9.9,5,0.488,1,154.2
KAG-NER-02073,Assam,26.8275,92.3497,Sedimentary Shale,36.31,91.75,1536.5,25.0,0.768,18.1,3,0.515,1,212.7
KAG-NER-02074,Mizoram,23.3327,92.7479,Weathered Gneiss,14.74,51.01,2672.8,36.3,0.302,6.0,5,0.289,0,141.5
KAG-NER-02075,Mizoram,23.4138,92.8986,Alluvial Sandy Silt,32.09,107.98,861.6,25.5,0.349,13.9,2,0.323,0,141.7
KAG-NER-02076,Mizoram,23.6152,92.8469,Clayey Loam,10.26,34.56,1406.1,28.2,0.363,13.6,3,0.276,0,137.4
KAG-NER-02077,Assam,25.9887,92.7323,Sedimentary Shale,5.88,36.05,1167.8,10.4,0.641,10.1,3,0.229,0,115.6
KAG-NER-02078,Meghalaya,25.2522,90.528,Clayey Loam,17.8,45.39,2520.9,37.1,0.47,16.1,2,0.364,0,195.5
KAG-NER-02079,Sikkim,27.7529,88.584,Sedimentary Shale,51.09,173.93,275.5,36.3,0.578,2.6,1,0.53,1,132.9
KAG-NER-02080,Manipur,24.9233,93.6429,Rocky Phyllite,94.21,240.6,1619.9,18.3,0.415,18.8,2,0.487,1,203.1
KAG-NER-02081,Assam,27.0726,93.3707,Sedimentary Shale,23.25,150.36,2381.4,19.1,0.656,9.0,5,0.396,1,175.8
KAG-NER-02082,Assam,26.8768,92.1585,Clayey Loam,39.12,155.14,2767.7,14.8,0.467,17.9,1,0.368,0,199.4
KAG-NER-02083,Meghalaya,25.964,92.3332,Sedimentary Shale,4.13,18.17,1980.5,38.6,0.483,8.1,5,0.249,0,134.5
KAG-NER-02084,Tripura,24.2247,91.3066,Rocky Phyllite,89.23,222.68,1113.4,35.9,0.677,5.8,2,0.705,1,208.9
KAG-NER-02085,Meghalaya,25.3439,90.9426,Clayey Loam,31.95,71.24,1200.2,30.4,0.43,9.8,5,0.392,1,145.2
KAG-NER-02086,Meghalaya,25.3438,92.4241,Weathered Gneiss,57.6,167.24,1036.6,15.6,0.21,17.9,2,0.396,1,164.0
KAG-NER-02087,Assam,25.8446,90.8424,Weathered Gneiss,60.12,184.0,1721.8,12.9,0.634,16.1,1,0.447,1,199.8
KAG-NER-02088,Nagaland,25.7835,93.6998,Sedimentary Shale,11.26,39.57,2091.2,8.0,0.615,10.0,7,0.226,0,139.4
KAG-NER-02089,Mizoram,23.1478,93.1777,Sedimentary Shale,28.62,80.6,2309.0,7.8,0.486,20.8,1,0.225,0,183.9
KAG-NER-02090,Arunachal Pradesh,27.801,91.526,Sedimentary Shale,122.78,384.96,1213.1,13.5,0.526,10.2,4,0.679,1,214.5
KAG-NER-02091,Manipur,24.6011,93.6526,Weathered Gneiss,3.57,47.0,2029.4,10.0,0.446,9.0,4,0.177,0,117.1
KAG-NER-02092,Sikkim,27.1798,88.6409,Sedimentary Shale,43.66,167.22,2572.1,28.2,0.453,4.9,1,0.393,1,155.4
KAG-NER-02093,Assam,26.7829,93.744,Weathered Gneiss,124.53,352.79,2584.6,20.3,0.465,3.4,4,0.732,2,224.5
KAG-NER-02094,Meghalaya,25.7556,90.2001,Alluvial Sandy Silt,13.58,60.77,1995.0,23.8,0.688,9.0,2,0.33,0,159.2
KAG-NER-02095,Arunachal Pradesh,28.4263,95.1639,Weathered Gneiss,75.11,241.61,1812.4,29.8,0.599,3.8,4,0.584,1,178.5
KAG-NER-02096,Manipur,25.2656,93.025,Sedimentary Shale,103.09,300.0,1525.8,32.4,0.327,11.3,1,0.76,2,229.9
KAG-NER-02097,Meghalaya,25.9405,92.3055,Weathered Gneiss,52.24,156.39,578.3,31.9,0.315,19.2,3,0.432,1,178.6
KAG-NER-02098,Nagaland,26.5721,93.5399,Sedimentary Shale,10.0,35.97,416.3,16.4,0.455,11.5,6,0.231,0,112.3
KAG-NER-02099,Manipur,25.0343,94.5359,Weathered Gneiss,15.45,85.08,1401.1,38.4,0.441,11.6,7,0.369,0,143.2
KAG-NER-02100,Arunachal Pradesh,27.9857,94.0675,Weathered Gneiss,1.39,16.91,513.7,42.7,0.551,7.1,0,0.377,0,112.4
KAG-NER-02101,Tripura,24.3348,91.6315,Weathered Gneiss,67.66,126.82,1649.4,18.6,0.155,5.3,0,0.359,0,135.0
KAG-NER-02102,Meghalaya,25.6394,91.4385,Weathered Gneiss,71.99,230.03,1836.3,6.7,0.611,6.4,3,0.437,1,164.2
KAG-NER-02103,Assam,27.106,90.8424,Clayey Loam,38.06,82.07,1509.7,42.0,0.559,13.4,2,0.486,1,203.0
KAG-NER-02104,Nagaland,26.1016,94.4304,Rocky Phyllite,16.52,96.87,179.1,42.9,0.721,13.8,3,0.407,1,142.1
KAG-NER-02105,Manipur,25.1087,93.9328,Clayey Loam,3.04,28.8,237.0,8.0,0.442,6.4,1,0.122,0,65.5
KAG-NER-02106,Arunachal Pradesh,28.3543,95.739,Sedimentary Shale,53.15,145.66,388.3,6.2,0.58,10.0,3,0.355,0,118.5
KAG-NER-02107,Mizoram,22.8965,92.7426,Sedimentary Shale,49.27,109.2,497.9,38.7,0.133,13.4,0,0.394,1,151.2
KAG-NER-02108,Tripura,23.2282,91.4953,Alluvial Sandy Silt,92.62,267.2,2772.5,18.1,0.505,17.2,5,0.584,1,237.2
KAG-NER-02109,Arunachal Pradesh,27.759,95.5986,Rocky Phyllite,49.83,172.7,1017.0,42.6,0.498,8.4,1,0.535,1,166.2
KAG-NER-02110,Sikkim,27.6926,88.202,Sedimentary Shale,67.04,156.85,874.2,14.7,0.648,7.4,2,0.476,1,140.9
KAG-NER-02111,Assam,25.9302,93.1517,Clayey Loam,52.07,185.96,222.2,40.4,0.329,16.6,3,0.495,1,153.9
KAG-NER-02112,Assam,26.545,91.6987,Alluvial Sandy Silt,37.85,207.3,1808.1,8.7,0.882,12.3,4,0.474,1,207.6
KAG-NER-02113,Assam,27.0592,94.6731,Rocky Phyllite,21.16,171.19,1854.0,16.4,0.62,19.1,3,0.344,0,193.5
KAG-NER-02114,Tripura,23.6831,92.1684,Sedimentary Shale,88.31,296.71,557.2,44.9,0.519,6.2,2,0.696,1,185.3
KAG-NER-02115,Nagaland,25.9375,94.5052,Weathered Gneiss,40.0,190.68,2580.3,15.2,0.426,17.4,2,0.346,0,204.4
KAG-NER-02116,Assam,26.4663,91.0516,Weathered Gneiss,19.31,76.26,2257.3,11.3,0.551,5.2,3,0.25,0,139.4
KAG-NER-02117,Meghalaya,25.9351,91.3807,Alluvial Sandy Silt,3.31,53.91,706.5,40.3,0.332,13.7,2,0.353,0,145.2
KAG-NER-02118,Nagaland,26.4283,93.9508,Alluvial Sandy Silt,13.05,82.9,1401.5,10.7,0.731,7.7,8,0.288,0,132.2
KAG-NER-02119,Assam,25.8264,90.9524,Rocky Phyllite,29.82,151.18,1326.8,9.9,0.298,4.0,0,0.268,0,102.6
KAG-NER-02120,Tripura,23.7955,91.928,Clayey Loam,12.25,77.08,1028.0,18.9,0.171,14.3,0,0.211,0,124.9
KAG-NER-02121,Mizoram,23.3021,93.065,Sedimentary Shale,9.5,41.31,2304.0,31.4,0.442,12.1,2,0.249,0,141.4
KAG-NER-02122,Meghalaya,25.7288,92.0302,Weathered Gneiss,28.48,55.76,377.2,34.4,0.771,11.7,4,0.364,0,133.3
KAG-NER-02123,Sikkim,27.4448,88.8319,Weathered Gneiss,7.07,32.47,1209.7,41.2,0.833,13.9,9,0.373,0,155.1
KAG-NER-02124,Arunachal Pradesh,27.6827,93.5262,Rocky Phyllite,61.24,218.54,1244.2,27.6,0.673,9.4,3,0.53,1,173.0
KAG-NER-02125,Sikkim,27.2396,88.3461,Weathered Gneiss,25.17,82.07,1354.9,21.7,0.179,15.4,2,0.358,0,171.9
KAG-NER-02126,Nagaland,25.4593,94.3503,Alluvial Sandy Silt,32.41,76.89,2422.9,20.4,0.845,4.6,7,0.478,1,175.2
KAG-NER-02127,Nagaland,25.748,93.8562,Sedimentary Shale,6.06,31.49,673.4,39.9,0.501,16.3,6,0.413,1,172.1
KAG-NER-02128,Assam,26.8791,91.9725,Alluvial Sandy Silt,14.91,70.17,360.0,35.0,0.316,13.6,1,0.274,0,116.3
KAG-NER-02129,Tripura,23.4906,91.3029,Sedimentary Shale,20.06,112.55,1760.4,42.2,0.791,11.7,2,0.567,1,203.7
KAG-NER-02130,Arunachal Pradesh,28.1398,92.0837,Alluvial Sandy Silt,62.75,176.73,552.8,44.6,0.338,4.6,4,0.535,1,137.0
KAG-NER-02131,Assam,26.4353,92.7812,Clayey Loam,55.87,209.61,283.8,18.0,0.366,7.6,3,0.509,1,140.8
KAG-NER-02132,Assam,26.7623,93.3498,Sedimentary Shale,9.59,37.78,1240.5,27.2,0.119,7.9,0,0.227,0,108.3
KAG-NER-02133,Meghalaya,25.8296,90.3164,Weathered Gneiss,36.39,129.22,677.4,31.3,0.065,6.7,0,0.307,0,101.1
KAG-NER-02134,Meghalaya,25.3668,90.9283,Rocky Phyllite,10.6,32.19,1062.5,12.6,0.531,21.1,2,0.283,0,161.7
KAG-NER-02135,Manipur,24.2044,93.4627,Sedimentary Shale,168.86,403.65,786.4,8.1,0.353,20.3,2,0.858,2,270.1
KAG-NER-02136,Tripura,23.5717,91.7263,Sedimentary Shale,115.49,322.11,332.0,40.7,0.343,12.9,1,0.729,2,197.1
KAG-NER-02137,Assam,26.7292,92.215,Weathered Gneiss,31.48,93.26,1604.1,27.4,0.169,6.1,2,0.324,0,125.5
KAG-NER-02138,Manipur,25.0073,93.5379,Clayey Loam,45.61,119.21,153.5,28.8,0.337,20.2,0,0.326,0,160.0
KAG-NER-02139,Assam,26.2064,92.9353,Alluvial Sandy Silt,61.43,187.38,2708.5,28.2,0.535,17.0,1,0.509,1,240.9
KAG-NER-02140,Mizoram,22.8356,92.3878,Weathered Gneiss,48.51,169.07,1008.4,36.2,0.208,2.8,4,0.441,1,134.6
KAG-NER-02141,Mizoram,23.427,93.3372,Sedimentary Shale,45.73,137.39,1970.8,11.8,0.812,11.8,6,0.41,1,189.4
KAG-NER-02142,Meghalaya,25.7494,90.4291,Rocky Phyllite,120.97,278.24,2284.2,30.6,0.524,14.1,3,0.803,2,276.5
KAG-NER-02143,Manipur,25.1848,94.1717,Weathered Gneiss,34.48,84.19,839.2,24.8,0.253,3.3,2,0.262,0,91.5
KAG-NER-02144,Arunachal Pradesh,27.8775,95.1913,Sedimentary Shale,38.43,133.6,2116.6,41.9,0.224,3.0,2,0.43,1,167.0
KAG-NER-02145,Meghalaya,25.4637,90.7759,Weathered Gneiss,71.91,258.2,2344.2,26.8,0.789,11.3,3,0.674,1,244.7
KAG-NER-02146,Mizoram,23.568,92.9037,Weathered Gneiss,42.12,121.49,736.4,43.7,0.913,2.0,2,0.534,1,136.4
KAG-NER-02147,Meghalaya,25.5845,91.6692,Weathered Gneiss,50.17,183.05,2779.6,20.1,0.372,2.9,4,0.388,1,159.4
KAG-NER-02148,Arunachal Pradesh,28.4179,95.5601,Alluvial Sandy Silt,10.14,51.24,136.3,44.7,0.34,5.3,1,0.396,1,104.1
KAG-NER-02149,Meghalaya,25.8881,92.2837,Clayey Loam,17.63,100.96,670.2,41.0,0.509,20.2,5,0.474,1,188.7
KAG-NER-02150,Mizoram,24.2151,92.4083,Sedimentary Shale,6.06,33.19,2201.7,29.4,0.801,17.3,6,0.328,0,172.6
KAG-NER-02151,Arunachal Pradesh,27.3242,93.7278,Weathered Gneiss,26.78,96.89,608.0,20.1,0.562,11.0,5,0.379,0,132.3
KAG-NER-02152,Assam,26.9851,92.7732,Weathered Gneiss,23.12,69.7,1979.3,21.0,0.371,11.6,1,0.345,0,169.2
KAG-NER-02153,Manipur,25.0472,93.2223,Sedimentary Shale,222.87,746.84,2407.0,36.9,0.693,15.7,5,1.25,2,350.9
KAG-NER-02154,Mizoram,23.1786,93.105,Clayey Loam,35.9,93.17,2689.1,29.2,0.22,11.5,0,0.372,0,180.7
KAG-NER-02155,Assam,26.0306,92.0811,Sedimentary Shale,58.67,210.3,1370.0,22.1,0.242,3.3,1,0.429,1,139.9
KAG-NER-02156,Assam,26.1708,92.0744,Sedimentary Shale,15.45,72.77,2721.4,31.4,0.167,16.8,0,0.224,0,172.6
KAG-NER-02157,Assam,26.7917,92.1553,Sedimentary Shale,67.68,217.38,1199.6,35.3,0.332,3.2,1,0.556,1,164.7
KAG-NER-02158,Arunachal Pradesh,27.7884,91.9497,Sedimentary Shale,36.28,145.6,673.3,6.9,0.232,11.7,1,0.26,0,128.0
KAG-NER-02159,Meghalaya,25.8245,91.1617,Sedimentary Shale,45.37,195.92,1477.9,9.6,0.904,19.2,9,0.438,1,192.0
KAG-NER-02160,Manipur,24.9079,94.1606,Weathered Gneiss,13.25,42.17,1847.5,9.8,0.144,4.3,1,0.125,0,88.6
KAG-NER-02161,Nagaland,25.6935,94.727,Alluvial Sandy Silt,30.23,84.6,1325.7,15.3,0.179,16.1,0,0.234,0,144.1
KAG-NER-02162,Nagaland,26.2627,94.0431,Sedimentary Shale,38.2,100.52,1622.2,23.1,0.24,2.9,2,0.335,0,116.6
KAG-NER-02163,Arunachal Pradesh,27.1917,95.7404,Clayey Loam,33.8,95.29,1212.6,38.1,0.788,21.9,0,0.537,1,232.4
KAG-NER-02164,Mizoram,23.9326,92.5288,Weathered Gneiss,93.76,253.9,1507.4,20.0,0.168,15.6,1,0.576,1,207.5
KAG-NER-02165,Meghalaya,25.4039,92.3052,Alluvial Sandy Silt,86.85,221.35,2671.1,6.7,0.46,21.4,0,0.483,1,246.7
KAG-NER-02166,Sikkim,27.587,88.7126,Sedimentary Shale,134.52,529.98,1439.5,25.3,0.208,15.4,0,0.839,2,246.4
KAG-NER-02167,Nagaland,26.0177,94.4747,Weathered Gneiss,41.83,123.23,768.6,45.9,0.235,6.8,2,0.516,1,145.3
KAG-NER-02168,Assam,26.3411,91.4507,Sedimentary Shale,135.75,349.56,2143.8,20.0,0.591,20.5,6,0.781,2,272.7
KAG-NER-02169,Nagaland,26.2857,94.864,Sedimentary Shale,67.89,151.89,998.2,44.5,0.368,14.5,3,0.539,1,178.7
KAG-NER-02170,Arunachal Pradesh,27.397,93.5744,Weathered Gneiss,12.0,48.96,2300.1,10.1,0.774,13.5,3,0.275,0,159.4
KAG-NER-02171,Nagaland,26.3436,94.2123,Weathered Gneiss,21.19,62.24,234.6,12.9,0.237,10.6,5,0.133,0,83.4
KAG-NER-02172,Assam,26.9808,93.9278,Sedimentary Shale,10.35,42.1,983.5,35.0,0.765,7.7,6,0.363,0,142.6
KAG-NER-02173,Assam,25.8816,94.9929,Alluvial Sandy Silt,0.16,5.35,336.7,26.0,0.153,12.6,0,0.144,0,90.4
KAG-NER-02174,Mizoram,23.9286,93.2503,Sedimentary Shale,7.92,66.43,312.1,36.6,0.228,9.3,1,0.263,0,103.0
KAG-NER-02175,Assam,26.7117,94.3533,Sedimentary Shale,0.15,31.37,1870.8,40.5,0.289,19.1,2,0.298,0,181.3
KAG-NER-02176,Mizoram,22.9686,92.6825,Weathered Gneiss,48.35,161.76,1128.1,16.0,0.413,2.6,1,0.434,1,122.8
KAG-NER-02177,Arunachal Pradesh,28.3023,92.4074,Alluvial Sandy Silt,21.06,115.27,2450.4,33.3,0.268,12.6,2,0.419,1,190.8
KAG-NER-02178,Nagaland,25.5095,94.5822,Rocky Phyllite,14.24,34.08,1484.6,30.3,0.579,18.7,9,0.305,0,186.8
KAG-NER-02179,Nagaland,26.5697,93.644,Weathered Gneiss,54.5,175.45,883.3,40.5,0.641,2.6,1,0.572,1,152.3
KAG-NER-02180,Meghalaya,25.8689,91.9856,Weathered Gneiss,67.89,179.14,2040.8,23.2,0.54,7.6,3,0.483,1,192.9
KAG-NER-02181,Arunachal Pradesh,27.7321,95.2361,Sedimentary Shale,140.64,604.44,1777.3,8.1,0.21,3.0,1,0.864,2,226.3
KAG-NER-02182,Assam,26.3869,91.373,Clayey Loam,39.04,119.16,2254.9,29.0,0.402,13.9,4,0.327,0,168.8
KAG-NER-02183,Assam,26.1988,92.7732,Sedimentary Shale,23.52,56.49,1830.6,44.4,0.527,8.3,2,0.407,1,167.9
KAG-NER-02184,Arunachal Pradesh,27.7501,95.1251,Alluvial Sandy Silt,13.84,74.7,534.3,6.6,0.665,21.2,7,0.263,0,160.2
KAG-NER-02185,Nagaland,26.5079,94.272,Rocky Phyllite,9.55,32.29,1903.2,15.6,0.657,14.3,5,0.23,0,145.2
KAG-NER-02186,Tripura,24.1369,91.3301,Clayey Loam,9.1,38.86,1145.0,18.6,0.818,13.2,1,0.289,0,142.6
KAG-NER-02187,Mizoram,22.8751,93.261,Alluvial Sandy Silt,20.0,56.18,1339.7,36.6,0.724,20.3,6,0.454,1,200.5
KAG-NER-02188,Manipur,24.1058,93.3947,Alluvial Sandy Silt,182.47,509.16,2586.7,18.9,0.467,6.5,4,0.975,2,266.4
KAG-NER-02189,Manipur,24.9734,93.6551,Weathered Gneiss,0.03,13.31,1059.1,15.6,0.572,13.2,2,0.25,0,119.8
KAG-NER-02190,Nagaland,26.6268,93.847,Sedimentary Shale,8.35,74.6,1744.5,31.9,0.308,12.9,2,0.359,0,163.3
KAG-NER-02191,Arunachal Pradesh,26.919,92.853,Clayey Loam,7.93,25.24,1068.7,7.9,0.686,3.6,10,0.234,0,102.3
KAG-NER-02192,Tripura,23.8937,91.5511,Weathered Gneiss,47.98,111.35,337.7,12.8,0.065,20.6,0,0.257,0,149.4
KAG-NER-02193,Nagaland,26.1488,94.7149,Alluvial Sandy Silt,16.52,100.49,1313.6,22.3,0.284,16.0,0,0.342,0,156.2
KAG-NER-02194,Meghalaya,25.9212,90.8915,Weathered Gneiss,23.22,56.54,1704.0,20.2,0.771,19.8,2,0.249,0,158.9
KAG-NER-02195,Assam,26.447,92.9711,Sedimentary Shale,6.11,32.26,1188.4,19.9,0.413,21.7,2,0.157,0,139.0
KAG-NER-02196,Meghalaya,25.9542,92.7964,Clayey Loam,19.73,67.12,1142.6,10.3,0.486,11.6,4,0.274,0,123.2
KAG-NER-02197,Meghalaya,25.3119,92.0901,Weathered Gneiss,4.14,40.95,2311.4,20.4,0.476,18.1,3,0.335,0,184.6
KAG-NER-02198,Mizoram,23.367,92.3089,Clayey Loam,28.94,73.07,160.7,37.9,0.465,13.6,2,0.43,1,129.7
KAG-NER-02199,Meghalaya,25.1083,91.3975,Rocky Phyllite,3.92,23.61,884.0,22.6,0.116,21.5,0,0.169,0,121.6
KAG-NER-02200,Arunachal Pradesh,27.6813,91.6016,Clayey Loam,59.4,160.97,2288.0,29.4,0.259,6.9,4,0.434,1,149.3
KAG-NER-02201,Sikkim,27.5808,88.3352,Sedimentary Shale,31.77,72.0,2583.8,12.5,0.319,2.3,2,0.274,0,116.8
KAG-NER-02202,Assam,26.5839,91.8541,Clayey Loam,48.92,95.78,1201.5,8.8,0.709,5.7,3,0.415,1,147.1
KAG-NER-02203,Arunachal Pradesh,27.1674,93.3323,Weathered Gneiss,20.6,68.1,2497.5,41.2,0.171,4.6,0,0.367,0,181.9
KAG-NER-02204,Assam,26.1252,92.9066,Sedimentary Shale,18.26,72.67,621.1,19.3,0.362,10.7,2,0.266,0,131.0
KAG-NER-02205,Manipur,24.2784,93.8134,Sedimentary Shale,3.93,11.46,682.3,20.0,0.303,3.5,1,0.219,0,83.4
KAG-NER-02206,Tripura,23.3889,91.9052,Sedimentary Shale,28.2,74.53,2381.6,41.1,0.329,6.4,0,0.403,1,157.7
KAG-NER-02207,Arunachal Pradesh,28.1063,91.9968,Sedimentary Shale,27.46,122.14,2536.9,34.3,0.206,3.9,1,0.384,1,151.5
KAG-NER-02208,Mizoram,23.5017,92.378,Sedimentary Shale,23.99,56.46,686.0,36.3,0.436,11.7,8,0.403,1,147.1
KAG-NER-02209,Arunachal Pradesh,27.8571,92.6898,Rocky Phyllite,51.26,159.34,241.4,33.3,0.518,7.3,3,0.466,1,148.8
KAG-NER-02210,Tripura,23.8331,91.721,Clayey Loam,67.9,207.71,325.7,10.2,0.401,11.4,2,0.437,1,135.4
KAG-NER-02211,Manipur,25.2941,93.8785,Alluvial Sandy Silt,52.8,137.3,791.0,44.3,0.464,3.8,5,0.54,1,145.7
KAG-NER-02212,Mizoram,23.6745,92.7418,Sedimentary Shale,5.9,14.1,2151.1,42.4,0.425,12.3,4,0.273,0,156.3
KAG-NER-02213,Assam,27.1287,93.9973,Sedimentary Shale,36.97,88.43,1467.2,15.4,0.619,4.6,2,0.307,0,118.5
KAG-NER-02214,Sikkim,27.2998,88.7754,Weathered Gneiss,3.18,43.97,1319.2,38.2,0.418,4.0,2,0.288,0,94.1
KAG-NER-02215,Manipur,24.6054,94.3259,Alluvial Sandy Silt,45.08,148.45,1668.9,22.4,0.386,8.2,3,0.442,1,160.0
KAG-NER-02216,Arunachal Pradesh,28.2166,92.3499,Rocky Phyllite,18.28,100.37,2501.4,33.4,0.395,19.5,3,0.352,0,193.3
KAG-NER-02217,Mizoram,23.8517,92.6197,Clayey Loam,5.4,33.74,326.0,12.6,0.557,17.8,6,0.216,0,142.6
KAG-NER-02218,Arunachal Pradesh,27.376,92.8336,Clayey Loam,75.27,233.49,1969.6,27.5,0.573,21.2,4,0.607,1,251.5
KAG-NER-02219,Mizoram,23.8884,92.5528,Sedimentary Shale,36.17,123.12,2600.9,11.1,0.168,11.2,1,0.287,0,172.9
KAG-NER-02220,Assam,25.8013,93.7186,Sedimentary Shale,16.65,129.31,660.3,27.4,0.299,8.2,3,0.348,0,115.3
KAG-NER-02221,Manipur,24.2397,93.1672,Sedimentary Shale,1.19,7.98,2358.7,15.7,0.555,21.4,3,0.201,0,175.6
KAG-NER-02222,Meghalaya,25.3138,91.1877,Sedimentary Shale,29.29,102.72,1978.6,24.1,0.468,9.6,1,0.35,0,173.1
KAG-NER-02223,Assam,26.4663,90.7006,Clayey Loam,97.54,205.65,119.4,32.7,0.196,2.2,0,0.621,1,148.7
KAG-NER-02224,Assam,27.1588,93.7223,Rocky Phyllite,34.48,100.15,710.0,41.1,0.693,18.4,4,0.476,1,187.7
KAG-NER-02225,Assam,26.2525,91.9341,Weathered Gneiss,135.4,320.71,1727.9,12.6,0.304,5.4,3,0.723,2,217.6
KAG-NER-02226,Meghalaya,25.5037,91.8282,Clayey Loam,5.57,17.19,1446.5,41.7,0.342,16.4,3,0.279,0,171.5
KAG-NER-02227,Arunachal Pradesh,27.1342,92.3502,Sedimentary Shale,31.92,110.19,1516.0,21.6,0.456,2.3,4,0.341,0,130.6
KAG-NER-02228,Nagaland,26.6032,93.7844,Alluvial Sandy Silt,60.8,146.63,710.9,39.8,0.867,4.2,7,0.647,1,174.2
KAG-NER-02229,Arunachal Pradesh,27.5083,95.4207,Weathered Gneiss,28.33,110.65,1916.0,26.5,0.446,11.7,7,0.462,1,193.0
KAG-NER-02230,Arunachal Pradesh,27.961,93.0377,Sedimentary Shale,3.63,137.49,804.7,40.5,0.569,3.4,2,0.346,0,104.8
KAG-NER-02231,Manipur,24.9572,93.0315,Clayey Loam,33.23,83.36,1139.3,32.5,0.506,19.8,0,0.436,1,192.6
KAG-NER-02232,Assam,26.8299,92.6916,Sedimentary Shale,35.95,97.94,1083.5,26.3,0.381,17.0,2,0.381,1,174.8
KAG-NER-02233,Tripura,24.1758,92.2456,Weathered Gneiss,49.57,104.33,1907.9,18.5,0.288,8.6,1,0.322,0,148.5
KAG-NER-02234,Mizoram,24.1887,93.3002,Alluvial Sandy Silt,54.42,179.01,325.5,44.8,0.693,14.0,3,0.632,1,193.4
KAG-NER-02235,Nagaland,26.117,93.9402,Weathered Gneiss,55.98,122.6,639.1,38.0,0.192,16.3,2,0.399,1,159.4
KAG-NER-02236,Nagaland,26.051,94.4348,Clayey Loam,41.38,127.59,625.4,21.2,0.211,17.1,3,0.304,0,123.3
KAG-NER-02237,Tripura,24.2608,91.3484,Clayey Loam,9.24,91.6,374.9,12.7,0.534,9.9,4,0.274,0,113.5
KAG-NER-02238,Assam,27.0855,94.1683,Sedimentary Shale,19.68,75.23,644.7,37.2,0.176,20.0,1,0.28,0,152.2
KAG-NER-02239,Assam,27.1704,94.4611,Weathered Gneiss,56.87,189.64,1731.2,45.6,0.504,20.8,2,0.603,1,240.7
KAG-NER-02240,Assam,26.1919,90.9768,Weathered Gneiss,116.54,248.81,2071.5,17.2,0.421,5.9,2,0.593,1,209.2
KAG-NER-02241,Manipur,24.1571,93.466,Weathered Gneiss,3.13,9.72,1876.0,42.6,0.174,20.2,0,0.244,0,175.3
KAG-NER-02242,Assam,26.6599,94.1194,Weathered Gneiss,29.14,115.86,1372.5,11.0,0.912,16.3,5,0.431,1,176.2
KAG-NER-02243,Nagaland,26.659,94.3356,Sedimentary Shale,14.24,48.52,222.6,44.1,0.251,19.8,2,0.292,0,149.0
KAG-NER-02244,Sikkim,27.1039,88.2491,Clayey Loam,9.71,101.77,2688.5,35.8,0.249,10.5,1,0.323,0,171.0
KAG-NER-02245,Mizoram,22.9496,92.6997,Sedimentary Shale,26.78,84.95,537.2,19.9,0.683,15.2,2,0.378,0,159.4
KAG-NER-02246,Meghalaya,25.5512,90.3128,Sedimentary Shale,35.4,88.97,1898.1,18.2,0.413,6.7,1,0.33,0,135.8
KAG-NER-02247,Assam,26.2879,91.3063,Alluvial Sandy Silt,0.37,164.62,2563.1,31.7,0.278,17.0,0,0.309,0,181.9
KAG-NER-02248,Mizoram,23.7706,92.8107,Alluvial Sandy Silt,57.57,182.55,1978.0,29.7,0.528,13.6,1,0.534,1,201.7
KAG-NER-02249,Nagaland,26.0934,94.0415,Rocky Phyllite,65.14,219.18,673.1,42.8,0.539,11.6,4,0.589,1,166.7
KAG-NER-02250,Assam,27.1384,91.4663,Alluvial Sandy Silt,127.95,269.53,939.0,36.6,0.741,15.9,5,0.803,2,238.8
KAG-NER-02251,Assam,26.5233,93.8121,Weathered Gneiss,7.57,25.72,162.2,27.6,0.101,13.0,1,0.258,0,124.2
KAG-NER-02252,Tripura,23.8682,92.2148,Rocky Phyllite,34.31,89.88,1746.7,43.1,0.337,17.3,2,0.453,1,192.9
KAG-NER-02253,Nagaland,25.9292,94.0955,Weathered Gneiss,21.14,60.67,1747.3,29.7,0.168,19.2,0,0.275,0,160.8
KAG-NER-02254,Mizoram,22.9328,92.9699,Clayey Loam,15.49,51.01,2053.4,40.0,0.445,18.0,3,0.38,0,189.9
KAG-NER-02255,Mizoram,23.2323,92.4763,Weathered Gneiss,31.69,66.32,109.9,39.6,0.1,8.2,3,0.307,0,103.9
KAG-NER-02256,Meghalaya,25.5901,91.584,Sedimentary Shale,57.95,161.1,2304.5,42.8,0.395,21.5,2,0.554,1,239.6
KAG-NER-02257,Meghalaya,25.1683,92.0154,Alluvial Sandy Silt,0.89,7.09,2089.3,8.7,0.553,15.0,2,0.143,0,139.7
KAG-NER-02258,Meghalaya,25.6614,90.6914,Weathered Gneiss,132.5,320.95,463.2,29.4,0.34,8.5,3,0.73,2,193.4
KAG-NER-02259,Arunachal Pradesh,27.6511,94.7415,Weathered Gneiss,63.08,143.85,1025.5,24.7,0.403,2.9,4,0.449,1,130.2
KAG-NER-02260,Meghalaya,25.5765,91.2283,Alluvial Sandy Silt,52.85,168.98,1816.8,25.6,0.422,21.8,2,0.433,1,211.8
KAG-NER-02261,Manipur,24.4513,93.9766,Weathered Gneiss,54.29,182.94,1428.6,24.4,0.195,14.0,1,0.424,1,188.4
KAG-NER-02262,Nagaland,26.7148,94.4076,Sedimentary Shale,18.72,54.09,393.1,39.5,0.273,6.6,4,0.351,0,112.4
KAG-NER-02263,Tripura,23.2897,91.6528,Weathered Gneiss,52.93,139.26,317.6,18.7,0.096,11.8,1,0.325,0,117.0
KAG-NER-02264,Meghalaya,25.9017,90.4456,Clayey Loam,18.58,54.15,2205.6,24.5,0.465,10.0,2,0.183,0,137.2
KAG-NER-02265,Nagaland,26.7844,94.8236,Sedimentary Shale,87.01,264.14,504.2,14.0,0.518,21.0,2,0.531,1,199.1
KAG-NER-02266,Nagaland,25.5096,94.8001,Alluvial Sandy Silt,7.41,24.01,548.1,16.1,0.23,11.9,0,0.118,0,89.6
KAG-NER-02267,Nagaland,25.9084,94.6671,Sedimentary Shale,13.14,57.14,2340.1,32.4,0.443,11.7,4,0.337,0,177.7
KAG-NER-02268,Manipur,24.5857,93.7054,Sedimentary Shale,30.46,127.62,1745.0,10.7,0.23,17.9,3,0.232,0,169.7
KAG-NER-02269,Assam,26.6879,93.9851,Weathered Gneiss,14.61,44.69,1724.8,13.5,0.058,9.8,0,0.125,0,99.9
KAG-NER-02270,Meghalaya,25.1304,91.7422,Alluvial Sandy Silt,20.98,42.52,1383.8,27.1,0.629,5.9,4,0.374,0,148.8
KAG-NER-02271,Assam,26.0614,92.0568,Sedimentary Shale,25.77,90.44,1627.7,7.8,0.316,17.4,0,0.195,0,146.9
KAG-NER-02272,Arunachal Pradesh,27.4567,93.6108,Weathered Gneiss,73.74,222.28,1716.8,11.1,0.351,20.2,0,0.465,1,210.3
KAG-NER-02273,Meghalaya,25.4007,90.4791,Weathered Gneiss,28.14,177.78,2712.5,40.5,0.431,2.9,2,0.457,1,160.9
KAG-NER-02274,Nagaland,25.6039,93.4502,Clayey Loam,17.11,56.63,686.5,39.8,0.123,19.2,0,0.285,0,156.4
KAG-NER-02275,Sikkim,27.4292,88.8636,Clayey Loam,10.82,43.64,663.6,19.9,0.597,10.8,9,0.229,0,97.4
KAG-NER-02276,Nagaland,25.5619,94.8194,Sedimentary Shale,19.96,55.62,235.6,19.9,0.586,7.8,7,0.282,0,103.1
KAG-NER-02277,Manipur,25.0267,94.02,Weathered Gneiss,27.55,71.09,1870.3,43.5,0.269,2.8,2,0.406,1,153.6
KAG-NER-02278,Meghalaya,25.6807,92.3495,Alluvial Sandy Silt,52.09,188.33,1573.4,7.0,0.405,6.1,4,0.334,0,129.5
KAG-NER-02279,Nagaland,25.5497,94.1571,Clayey Loam,4.9,69.97,382.6,29.2,0.406,8.7,2,0.26,0,109.7
KAG-NER-02280,Assam,26.7759,93.1407,Sedimentary Shale,9.52,25.21,1071.5,29.9,0.094,3.4,0,0.296,0,104.8
KAG-NER-02281,Arunachal Pradesh,28.2324,91.8252,Alluvial Sandy Silt,18.14,81.94,566.0,37.5,0.344,5.8,4,0.368,0,103.9
KAG-NER-02282,Arunachal Pradesh,28.0051,93.9031,Clayey Loam,16.98,52.94,981.6,44.1,0.137,16.7,1,0.339,0,159.1
KAG-NER-02283,Meghalaya,25.4412,91.0847,Sedimentary Shale,18.89,97.54,2667.4,20.2,0.376,15.7,2,0.265,0,176.2
KAG-NER-02284,Assam,26.6692,94.5095,Sedimentary Shale,59.95,170.03,1938.6,23.5,0.123,17.4,1,0.445,1,209.0
KAG-NER-02285,Assam,26.4946,94.2113,Weathered Gneiss,14.89,47.3,100.6,32.9,0.56,5.3,4,0.393,1,105.1
KAG-NER-02286,Arunachal Pradesh,27.5435,91.9608,Rocky Phyllite,26.48,147.57,766.8,44.7,0.56,2.9,3,0.478,1,134.1
KAG-NER-02287,Sikkim,27.1431,88.1411,Alluvial Sandy Silt,37.16,117.8,108.2,41.6,0.375,11.4,2,0.497,1,141.2
KAG-NER-02288,Arunachal Pradesh,27.5082,93.0176,Weathered Gneiss,10.04,49.7,2024.4,32.7,0.379,8.9,1,0.352,0,158.7
KAG-NER-02289,Meghalaya,25.7461,92.1313,Sedimentary Shale,48.2,198.9,1356.8,40.3,0.595,17.5,2,0.492,1,198.6
KAG-NER-02290,Assam,25.8712,91.4951,Alluvial Sandy Silt,30.1,74.66,2783.7,9.4,0.449,12.8,2,0.295,0,174.2
KAG-NER-02291,Nagaland,25.784,94.2214,Weathered Gneiss,22.5,62.38,2075.3,21.1,0.12,20.6,1,0.196,0,169.4
KAG-NER-02292,Arunachal Pradesh,27.1312,92.1027,Sedimentary Shale,63.06,236.78,1488.7,6.5,0.551,3.2,4,0.512,1,151.3
KAG-NER-02293,Assam,27.1213,94.1189,Weathered Gneiss,10.6,121.97,2268.8,13.1,0.428,9.3,3,0.231,0,140.3
KAG-NER-02294,Meghalaya,25.2626,91.2571,Weathered Gneiss,81.59,191.84,1997.1,31.2,0.128,10.1,1,0.533,1,192.1
KAG-NER-02295,Assam,26.2979,94.0595,Sedimentary Shale,31.29,69.27,743.1,41.4,0.569,4.5,3,0.373,0,107.7
KAG-NER-02296,Assam,26.5143,91.0753,Alluvial Sandy Silt,35.7,99.81,1522.3,31.3,0.33,13.7,1,0.422,1,164.4
KAG-NER-02297,Assam,26.8346,92.286,Alluvial Sandy Silt,79.04,264.15,1592.3,32.6,0.228,2.8,2,0.585,1,164.2
KAG-NER-02298,Assam,26.1681,92.1897,Alluvial Sandy Silt,64.66,216.4,1307.4,10.2,0.116,16.3,1,0.431,1,178.6
KAG-NER-02299,Assam,26.4969,92.044,Clayey Loam,34.97,116.72,567.4,32.6,0.643,2.7,2,0.428,1,91.6
KAG-NER-02300,Arunachal Pradesh,27.287,93.2933,Sedimentary Shale,53.17,169.76,687.6,24.2,0.662,19.5,4,0.507,1,193.7
KAG-NER-02301,Mizoram,22.8288,93.1497,Sedimentary Shale,21.58,51.09,844.4,32.1,0.48,3.3,4,0.404,1,136.8
KAG-NER-02302,Meghalaya,25.2539,90.3142,Weathered Gneiss,30.12,114.95,107.9,19.0,0.606,11.1,6,0.368,0,129.8
KAG-NER-02303,Meghalaya,25.6883,92.2122,Sedimentary Shale,2.44,73.97,2574.1,29.3,0.412,5.1,5,0.304,0,143.5
KAG-NER-02304,Arunachal Pradesh,28.2021,93.7208,Clayey Loam,3.58,24.42,1946.2,23.0,0.608,4.7,5,0.29,0,120.2
KAG-NER-02305,Tripura,23.4464,91.9847,Weathered Gneiss,67.21,233.11,1955.8,28.3,0.713,16.4,1,0.545,1,204.2
KAG-NER-02306,Arunachal Pradesh,28.0195,92.6082,Weathered Gneiss,2.34,66.71,1636.7,11.9,0.095,17.5,1,0.111,0,139.1
KAG-NER-02307,Assam,27.0648,90.9697,Weathered Gneiss,7.05,73.5,1954.9,21.8,0.238,16.8,0,0.271,0,170.4
KAG-NER-02308,Nagaland,26.7758,94.6904,Weathered Gneiss,60.37,165.02,2750.7,21.0,0.283,10.1,3,0.338,0,163.2
KAG-NER-02309,Assam,26.7631,94.7244,Sedimentary Shale,0.04,50.44,1127.6,35.5,0.246,21.8,1,0.307,0,181.5
KAG-NER-02310,Arunachal Pradesh,28.0557,92.3571,Weathered Gneiss,12.61,73.49,2018.1,34.3,0.334,8.8,4,0.296,0,151.1
KAG-NER-02311,Meghalaya,25.4979,90.3859,Weathered Gneiss,33.33,109.19,1057.9,42.4,0.228,6.9,1,0.495,1,148.9
KAG-NER-02312,Mizoram,23.3845,93.1158,Weathered Gneiss,34.39,97.0,2403.7,31.3,0.718,21.9,7,0.467,1,230.2
KAG-NER-02313,Meghalaya,25.4478,91.0588,Weathered Gneiss,57.05,117.01,2413.8,18.6,0.36,21.5,5,0.35,0,211.1
KAG-NER-02314,Manipur,24.8335,94.3955,Clayey Loam,26.79,73.43,2534.2,37.3,0.241,13.8,4,0.389,1,195.9
KAG-NER-02315,Sikkim,27.1333,88.4084,Sedimentary Shale,27.06,91.89,94.9,25.9,0.175,6.2,1,0.35,0,94.2
KAG-NER-02316,Assam,26.0215,93.6291,Clayey Loam,49.1,109.59,891.1,13.7,0.247,6.8,1,0.335,0,124.2
KAG-NER-02317,Arunachal Pradesh,27.0692,94.4916,Sedimentary Shale,26.24,133.04,444.3,35.9,0.43,12.4,6,0.404,1,143.7
KAG-NER-02318,Arunachal Pradesh,27.3579,92.3951,Sedimentary Shale,35.63,112.92,1314.8,11.3,0.357,17.5,3,0.349,0,179.3
KAG-NER-02319,Arunachal Pradesh,28.3982,91.5834,Alluvial Sandy Silt,86.66,254.69,1427.6,13.1,0.425,3.5,2,0.498,1,156.8
KAG-NER-02320,Arunachal Pradesh,27.6004,91.5973,Rocky Phyllite,19.5,76.19,776.1,36.4,0.055,15.8,0,0.336,0,150.0
KAG-NER-02321,Tripura,23.7803,91.7013,Sedimentary Shale,18.48,61.92,2047.8,36.8,0.55,4.1,2,0.285,0,133.2
KAG-NER-02322,Manipur,24.4503,93.2115,Alluvial Sandy Silt,0.14,3.83,813.8,37.6,0.595,18.9,4,0.315,0,145.6
KAG-NER-02323,Nagaland,25.9269,94.4084,Alluvial Sandy Silt,36.12,123.78,2402.6,17.7,0.69,12.6,5,0.377,0,179.0
KAG-NER-02324,Arunachal Pradesh,28.1518,93.8884,Alluvial Sandy Silt,1.15,12.33,563.2,40.7,0.644,21.8,4,0.289,0,149.9
KAG-NER-02325,Mizoram,23.6848,92.5207,Sedimentary Shale,26.66,98.93,1078.9,34.9,0.41,17.1,3,0.442,1,176.6
KAG-NER-02326,Sikkim,27.3011,88.2295,Alluvial Sandy Silt,61.97,175.13,1772.5,39.4,0.822,11.9,6,0.545,1,193.0
KAG-NER-02327,Mizoram,23.1739,92.5474,Sedimentary Shale,30.34,99.72,1726.5,34.3,0.083,4.8,0,0.386,1,130.5
KAG-NER-02328,Assam,26.5272,93.0321,Sedimentary Shale,11.94,68.36,292.2,29.2,0.25,12.8,1,0.211,0,112.5
KAG-NER-02329,Nagaland,26.7229,93.6934,Alluvial Sandy Silt,58.62,110.85,2381.8,10.4,0.643,4.3,3,0.439,1,169.2
KAG-NER-02330,Assam,26.6983,94.1777,Alluvial Sandy Silt,11.94,121.93,1706.7,34.4,0.388,20.1,2,0.334,0,180.5
KAG-NER-02331,Arunachal Pradesh,27.7964,92.6475,Clayey Loam,50.18,158.33,2446.0,33.6,0.738,6.6,5,0.468,1,159.9
KAG-NER-02332,Assam,26.1676,90.6766,Sedimentary Shale,35.81,91.23,2440.0,18.5,0.374,19.3,3,0.298,0,187.7
KAG-NER-02333,Nagaland,25.8276,94.5169,Weathered Gneiss,7.08,71.93,1564.9,35.4,0.263,8.1,2,0.32,0,136.0
KAG-NER-02334,Nagaland,25.4665,93.7289,Sedimentary Shale,89.5,335.53,2557.3,28.0,0.327,6.4,1,0.618,1,219.7
KAG-NER-02335,Assam,26.7887,94.0219,Weathered Gneiss,8.51,34.47,2387.7,28.4,0.855,8.1,3,0.368,0,159.0
KAG-NER-02336,Arunachal Pradesh,27.6285,94.6413,Weathered Gneiss,173.46,579.62,2686.1,20.7,0.447,16.2,1,1.039,2,334.5
KAG-NER-02337,Meghalaya,25.4492,90.6158,Weathered Gneiss,0.28,29.26,2393.4,10.7,0.404,12.5,5,0.215,0,146.6
KAG-NER-02338,Arunachal Pradesh,27.537,94.1099,Weathered Gneiss,11.62,24.81,2313.7,14.7,0.482,4.1,2,0.217,0,123.6
KAG-NER-02339,Assam,27.1273,90.8094,Alluvial Sandy Silt,8.47,42.26,1356.7,36.8,0.384,4.7,5,0.357,0,133.2
KAG-NER-02340,Arunachal Pradesh,27.7118,92.9801,Weathered Gneiss,0.54,36.73,656.7,16.9,0.288,9.6,0,0.203,0,104.2
KAG-NER-02341,Manipur,24.7116,93.0384,Weathered Gneiss,50.09,138.45,2557.1,6.1,0.559,8.8,1,0.354,0,159.5
KAG-NER-02342,Assam,26.2382,94.1894,Clayey Loam,44.93,113.81,2045.3,45.9,0.724,19.0,5,0.606,1,237.8
KAG-NER-02343,Assam,26.5755,92.5276,Sedimentary Shale,59.73,166.16,846.4,14.4,0.297,13.4,3,0.425,1,164.5
KAG-NER-02344,Arunachal Pradesh,27.3568,92.8412,Weathered Gneiss,11.27,88.05,1007.5,32.2,0.436,5.7,2,0.331,0,105.0
KAG-NER-02345,Sikkim,27.3682,88.7685,Weathered Gneiss,22.33,70.64,1946.1,43.1,0.092,2.6,0,0.365,0,139.7
KAG-NER-02346,Nagaland,26.7541,94.058,Clayey Loam,40.9,103.24,1379.7,30.0,0.099,4.0,0,0.35,0,113.7
KAG-NER-02347,Nagaland,25.9507,94.6698,Weathered Gneiss,22.02,53.62,301.6,38.0,0.255,16.0,0,0.352,0,132.4
KAG-NER-02348,Arunachal Pradesh,27.583,93.9841,Sedimentary Shale,45.41,118.32,464.7,45.1,0.43,18.9,2,0.577,1,195.8
KAG-NER-02349,Nagaland,25.7233,94.5153,Rocky Phyllite,38.19,92.47,2108.2,40.4,0.403,17.7,1,0.406,1,193.5
KAG-NER-02350,Assam,26.5448,94.1407,Alluvial Sandy Silt,4.63,30.75,973.7,28.3,0.533,17.8,4,0.291,0,154.3
KAG-NER-02351,Nagaland,26.493,93.7225,Alluvial Sandy Silt,57.72,120.98,1460.8,20.5,0.635,7.2,3,0.452,1,158.2
KAG-NER-02352,Tripura,24.0588,92.0601,Weathered Gneiss,48.46,175.56,2165.2,25.3,0.422,21.8,3,0.481,1,230.0
KAG-NER-02353,Nagaland,25.8846,93.6589,Weathered Gneiss,40.53,158.09,2123.2,39.7,0.459,3.7,1,0.48,1,155.4
KAG-NER-02354,Mizoram,22.8039,92.796,Rocky Phyllite,6.4,50.01,534.3,40.1,0.281,18.4,1,0.285,0,153.9
KAG-NER-02355,Manipur,24.4934,93.8879,Alluvial Sandy Silt,11.85,39.33,347.6,39.8,0.566,3.9,3,0.366,0,103.8
KAG-NER-02356,Assam,26.0633,94.3685,Sedimentary Shale,18.98,67.95,1687.9,29.9,0.232,7.4,3,0.308,0,141.5
KAG-NER-02357,Tripura,23.5093,91.3717,Rocky Phyllite,12.48,55.78,2097.2,25.1,0.503,11.9,1,0.277,0,135.2
KAG-NER-02358,Assam,26.473,92.7448,Weathered Gneiss,9.82,20.01,485.4,18.5,0.545,3.1,1,0.132,0,63.1
KAG-NER-02359,Meghalaya,25.2936,90.9068,Sedimentary Shale,62.19,211.56,1091.7,6.1,0.442,9.9,2,0.377,0,138.7
KAG-NER-02360,Assam,26.0376,93.7331,Alluvial Sandy Silt,38.64,113.0,2447.2,36.6,0.777,9.0,2,0.566,1,211.8
KAG-NER-02361,Assam,26.8781,92.5805,Sedimentary Shale,31.67,97.32,2648.3,17.1,0.378,14.9,2,0.366,0,208.0
KAG-NER-02362,Arunachal Pradesh,28.0425,94.8117,Weathered Gneiss,9.73,33.13,1315.1,19.2,0.447,16.4,2,0.212,0,130.7
KAG-NER-02363,Arunachal Pradesh,27.1212,95.8478,Clayey Loam,95.07,312.18,296.3,39.7,0.631,3.8,4,0.842,2,199.0
KAG-NER-02364,Meghalaya,25.8389,90.7317,Weathered Gneiss,8.06,28.08,780.9,8.1,0.434,2.8,6,0.153,0,63.4
KAG-NER-02365,Meghalaya,25.2675,90.5267,Weathered Gneiss,60.21,242.85,713.7,43.1,0.425,17.5,0,0.553,1,180.9
KAG-NER-02366,Assam,25.9937,93.8667,Clayey Loam,129.25,357.63,730.0,6.1,0.544,12.6,4,0.684,1,210.6
KAG-NER-02367,Assam,26.4575,94.0232,Rocky Phyllite,49.35,153.13,1423.4,43.6,0.513,12.7,4,0.574,1,212.6
KAG-NER-02368,Meghalaya,25.7716,91.772,Weathered Gneiss,187.79,428.78,1666.4,24.2,0.278,21.6,2,0.898,2,314.1
KAG-NER-02369,Arunachal Pradesh,27.9982,91.5826,Weathered Gneiss,40.01,149.83,413.2,10.1,0.829,10.8,1,0.441,1,145.9
KAG-NER-02370,Manipur,24.4365,94.0205,Rocky Phyllite,9.32,53.33,2499.0,33.0,0.628,5.9,3,0.361,0,145.3
KAG-NER-02371,Nagaland,25.4131,93.4495,Sedimentary Shale,8.66,23.45,1766.3,41.8,0.752,15.6,3,0.385,1,178.6
KAG-NER-02372,Mizoram,24.0778,93.0524,Sedimentary Shale,14.91,68.35,1704.5,23.5,0.4,18.3,2,0.312,0,173.9
KAG-NER-02373,Nagaland,25.7715,94.4319,Weathered Gneiss,0.27,4.11,2765.4,33.7,0.647,12.0,5,0.35,0,191.5
KAG-NER-02374,Arunachal Pradesh,28.1679,92.8806,Sedimentary Shale,43.5,150.16,1788.6,45.2,0.399,15.8,4,0.522,1,207.3
KAG-NER-02375,Nagaland,25.4505,94.7992,Sedimentary Shale,11.89,38.45,2606.8,15.6,0.475,12.3,5,0.252,0,144.8
KAG-NER-02376,Arunachal Pradesh,27.4523,91.9792,Weathered Gneiss,64.16,204.6,858.6,38.8,0.247,10.1,2,0.481,1,163.9
KAG-NER-02377,Arunachal Pradesh,27.687,94.9581,Sedimentary Shale,16.91,33.81,733.2,17.8,0.558,2.7,1,0.32,0,99.1
KAG-NER-02378,Manipur,24.3103,93.4312,Alluvial Sandy Silt,24.85,65.34,1484.9,23.1,0.716,5.5,4,0.342,0,136.5
KAG-NER-02379,Meghalaya,25.3184,92.7783,Weathered Gneiss,128.15,450.92,1463.4,17.3,0.167,11.6,2,0.706,1,222.1
KAG-NER-02380,Manipur,24.2764,93.9208,Sedimentary Shale,10.54,44.57,696.0,23.8,0.471,9.9,0,0.305,0,126.6
KAG-NER-02381,Mizoram,24.1879,92.4616,Clayey Loam,48.54,162.15,1983.1,6.2,0.39,18.9,4,0.323,0,184.9
KAG-NER-02382,Mizoram,24.2563,93.3422,Alluvial Sandy Silt,53.47,157.39,160.6,18.1,0.239,4.2,2,0.348,0,98.9
KAG-NER-02383,Tripura,24.2615,91.3575,Clayey Loam,9.49,35.41,1958.5,23.8,0.212,3.0,2,0.197,0,96.0
KAG-NER-02384,Meghalaya,25.6706,92.1783,Weathered Gneiss,26.42,94.43,1323.5,31.3,0.185,3.7,1,0.274,0,109.5
KAG-NER-02385,Arunachal Pradesh,28.4776,92.3119,Sedimentary Shale,16.38,91.24,1954.1,31.5,0.44,15.6,4,0.321,0,170.5
KAG-NER-02386,Nagaland,26.4724,93.9082,Sedimentary Shale,56.16,119.48,1377.7,29.4,0.374,13.9,2,0.479,1,187.2
KAG-NER-02387,Arunachal Pradesh,27.181,93.3962,Clayey Loam,37.02,131.45,2738.3,17.7,0.497,14.6,7,0.415,1,194.3
KAG-NER-02388,Nagaland,26.5114,94.0973,Weathered Gneiss,24.56,75.1,990.3,43.9,0.523,5.1,3,0.438,1,146.6
KAG-NER-02389,Manipur,24.7525,94.5923,Rocky Phyllite,57.43,202.42,2752.6,21.7,0.159,12.3,1,0.392,1,193.3
KAG-NER-02390,Nagaland,25.9588,94.3231,Clayey Loam,10.19,24.56,256.7,14.7,0.136,17.4,0,0.158,0,116.6
KAG-NER-02391,Arunachal Pradesh,27.4844,93.2675,Sedimentary Shale,53.23,108.7,1939.8,28.2,0.548,15.7,6,0.376,0,182.7
KAG-NER-02392,Assam,26.7739,94.7205,Clayey Loam,76.2,244.07,1315.5,36.0,0.658,10.8,7,0.71,1,219.5
KAG-NER-02393,Meghalaya,25.5881,92.1978,Sedimentary Shale,80.14,246.7,2316.2,6.5,0.743,4.1,6,0.541,1,162.5
KAG-NER-02394,Assam,25.9249,91.4502,Weathered Gneiss,58.18,182.33,2227.8,17.1,0.897,19.4,10,0.489,1,223.0
KAG-NER-02395,Tripura,23.8026,91.124,Weathered Gneiss,19.92,59.72,2256.6,39.0,0.5,12.5,4,0.444,1,184.7
KAG-NER-02396,Arunachal Pradesh,27.3046,93.8283,Sedimentary Shale,152.26,385.12,337.7,26.3,0.275,19.8,4,0.819,2,243.3
KAG-NER-02397,Assam,25.8209,91.6905,Sedimentary Shale,18.14,58.91,2316.8,22.3,0.676,10.8,3,0.314,0,169.6
KAG-NER-02398,Assam,26.5196,93.0792,Weathered Gneiss,38.68,133.2,662.2,43.2,0.691,6.7,2,0.622,1,156.2
KAG-NER-02399,Nagaland,26.6961,94.368,Alluvial Sandy Silt,6.67,31.23,149.9,9.6,0.479,8.1,3,0.161,0,81.1
KAG-NER-02400,Nagaland,25.9806,94.7955,Sedimentary Shale,149.52,429.9,672.2,30.6,0.169,10.4,1,0.873,2,233.6
KAG-NER-02401,Arunachal Pradesh,28.1558,92.4,Weathered Gneiss,46.26,146.95,1383.7,19.7,0.314,14.3,2,0.402,1,180.5
KAG-NER-02402,Assam,25.9832,93.5412,Weathered Gneiss,53.2,116.18,2098.5,8.8,0.485,17.4,4,0.314,0,163.9
KAG-NER-02403,Arunachal Pradesh,27.7958,95.0535,Alluvial Sandy Silt,2.59,25.25,674.7,14.5,0.346,6.9,3,0.161,0,86.7
KAG-NER-02404,Arunachal Pradesh,28.0821,94.3135,Weathered Gneiss,54.78,123.45,387.4,31.1,0.238,5.8,4,0.409,1,121.0
KAG-NER-02405,Nagaland,26.7809,94.2004,Clayey Loam,56.64,144.43,1837.0,7.1,0.537,6.1,4,0.308,0,132.2
KAG-NER-02406,Nagaland,25.5583,94.6424,Rocky Phyllite,42.33,147.88,2756.2,29.7,0.484,20.7,4,0.371,0,229.2
KAG-NER-02407,Arunachal Pradesh,27.303,94.9979,Rocky Phyllite,13.12,55.25,1714.4,44.3,0.609,5.3,2,0.326,0,113.9
KAG-NER-02408,Assam,27.1399,93.6356,Sedimentary Shale,25.56,75.14,1959.7,37.8,0.884,8.9,8,0.461,1,175.8
KAG-NER-02409,Sikkim,27.5172,88.4683,Weathered Gneiss,4.45,9.26,1606.4,19.8,0.535,11.7,2,0.183,0,132.6
KAG-NER-02410,Meghalaya,25.428,91.1178,Weathered Gneiss,24.24,73.07,2208.0,11.5,0.315,13.1,2,0.192,0,131.3
KAG-NER-02411,Nagaland,26.2909,94.5269,Clayey Loam,10.62,51.26,2734.2,24.6,0.367,19.2,0,0.241,0,191.7
KAG-NER-02412,Assam,26.7499,91.3928,Weathered Gneiss,16.32,32.45,1560.0,21.7,0.584,4.3,9,0.287,0,118.8
KAG-NER-02413,Meghalaya,25.5446,92.2583,Weathered Gneiss,6.74,42.44,1213.7,44.9,0.448,4.2,2,0.348,0,102.7
KAG-NER-02414,Assam,26.466,92.9148,Alluvial Sandy Silt,9.93,43.38,2420.1,45.6,0.451,8.3,5,0.344,0,169.4
KAG-NER-02415,Meghalaya,25.794,91.9193,Sedimentary Shale,3.03,43.71,2717.7,22.4,0.302,10.3,1,0.288,0,156.3
KAG-NER-02416,Sikkim,27.3865,88.8163,Alluvial Sandy Silt,95.93,196.06,431.4,12.0,0.619,9.5,4,0.539,1,170.7
KAG-NER-02417,Arunachal Pradesh,27.1601,95.9798,Sedimentary Shale,28.72,130.76,1652.6,42.4,0.527,9.8,7,0.518,1,186.8
KAG-NER-02418,Assam,25.9664,90.5673,Sedimentary Shale,19.21,70.56,2235.5,37.7,0.238,19.0,1,0.282,0,185.7
KAG-NER-02419,Assam,27.046,91.6023,Sedimentary Shale,29.1,88.98,1530.7,26.5,0.221,18.7,5,0.361,0,189.9
KAG-NER-02420,Arunachal Pradesh,28.0675,95.1496,Sedimentary Shale,37.61,172.69,1193.0,20.6,0.588,18.1,5,0.41,1,188.5
KAG-NER-02421,Assam,27.0026,94.9622,Sedimentary Shale,96.88,181.89,1862.2,23.9,0.451,17.1,2,0.678,1,227.7
KAG-NER-02422,Assam,26.2117,93.6961,Alluvial Sandy Silt,7.48,41.86,814.7,42.1,0.311,2.8,4,0.267,0,77.2
KAG-NER-02423,Manipur,24.1616,93.6509,Rocky Phyllite,13.31,46.2,1029.6,13.4,0.649,5.0,4,0.218,0,92.9
KAG-NER-02424,Meghalaya,25.8632,91.1559,Alluvial Sandy Silt,141.4,291.74,2779.0,38.3,0.198,16.6,2,0.762,2,269.2
KAG-NER-02425,Arunachal Pradesh,27.8458,93.767,Weathered Gneiss,17.63,50.0,1811.2,6.7,0.126,13.9,1,0.122,0,138.2
KAG-NER-02426,Tripura,23.9751,92.2675,Weathered Gneiss,0.87,3.69,2454.4,42.8,0.149,15.5,0,0.202,0,152.1
KAG-NER-02427,Assam,25.878,93.0828,Weathered Gneiss,6.07,40.65,2277.1,26.0,0.485,16.3,2,0.329,0,184.2
KAG-NER-02428,Sikkim,27.7041,88.4851,Clayey Loam,1.01,24.96,1854.2,15.1,0.829,20.2,3,0.316,0,190.3
KAG-NER-02429,Arunachal Pradesh,27.0256,94.0224,Sedimentary Shale,174.71,486.42,2366.8,6.1,0.2,14.7,3,0.812,2,290.8
KAG-NER-02430,Tripura,23.5985,91.2859,Weathered Gneiss,12.42,30.55,861.1,28.4,0.492,7.5,2,0.331,0,130.2
KAG-NER-02431,Nagaland,26.5886,94.1824,Weathered Gneiss,97.7,266.74,1813.0,15.8,0.299,3.7,1,0.614,1,176.5
KAG-NER-02432,Mizoram,24.1999,93.1866,Rocky Phyllite,208.75,571.3,1686.4,31.3,0.332,10.6,3,1.117,2,303.9
KAG-NER-02433,Sikkim,27.5851,88.104,Weathered Gneiss,34.8,66.96,1773.0,17.2,0.651,16.2,4,0.319,0,175.4
KAG-NER-02434,Arunachal Pradesh,27.5845,92.3887,Clayey Loam,1.28,27.79,538.7,9.5,0.502,7.6,0,0.222,0,98.5
KAG-NER-02435,Sikkim,27.7376,88.2397,Sedimentary Shale,3.23,7.44,834.1,26.2,0.322,4.4,2,0.253,0,86.5
KAG-NER-02436,Arunachal Pradesh,27.3577,93.8258,Weathered Gneiss,24.97,89.87,859.7,28.6,0.063,22.0,0,0.228,0,169.5
KAG-NER-02437,Arunachal Pradesh,27.3214,92.4444,Alluvial Sandy Silt,19.8,99.89,1717.3,24.1,0.315,10.4,1,0.358,0,145.3
KAG-NER-02438,Arunachal Pradesh,27.8586,91.9002,Alluvial Sandy Silt,35.41,152.92,2725.3,24.3,0.149,6.3,1,0.303,0,157.7
KAG-NER-02439,Meghalaya,25.1524,91.1678,Clayey Loam,21.95,72.9,2675.1,29.6,0.182,5.3,1,0.303,0,140.4
KAG-NER-02440,Assam,26.8089,92.9966,Alluvial Sandy Silt,103.33,376.2,698.0,27.1,0.297,19.3,2,0.672,1,227.5
KAG-NER-02441,Meghalaya,25.4806,91.671,Sedimentary Shale,29.08,107.57,909.2,11.3,0.283,18.4,0,0.264,0,146.9
KAG-NER-02442,Meghalaya,25.4289,92.634,Weathered Gneiss,44.96,129.65,178.1,13.9,0.768,14.3,7,0.425,1,137.7
KAG-NER-02443,Manipur,24.0769,94.0774,Alluvial Sandy Silt,86.19,271.58,1164.8,11.7,0.456,12.9,8,0.634,1,184.9
KAG-NER-02444,Mizoram,24.1369,93.1843,Clayey Loam,6.04,44.11,2350.3,33.7,0.435,21.0,2,0.236,0,191.4
KAG-NER-02445,Meghalaya,25.2656,90.9694,Rocky Phyllite,9.92,52.44,2570.8,27.1,0.751,6.6,2,0.316,0,147.7
KAG-NER-02446,Arunachal Pradesh,28.0473,91.8792,Sedimentary Shale,4.31,20.96,723.3,23.2,0.557,10.3,7,0.234,0,110.6
KAG-NER-02447,Arunachal Pradesh,28.199,94.7351,Alluvial Sandy Silt,5.72,63.09,803.0,37.9,0.457,2.5,1,0.353,0,120.0
KAG-NER-02448,Assam,26.8214,90.9511,Sedimentary Shale,27.31,87.29,680.7,19.0,0.695,10.4,3,0.348,0,135.4
KAG-NER-02449,Assam,26.8049,93.5592,Weathered Gneiss,14.72,49.71,1032.3,28.7,0.609,9.7,1,0.247,0,93.4
KAG-NER-02450,Arunachal Pradesh,28.2295,91.6872,Sedimentary Shale,20.91,67.54,2268.9,9.0,0.667,21.0,3,0.305,0,185.6
KAG-NER-02451,Arunachal Pradesh,26.937,93.1785,Clayey Loam,153.71,349.22,1839.5,35.8,0.475,9.2,2,0.935,2,248.4
KAG-NER-02452,Sikkim,27.2042,88.5467,Rocky Phyllite,6.48,24.46,2217.8,33.8,0.409,18.7,2,0.301,0,178.6
KAG-NER-02453,Meghalaya,25.9256,91.2178,Sedimentary Shale,29.58,109.88,1665.8,38.1,0.306,17.3,5,0.381,1,181.3
KAG-NER-02454,Arunachal Pradesh,28.2519,91.5011,Clayey Loam,3.96,35.71,781.0,41.4,0.527,4.9,4,0.355,0,134.9
KAG-NER-02455,Nagaland,25.6359,93.4456,Sedimentary Shale,14.57,48.28,700.1,36.3,0.431,21.3,3,0.288,0,166.6
KAG-NER-02456,Assam,26.2594,94.5869,Weathered Gneiss,28.49,112.34,104.5,39.8,0.349,14.6,1,0.458,1,156.8
KAG-NER-02457,Meghalaya,25.1873,91.7767,Alluvial Sandy Silt,111.36,264.88,2204.3,19.8,0.733,13.9,7,0.715,1,250.0
KAG-NER-02458,Nagaland,26.0321,94.8077,Weathered Gneiss,18.86,78.07,2384.2,19.7,0.407,2.2,1,0.259,0,125.4
KAG-NER-02459,Meghalaya,25.2103,90.7513,Sedimentary Shale,2.55,17.15,2169.7,43.8,0.848,16.0,5,0.41,1,181.1
KAG-NER-02460,Arunachal Pradesh,26.9473,93.4527,Rocky Phyllite,18.67,106.58,282.4,42.6,0.263,3.1,0,0.426,1,99.2
KAG-NER-02461,Sikkim,27.2945,88.7959,Alluvial Sandy Silt,5.99,24.76,2153.2,27.9,0.182,5.7,0,0.254,0,131.9
KAG-NER-02462,Tripura,23.9259,91.8369,Rocky Phyllite,9.93,33.1,204.5,20.7,0.615,4.0,6,0.27,0,82.2
KAG-NER-02463,Nagaland,26.1447,93.5378,Clayey Loam,36.58,121.36,367.2,40.6,0.522,9.6,8,0.566,1,164.4
KAG-NER-02464,Meghalaya,25.5005,92.7987,Clayey Loam,2.65,33.85,1278.1,18.9,0.457,17.9,3,0.271,0,169.0
KAG-NER-02465,Nagaland,26.5693,94.7402,Weathered Gneiss,23.75,102.96,1375.1,12.1,0.138,16.1,1,0.238,0,140.1
KAG-NER-02466,Assam,26.9525,90.9637,Rocky Phyllite,35.73,70.15,2299.8,31.6,0.047,4.1,0,0.285,0,128.7
KAG-NER-02467,Arunachal Pradesh,27.2639,91.514,Clayey Loam,20.82,65.7,1928.3,7.7,0.265,18.0,3,0.172,0,153.9
KAG-NER-02468,Assam,26.2249,90.9887,Weathered Gneiss,0.73,26.24,497.0,21.2,0.449,11.2,4,0.224,0,92.3
KAG-NER-02469,Meghalaya,25.5255,91.9605,Clayey Loam,160.93,401.75,695.1,38.3,0.715,2.7,6,0.993,2,213.6
KAG-NER-02470,Meghalaya,25.8871,92.148,Clayey Loam,17.38,59.35,857.0,17.8,0.14,6.5,2,0.268,0,116.0
KAG-NER-02471,Assam,27.114,90.7425,Alluvial Sandy Silt,57.29,195.37,416.4,43.3,0.482,17.7,3,0.548,1,186.7
KAG-NER-02472,Sikkim,27.1085,88.6291,Sedimentary Shale,14.97,129.37,862.4,44.2,0.164,16.7,1,0.402,1,163.3
KAG-NER-02473,Tripura,23.5472,91.4042,Sedimentary Shale,24.49,83.08,2061.8,38.6,0.435,5.8,5,0.317,0,140.2
KAG-NER-02474,Manipur,24.4632,93.4317,Alluvial Sandy Silt,18.69,70.6,736.6,45.5,0.857,2.8,5,0.508,1,121.3
KAG-NER-02475,Meghalaya,25.5603,91.3444,Sedimentary Shale,15.94,49.61,2352.2,27.2,0.34,7.9,1,0.312,0,149.0
KAG-NER-02476,Mizoram,23.5686,93.04,Sedimentary Shale,0.84,29.4,1357.1,28.8,0.185,17.9,1,0.261,0,151.4
KAG-NER-02477,Assam,26.342,91.6309,Sedimentary Shale,16.96,48.5,958.4,39.4,0.232,20.8,2,0.294,0,166.7
KAG-NER-02478,Manipur,24.2327,93.5592,Clayey Loam,83.7,213.06,1201.8,25.7,0.397,13.5,7,0.527,1,170.1
KAG-NER-02479,Assam,26.8385,93.9052,Weathered Gneiss,44.55,159.2,2009.8,22.3,0.255,3.8,0,0.421,1,143.5
KAG-NER-02480,Manipur,24.9337,93.3744,Alluvial Sandy Silt,5.97,49.15,1485.7,30.6,0.654,12.0,4,0.381,1,156.6
KAG-NER-02481,Arunachal Pradesh,27.8409,94.0681,Clayey Loam,33.99,100.77,99.8,32.3,0.554,22.0,3,0.415,1,168.2
KAG-NER-02482,Mizoram,23.5264,92.905,Weathered Gneiss,84.66,206.68,2588.7,36.0,0.811,20.8,4,0.609,1,267.9
KAG-NER-02483,Sikkim,27.4443,88.5524,Sedimentary Shale,45.76,149.55,259.5,32.7,0.295,21.9,0,0.394,1,164.9
KAG-NER-02484,Assam,26.8017,90.9933,Weathered Gneiss,6.12,33.01,2633.1,35.8,0.665,16.0,5,0.346,0,217.9
KAG-NER-02485,Meghalaya,25.7747,90.5533,Rocky Phyllite,76.9,255.3,156.6,33.0,0.293,10.5,4,0.529,1,159.7
KAG-NER-02486,Sikkim,27.1466,88.8809,Weathered Gneiss,13.64,56.1,2177.1,25.2,0.419,19.9,3,0.311,0,186.6
KAG-NER-02487,Meghalaya,25.9613,90.3571,Alluvial Sandy Silt,23.0,95.15,1534.3,11.4,0.097,19.9,0,0.167,0,154.0
KAG-NER-02488,Mizoram,23.4649,92.5049,Clayey Loam,28.38,118.87,1455.6,37.4,0.262,4.9,0,0.388,1,141.1
KAG-NER-02489,Nagaland,26.0795,94.6453,Sedimentary Shale,72.22,238.56,278.0,7.2,0.695,17.5,4,0.558,1,184.7
KAG-NER-02490,Arunachal Pradesh,28.421,94.3541,Alluvial Sandy Silt,101.93,351.8,729.4,45.7,0.383,20.4,3,0.809,2,264.4
KAG-NER-02491,Arunachal Pradesh,27.4662,94.215,Sedimentary Shale,100.86,306.47,2194.9,39.1,0.687,20.0,5,0.865,2,288.8
KAG-NER-02492,Assam,26.2368,94.5942,Weathered Gneiss,0.3,47.42,2504.2,32.8,0.797,16.1,11,0.414,1,208.5
KAG-NER-02493,Manipur,25.2186,93.8932,Sedimentary Shale,96.89,315.13,1519.2,44.7,0.573,12.7,2,0.747,2,232.5
KAG-NER-02494,Arunachal Pradesh,27.4197,92.8203,Sedimentary Shale,2.13,13.11,1041.1,30.5,0.846,17.5,5,0.36,0,168.7
KAG-NER-02495,Meghalaya,25.1301,92.3211,Weathered Gneiss,11.74,32.12,243.0,8.3,0.486,12.3,2,0.195,0,100.6
KAG-NER-02496,Meghalaya,25.5053,91.0453,Sedimentary Shale,27.5,118.41,1935.5,28.4,0.366,8.4,3,0.411,1,163.2
KAG-NER-02497,Meghalaya,25.524,92.3287,Clayey Loam,24.84,90.88,837.4,17.1,0.363,7.2,5,0.302,0,129.4
KAG-NER-02498,Mizoram,22.9869,93.2434,Weathered Gneiss,35.27,127.95,229.6,20.8,0.509,12.8,1,0.359,0,126.8
KAG-NER-02499,Sikkim,27.7283,88.8574,Alluvial Sandy Silt,24.81,170.06,1891.1,24.4,0.626,11.1,5,0.445,1,172.0
KAG-NER-02500,Arunachal Pradesh,27.536,92.4771,Sedimentary Shale,103.5,297.71,1401.2,37.0,0.424,12.5,2,0.709,1,221.8
KAG-NER-02501,Mizoram,23.3605,92.6662,Sedimentary Shale,10.46,104.53,112.5,26.1,0.444,7.2,3,0.293,0,106.5
KAG-NER-02502,Manipur,24.2466,93.9716,Alluvial Sandy Silt,12.17,27.41,381.7,25.0,0.499,13.8,2,0.268,0,121.4
KAG-NER-02503,Meghalaya,25.529,92.4508,Alluvial Sandy Silt,96.33,260.36,1981.8,18.1,0.642,15.2,5,0.639,1,231.4
KAG-NER-02504,Sikkim,27.1225,88.6151,Sedimentary Shale,3.03,18.51,253.2,27.6,0.231,18.1,0,0.256,0,127.1
KAG-NER-02505,Assam,26.8681,93.9177,Alluvial Sandy Silt,35.74,85.24,2435.4,15.9,0.168,13.8,1,0.238,0,156.5
KAG-NER-02506,Assam,27.0405,93.7807,Sedimentary Shale,43.51,132.43,926.8,16.4,0.628,17.1,4,0.327,0,164.7
KAG-NER-02507,Mizoram,24.1917,92.6659,Sedimentary Shale,26.76,92.35,321.2,36.3,0.256,5.4,2,0.353,0,105.1
KAG-NER-02508,Meghalaya,25.5529,90.2366,Alluvial Sandy Silt,45.03,139.89,2146.5,19.7,0.184,4.4,1,0.35,0,143.8
KAG-NER-02509,Mizoram,22.8104,92.5641,Weathered Gneiss,7.21,32.05,1506.4,8.1,0.334,5.6,4,0.154,0,89.0
KAG-NER-02510,Tripura,23.321,91.4123,Sedimentary Shale,72.76,204.12,914.1,19.7,0.376,18.9,1,0.479,1,197.5
KAG-NER-02511,Assam,26.0479,90.6283,Weathered Gneiss,5.73,24.86,1184.6,31.5,0.745,13.1,3,0.376,0,166.5
KAG-NER-02512,Tripura,24.2912,91.1099,Weathered Gneiss,19.46,55.96,138.2,38.6,0.578,11.1,1,0.406,1,124.8
KAG-NER-02513,Meghalaya,25.7625,90.5956,Alluvial Sandy Silt,2.97,19.13,1882.5,44.5,0.725,17.2,3,0.412,1,186.6
KAG-NER-02514,Meghalaya,25.921,92.5213,Sedimentary Shale,29.94,150.33,1074.9,35.8,0.43,4.5,2,0.369,0,115.1
KAG-NER-02515,Nagaland,26.3155,94.4084,Clayey Loam,42.1,109.19,2022.2,23.2,0.385,2.1,7,0.362,0,141.2
KAG-NER-02516,Tripura,23.2064,92.2818,Sedimentary Shale,107.69,358.3,1788.6,18.0,0.425,8.2,2,0.676,1,201.8
KAG-NER-02517,Assam,27.029,94.528,Weathered Gneiss,51.09,127.15,1851.4,11.2,0.235,7.0,3,0.38,1,147.4
KAG-NER-02518,Meghalaya,25.6933,91.0964,Alluvial Sandy Silt,29.6,139.83,2236.7,31.1,0.289,8.1,2,0.378,0,154.5
KAG-NER-02519,Nagaland,26.6511,93.8373,Weathered Gneiss,102.5,223.4,1796.7,26.4,0.359,21.5,2,0.576,1,251.8
KAG-NER-02520,Manipur,24.7878,93.1596,Rocky Phyllite,24.74,86.75,1218.9,33.1,0.526,13.4,4,0.362,0,151.3
KAG-NER-02521,Nagaland,26.6907,93.6112,Clayey Loam,31.3,90.69,1140.6,15.5,0.655,13.8,6,0.385,1,173.3
KAG-NER-02522,Assam,26.1149,93.0116,Weathered Gneiss,34.45,116.18,405.3,18.9,0.774,15.1,5,0.39,1,149.1
KAG-NER-02523,Arunachal Pradesh,28.1225,94.2871,Sedimentary Shale,20.05,50.19,2200.1,17.7,0.401,10.0,2,0.217,0,133.5
KAG-NER-02524,Arunachal Pradesh,27.2714,91.5042,Sedimentary Shale,69.28,192.07,2150.2,37.9,0.202,21.6,2,0.565,1,250.8
KAG-NER-02525,Mizoram,23.9357,93.3837,Clayey Loam,7.78,26.51,749.9,12.8,0.707,21.5,8,0.258,0,154.6
KAG-NER-02526,Arunachal Pradesh,28.1959,93.5709,Sedimentary Shale,30.75,126.68,2426.5,30.3,0.289,17.4,3,0.362,0,208.1
KAG-NER-02527,Assam,27.0653,92.3443,Sedimentary Shale,48.68,158.76,1682.1,8.1,0.477,6.2,2,0.309,0,128.5
KAG-NER-02528,Sikkim,27.4675,88.4817,Sedimentary Shale,89.04,283.93,1382.0,28.0,0.223,19.6,1,0.617,1,226.6
KAG-NER-02529,Assam,26.4267,93.9884,Sedimentary Shale,81.83,245.43,127.6,8.6,0.608,4.0,1,0.564,1,132.7
KAG-NER-02530,Sikkim,27.4687,88.3534,Sedimentary Shale,27.01,90.71,1121.1,13.0,0.412,14.6,2,0.237,0,144.2
KAG-NER-02531,Nagaland,25.7614,93.4566,Clayey Loam,39.16,86.91,1822.6,10.5,0.496,11.1,3,0.32,0,155.0
KAG-NER-02532,Mizoram,23.6748,92.553,Clayey Loam,19.05,72.56,324.1,19.9,0.427,2.8,3,0.277,0,75.9
KAG-NER-02533,Arunachal Pradesh,27.137,94.4422,Clayey Loam,23.99,147.33,1330.0,19.7,0.127,20.1,0,0.25,0,149.6
KAG-NER-02534,Assam,26.7537,93.8847,Clayey Loam,89.96,259.64,2782.1,39.1,0.031,21.2,0,0.579,1,261.3
KAG-NER-02535,Manipur,24.705,94.4305,Sedimentary Shale,101.44,329.04,2029.0,15.0,0.647,20.1,8,0.674,1,249.8
KAG-NER-02536,Mizoram,24.2045,93.1881,Rocky Phyllite,85.79,259.07,1567.5,9.5,0.3,5.8,0,0.44,1,137.0
KAG-NER-02537,Manipur,24.8898,93.486,Sedimentary Shale,5.66,73.72,1529.8,30.1,0.572,8.7,3,0.354,0,152.8
KAG-NER-02538,Assam,27.1761,91.7336,Sedimentary Shale,72.11,220.12,199.0,33.5,0.378,21.1,4,0.54,1,185.2
KAG-NER-02539,Manipur,24.2837,93.7074,Sedimentary Shale,112.61,378.3,2683.9,17.8,0.228,4.1,1,0.641,1,193.4
KAG-NER-02540,Manipur,24.0796,94.5656,Weathered Gneiss,17.03,44.63,2604.6,30.1,0.686,13.7,5,0.38,0,189.5
KAG-NER-02541,Nagaland,26.2238,94.2354,Sedimentary Shale,27.78,116.56,1936.1,37.0,0.939,11.7,8,0.503,1,189.9
KAG-NER-02542,Manipur,24.9181,93.7952,Alluvial Sandy Silt,57.38,151.33,349.3,19.9,0.401,5.0,3,0.413,1,109.3
KAG-NER-02543,Mizoram,22.8481,92.9735,Weathered Gneiss,31.38,93.74,645.3,27.0,0.592,19.7,4,0.389,1,173.0
KAG-NER-02544,Nagaland,26.4026,94.0251,Alluvial Sandy Silt,191.27,621.42,580.2,11.9,0.333,4.7,2,0.985,2,226.4
KAG-NER-02545,Assam,26.8602,91.5215,Alluvial Sandy Silt,23.11,72.75,1493.3,6.9,0.59,13.9,3,0.238,0,157.5
KAG-NER-02546,Meghalaya,25.2991,90.6197,Rocky Phyllite,47.56,161.46,645.2,45.3,0.262,8.4,2,0.504,1,150.6
KAG-NER-02547,Assam,26.3208,94.3116,Clayey Loam,59.78,206.88,1972.6,18.0,0.453,10.4,6,0.467,1,171.3
KAG-NER-02548,Arunachal Pradesh,28.2247,93.2227,Weathered Gneiss,25.89,83.13,1563.0,17.2,0.346,6.2,0,0.296,0,127.4
KAG-NER-02549,Arunachal Pradesh,27.8426,94.7437,Rocky Phyllite,73.9,228.61,128.0,44.9,0.559,14.5,4,0.695,1,202.1
KAG-NER-02550,Assam,26.1377,91.2566,Weathered Gneiss,30.02,100.02,2103.8,35.1,0.455,21.8,2,0.457,1,220.8
KAG-NER-02551,Arunachal Pradesh,28.4554,94.279,Weathered Gneiss,20.16,75.37,593.6,29.4,0.314,18.7,0,0.25,0,126.6
KAG-NER-02552,Assam,27.174,92.0199,Sedimentary Shale,4.34,16.7,2323.7,34.0,0.508,15.7,4,0.33,0,194.6
KAG-NER-02553,Mizoram,23.8545,92.5449,Sedimentary Shale,19.0,89.13,1045.7,34.4,0.338,17.1,4,0.334,0,150.0
KAG-NER-02554,Sikkim,27.2828,88.5095,Sedimentary Shale,50.31,131.36,1001.0,36.5,0.317,18.8,1,0.484,1,200.6
KAG-NER-02555,Assam,26.2475,91.2543,Alluvial Sandy Silt,96.59,327.39,112.1,8.7,0.423,11.5,3,0.601,1,179.7
KAG-NER-02556,Sikkim,27.284,88.1286,Weathered Gneiss,11.02,35.34,2766.6,22.5,0.281,13.3,0,0.197,0,155.8
KAG-NER-02557,Meghalaya,25.734,91.4795,Weathered Gneiss,16.68,59.34,1744.7,17.8,0.703,19.9,2,0.372,0,199.7
KAG-NER-02558,Arunachal Pradesh,27.0508,92.2726,Sedimentary Shale,6.35,34.32,1229.8,8.8,0.052,15.9,0,0.124,0,127.7
KAG-NER-02559,Assam,25.9435,93.2567,Weathered Gneiss,44.59,124.07,342.8,22.5,0.357,4.7,3,0.393,1,102.7
KAG-NER-02560,Meghalaya,25.1848,92.1611,Weathered Gneiss,122.5,335.8,1981.7,30.6,0.497,17.6,3,0.866,2,295.2
KAG-NER-02561,Manipur,24.0287,93.399,Alluvial Sandy Silt,38.92,121.84,849.0,13.1,0.607,2.5,3,0.326,0,104.1
KAG-NER-02562,Manipur,25.2469,94.1497,Weathered Gneiss,36.48,103.18,2768.1,18.2,0.411,19.0,3,0.333,0,187.1
KAG-NER-02563,Assam,25.9022,94.1951,Weathered Gneiss,30.64,119.65,2665.5,31.6,0.665,17.8,2,0.47,1,225.5
KAG-NER-02564,Assam,26.4902,94.3105,Sedimentary Shale,3.52,51.68,2080.0,29.2,0.185,18.6,3,0.185,0,155.5
KAG-NER-02565,Arunachal Pradesh,27.8612,94.5682,Sedimentary Shale,49.68,143.94,2721.3,40.8,0.403,2.5,3,0.476,1,174.9
KAG-NER-02566,Arunachal Pradesh,28.4896,92.5455,Weathered Gneiss,35.01,111.88,367.3,37.6,0.397,21.4,2,0.469,1,181.3
KAG-NER-02567,Assam,26.6735,92.5714,Sedimentary Shale,41.16,92.7,841.4,44.6,0.434,14.3,4,0.452,1,162.8
KAG-NER-02568,Arunachal Pradesh,26.9631,91.5651,Sedimentary Shale,87.05,181.88,768.8,29.9,0.623,18.0,5,0.642,1,207.4
KAG-NER-02569,Mizoram,22.9788,93.014,Weathered Gneiss,58.23,124.56,275.9,33.9,0.075,13.3,1,0.384,1,140.9
KAG-NER-02570,Tripura,23.8806,91.7641,Sedimentary Shale,57.7,190.3,2724.5,40.4,0.813,8.8,2,0.716,1,243.8
KAG-NER-02571,Arunachal Pradesh,26.951,93.6119,Alluvial Sandy Silt,99.55,233.0,243.1,39.6,0.675,7.9,4,0.638,1,167.1
KAG-NER-02572,Tripura,24.3095,91.5771,Sedimentary Shale,174.75,590.55,2410.2,34.7,0.18,3.4,0,1.08,2,280.0
KAG-NER-02573,Arunachal Pradesh,27.8999,95.0092,Alluvial Sandy Silt,33.08,93.8,2169.4,26.0,0.104,12.9,1,0.305,0,164.7
KAG-NER-02574,Meghalaya,25.8055,91.5501,Alluvial Sandy Silt,4.38,25.71,1102.4,16.9,0.889,4.9,3,0.23,0,105.9
KAG-NER-02575,Assam,27.0011,92.2612,Weathered Gneiss,23.35,78.78,131.2,41.1,0.584,13.4,2,0.424,1,135.2
KAG-NER-02576,Nagaland,26.6442,93.7603,Weathered Gneiss,58.87,141.74,96.6,37.1,0.27,14.5,2,0.401,1,131.8
KAG-NER-02577,Sikkim,27.2962,88.1425,Alluvial Sandy Silt,1.07,84.79,634.9,39.5,0.322,10.8,4,0.339,0,119.8
KAG-NER-02578,Nagaland,26.5138,94.0256,Sedimentary Shale,2.23,14.93,1423.3,11.6,0.23,5.1,1,0.096,0,66.9
KAG-NER-02579,Arunachal Pradesh,27.2666,92.5431,Sedimentary Shale,2.64,23.48,1325.5,18.6,0.539,10.7,5,0.146,0,99.1
KAG-NER-02580,Nagaland,26.662,94.6509,Alluvial Sandy Silt,49.9,131.58,1672.0,23.0,0.733,19.6,9,0.479,1,219.3
KAG-NER-02581,Assam,26.5749,93.2725,Alluvial Sandy Silt,26.43,120.17,2179.7,39.5,0.748,11.2,2,0.501,1,181.6
KAG-NER-02582,Tripura,23.7692,91.57,Weathered Gneiss,17.49,87.21,1106.4,41.7,0.341,8.9,3,0.464,1,154.4
KAG-NER-02583,Meghalaya,25.9239,90.5266,Clayey Loam,4.24,13.03,516.2,17.4,0.596,14.6,5,0.258,0,130.3
KAG-NER-02584,Meghalaya,25.4766,91.0959,Weathered Gneiss,50.07,211.91,2256.1,33.5,0.525,14.4,3,0.445,1,198.0
KAG-NER-02585,Nagaland,26.0974,94.0864,Weathered Gneiss,14.71,48.09,984.9,9.1,0.659,3.8,1,0.225,0,97.1
KAG-NER-02586,Nagaland,26.1264,93.6099,Alluvial Sandy Silt,11.72,59.55,860.3,22.4,0.467,6.7,1,0.319,0,111.2
KAG-NER-02587,Assam,26.5184,91.5909,Rocky Phyllite,40.15,130.9,2158.9,25.5,0.546,11.9,3,0.359,0,166.5
KAG-NER-02588,Nagaland,25.6581,93.4973,Alluvial Sandy Silt,31.11,106.09,2620.9,36.6,0.587,9.3,1,0.418,1,179.6
KAG-NER-02589,Assam,26.8677,92.4235,Rocky Phyllite,17.1,92.02,2568.7,41.7,0.389,8.4,2,0.392,1,177.6
KAG-NER-02590,Manipur,24.8773,94.1641,Sedimentary Shale,38.98,175.18,453.8,19.5,0.497,10.9,5,0.392,1,157.5
KAG-NER-02591,Mizoram,23.819,92.8176,Sedimentary Shale,12.02,146.12,1448.6,27.1,0.743,7.8,7,0.48,1,163.1
KAG-NER-02592,Mizoram,23.3818,92.7136,Sedimentary Shale,60.19,208.7,332.6,31.9,0.376,8.9,2,0.532,1,150.6
KAG-NER-02593,Meghalaya,25.676,91.4865,Alluvial Sandy Silt,9.9,33.57,2693.9,19.1,0.681,17.5,4,0.28,0,179.7
KAG-NER-02594,Meghalaya,25.8642,92.4742,Weathered Gneiss,6.57,36.39,665.4,45.4,0.119,12.2,0,0.256,0,133.1
KAG-NER-02595,Assam,26.0388,91.1131,Weathered Gneiss,57.96,180.44,617.0,41.0,0.829,19.5,5,0.591,1,204.8
KAG-NER-02596,Manipur,24.8826,93.482,Sedimentary Shale,46.76,103.96,2497.8,17.9,0.434,21.0,0,0.364,0,206.6
KAG-NER-02597,Arunachal Pradesh,26.9297,95.4989,Alluvial Sandy Silt,7.66,26.58,2712.6,26.3,0.542,20.4,2,0.274,0,195.6
KAG-NER-02598,Meghalaya,25.3042,92.6161,Clayey Loam,4.7,55.14,1977.6,15.2,0.376,7.1,0,0.153,0,124.6
KAG-NER-02599,Arunachal Pradesh,28.0479,94.9319,Sedimentary Shale,69.26,276.4,409.1,26.6,0.162,11.5,1,0.534,1,159.2
KAG-NER-02600,Assam,26.082,91.5539,Sedimentary Shale,56.95,169.53,1401.5,33.3,0.387,12.7,4,0.5,1,183.4
KAG-NER-02601,Nagaland,26.1298,93.6581,Weathered Gneiss,15.06,46.69,2301.2,9.4,0.719,19.0,6,0.247,0,158.0
KAG-NER-02602,Assam,26.2276,91.9466,Sedimentary Shale,40.79,138.91,1637.1,40.8,0.674,13.2,4,0.581,1,213.7
KAG-NER-02603,Manipur,24.2235,93.3283,Weathered Gneiss,5.04,17.27,440.7,29.7,0.725,7.1,2,0.317,0,105.1
KAG-NER-02604,Arunachal Pradesh,28.1617,92.2524,Clayey Loam,26.88,108.4,547.5,45.6,0.617,13.0,3,0.482,1,169.5
KAG-NER-02605,Assam,25.8398,93.3321,Clayey Loam,0.72,55.33,2430.5,7.0,0.77,2.9,4,0.276,0,133.3
KAG-NER-02606,Meghalaya,25.9784,91.0612,Sedimentary Shale,18.88,65.63,1513.5,39.3,0.339,18.7,2,0.349,0,180.1
KAG-NER-02607,Assam,25.9661,93.0667,Sedimentary Shale,2.96,26.96,1999.9,37.7,0.623,13.3,4,0.323,0,161.7
KAG-NER-02608,Arunachal Pradesh,28.3502,95.0283,Weathered Gneiss,24.5,109.39,1094.7,11.3,0.375,15.0,2,0.22,0,132.5
KAG-NER-02609,Manipur,24.8715,93.5041,Sedimentary Shale,20.81,64.16,1528.4,19.4,0.242,6.0,0,0.242,0,102.6
KAG-NER-02610,Assam,26.5586,90.9106,Sedimentary Shale,22.33,66.07,2737.7,41.4,0.571,13.2,5,0.458,1,208.4
KAG-NER-02611,Mizoram,23.8184,93.0976,Sedimentary Shale,1.76,32.23,976.8,26.7,0.359,12.6,1,0.216,0,124.4
KAG-NER-02612,Assam,27.151,91.6718,Weathered Gneiss,17.06,90.11,1915.4,22.1,0.759,14.4,5,0.313,0,166.1
KAG-NER-02613,Assam,25.8258,92.9552,Alluvial Sandy Silt,53.68,176.38,549.2,42.2,0.316,18.9,3,0.566,1,200.1
KAG-NER-02614,Manipur,24.9895,94.2647,Alluvial Sandy Silt,17.49,61.81,411.1,9.7,0.171,17.3,1,0.21,0,118.3
KAG-NER-02615,Arunachal Pradesh,27.21,92.6779,Sedimentary Shale,47.72,132.37,2211.5,24.9,0.491,12.9,4,0.452,1,191.8
KAG-NER-02616,Assam,26.5176,91.9877,Clayey Loam,17.53,43.41,2376.0,32.1,0.551,19.9,4,0.347,0,192.9
KAG-NER-02617,Arunachal Pradesh,28.2768,93.6319,Sedimentary Shale,20.91,71.48,1897.8,30.3,0.194,9.2,0,0.307,0,140.8
KAG-NER-02618,Arunachal Pradesh,28.1793,94.1128,Weathered Gneiss,31.53,74.26,510.3,16.6,0.473,11.9,2,0.242,0,128.4
KAG-NER-02619,Mizoram,23.9596,92.6659,Alluvial Sandy Silt,114.36,328.6,734.4,28.5,0.197,15.0,1,0.66,1,208.3
KAG-NER-02620,Arunachal Pradesh,28.2303,92.7356,Sedimentary Shale,4.38,17.07,2558.4,34.3,0.192,10.8,1,0.259,0,160.4
KAG-NER-02621,Manipur,24.7645,93.3424,Alluvial Sandy Silt,1.27,26.25,865.3,29.4,0.313,9.2,2,0.245,0,110.6
KAG-NER-02622,Tripura,23.7706,91.4818,Clayey Loam,35.58,140.56,2307.3,33.4,0.388,4.2,5,0.464,1,166.7
KAG-NER-02623,Meghalaya,25.34,92.7142,Sedimentary Shale,113.16,248.9,857.7,16.2,0.625,14.7,1,0.709,1,219.7
KAG-NER-02624,Tripura,23.3921,92.0448,Weathered Gneiss,173.96,347.02,2635.3,39.3,0.314,5.9,2,0.864,2,253.2
KAG-NER-02625,Arunachal Pradesh,28.4747,91.5896,Sedimentary Shale,25.15,66.61,2567.3,24.0,0.458,4.8,3,0.337,0,154.4
KAG-NER-02626,Sikkim,27.5893,88.3023,Sedimentary Shale,23.99,70.98,197.7,45.5,0.269,5.6,0,0.378,0,102.7
KAG-NER-02627,Assam,25.8567,92.313,Sedimentary Shale,39.35,123.14,2175.5,6.9,0.607,15.8,1,0.318,0,165.2
KAG-NER-02628,Nagaland,26.7093,93.4176,Alluvial Sandy Silt,30.82,99.07,540.9,21.2,0.527,4.8,0,0.453,1,128.7
KAG-NER-02629,Meghalaya,25.6291,91.5036,Sedimentary Shale,38.2,111.16,665.5,13.2,0.596,21.5,2,0.291,0,168.4
KAG-NER-02630,Arunachal Pradesh,28.2974,91.878,Sedimentary Shale,78.72,156.49,1330.8,28.2,0.312,17.2,2,0.492,1,191.3
KAG-NER-02631,Nagaland,26.3541,94.4202,Sedimentary Shale,52.12,168.7,1647.6,15.7,0.324,9.9,1,0.376,0,161.5
KAG-NER-02632,Manipur,24.9367,94.5077,Sedimentary Shale,26.1,84.09,966.2,35.5,0.144,13.9,0,0.329,0,151.1
KAG-NER-02633,Assam,26.9523,90.6889,Sedimentary Shale,23.55,149.81,1645.0,41.3,0.37,2.2,2,0.363,0,137.5
KAG-NER-02634,Assam,26.4595,92.2908,Alluvial Sandy Silt,38.78,138.31,544.2,14.4,0.321,18.9,4,0.286,0,161.3
KAG-NER-02635,Manipur,24.4342,93.7221,Rocky Phyllite,23.11,71.25,140.8,12.4,0.186,7.4,4,0.206,0,85.6
KAG-NER-02636,Nagaland,25.9379,94.0485,Weathered Gneiss,23.26,85.84,1633.7,41.0,0.2,3.4,1,0.305,0,117.3
KAG-NER-02637,Sikkim,27.7855,88.1709,Alluvial Sandy Silt,0.62,2.94,1487.4,20.5,0.407,17.2,1,0.225,0,136.4
KAG-NER-02638,Manipur,25.2911,93.7684,Clayey Loam,7.27,20.71,1955.9,23.4,0.419,8.6,1,0.256,0,142.3
KAG-NER-02639,Sikkim,27.5366,88.7641,Weathered Gneiss,25.48,97.92,1847.5,14.8,0.504,13.4,1,0.241,0,155.5
KAG-NER-02640,Manipur,24.5046,93.6887,Weathered Gneiss,65.73,174.34,2521.2,23.0,0.33,18.9,2,0.45,1,218.8
KAG-NER-02641,Arunachal Pradesh,27.5552,93.1863,Rocky Phyllite,12.42,41.65,1329.8,15.3,0.728,17.5,6,0.296,0,163.3
KAG-NER-02642,Assam,27.0957,94.2302,Rocky Phyllite,28.1,85.74,102.8,32.6,0.765,8.7,5,0.388,1,111.2
KAG-NER-02643,Manipur,24.1526,93.173,Sedimentary Shale,16.08,65.48,1795.4,26.0,0.411,19.4,5,0.233,0,160.8
KAG-NER-02644,Nagaland,25.999,93.548,Alluvial Sandy Silt,4.21,15.44,1916.4,37.5,0.529,9.8,1,0.276,0,131.2
KAG-NER-02645,Assam,26.6667,91.1466,Alluvial Sandy Silt,120.73,359.02,1498.5,18.5,0.112,12.0,1,0.761,2,234.8
KAG-NER-02646,Arunachal Pradesh,27.7358,91.5325,Alluvial Sandy Silt,73.29,140.83,1954.9,26.2,0.356,14.2,2,0.518,1,201.5
KAG-NER-02647,Sikkim,27.3216,88.6418,Clayey Loam,3.11,21.21,960.1,16.4,0.175,3.4,0,0.115,0,77.3
KAG-NER-02648,Meghalaya,25.5356,92.7435,Alluvial Sandy Silt,48.34,105.34,484.8,43.4,0.114,13.9,0,0.375,0,145.9
KAG-NER-02649,Meghalaya,25.8867,91.1336,Weathered Gneiss,16.23,60.78,1887.6,26.9,0.597,13.5,4,0.302,0,162.5
KAG-NER-02650,Meghalaya,25.1409,92.3986,Clayey Loam,200.21,529.28,746.9,12.9,0.132,19.5,1,0.997,2,288.1
KAG-NER-02651,Assam,27.0757,94.1928,Sedimentary Shale,13.68,41.8,1321.2,16.9,0.769,9.1,9,0.381,1,158.8
KAG-NER-02652,Arunachal Pradesh,27.1047,95.9906,Alluvial Sandy Silt,10.37,28.13,1417.2,9.3,0.548,6.8,2,0.168,0,111.3
KAG-NER-02653,Arunachal Pradesh,27.3137,94.7589,Alluvial Sandy Silt,31.88,96.52,1378.0,7.1,0.615,11.5,8,0.314,0,142.2
KAG-NER-02654,Assam,27.0712,91.5606,Clayey Loam,68.5,244.12,1707.8,27.0,0.194,15.7,0,0.498,1,203.2
KAG-NER-02655,Manipur,25.2716,93.4952,Rocky Phyllite,8.13,25.46,160.1,19.5,0.683,13.2,7,0.322,0,135.7
KAG-NER-02656,Arunachal Pradesh,28.4623,92.7657,Alluvial Sandy Silt,46.96,91.85,2771.9,44.6,0.056,4.8,0,0.365,0,150.2
KAG-NER-02657,Mizoram,24.2302,92.3589,Weathered Gneiss,2.41,15.33,2028.4,12.9,0.925,9.0,3,0.305,0,149.2
KAG-NER-02658,Mizoram,23.8639,92.8853,Alluvial Sandy Silt,95.48,224.27,1237.1,37.8,0.391,3.3,2,0.596,1,161.5
KAG-NER-02659,Assam,26.469,91.5057,Alluvial Sandy Silt,3.21,66.44,600.4,18.6,0.415,16.8,3,0.269,0,148.5
KAG-NER-02660,Nagaland,26.3878,93.6862,Alluvial Sandy Silt,93.33,255.38,298.1,14.9,0.644,19.7,4,0.57,1,201.8
KAG-NER-02661,Meghalaya,25.5976,90.8584,Sedimentary Shale,25.65,94.01,1908.4,44.8,0.91,2.9,4,0.52,1,149.4
KAG-NER-02662,Tripura,24.3467,91.1344,Weathered Gneiss,22.59,86.09,942.1,38.1,0.457,12.5,2,0.37,0,144.8
KAG-NER-02663,Assam,26.0796,91.5904,Weathered Gneiss,137.69,421.61,704.2,31.2,0.225,13.3,1,0.902,2,258.0
KAG-NER-02664,Nagaland,25.9797,93.7491,Sedimentary Shale,176.49,513.64,1113.5,33.9,0.159,10.8,0,1.02,2,276.2
KAG-NER-02665,Nagaland,26.0879,94.7087,Alluvial Sandy Silt,39.91,132.08,1692.8,45.7,0.614,12.1,4,0.522,1,183.5
KAG-NER-02666,Arunachal Pradesh,28.0393,94.1098,Clayey Loam,5.17,33.73,1907.0,29.7,0.713,16.2,3,0.294,0,160.4
KAG-NER-02667,Assam,25.9246,93.623,Rocky Phyllite,26.81,81.77,1834.9,10.1,0.245,11.7,0,0.273,0,146.9
KAG-NER-02668,Nagaland,25.633,94.5796,Weathered Gneiss,28.62,98.89,2428.1,8.6,0.334,20.4,1,0.111,0,159.5
KAG-NER-02669,Manipur,24.3501,93.6673,Clayey Loam,27.45,62.09,675.0,32.7,0.252,12.8,1,0.341,0,135.8
KAG-NER-02670,Arunachal Pradesh,27.4608,95.3647,Alluvial Sandy Silt,32.03,80.36,1811.9,32.3,0.253,3.4,3,0.306,0,119.1
KAG-NER-02671,Nagaland,25.5772,94.2485,Sedimentary Shale,0.72,27.67,355.0,35.9,0.646,21.1,4,0.421,1,170.8
KAG-NER-02672,Arunachal Pradesh,27.1273,94.6716,Sedimentary Shale,47.2,182.37,1570.4,10.4,0.276,4.9,2,0.456,1,169.1
KAG-NER-02673,Manipur,25.2671,93.6954,Alluvial Sandy Silt,47.35,134.33,1668.4,43.8,0.529,17.7,5,0.532,1,210.6
KAG-NER-02674,Assam,26.4833,94.6734,Sedimentary Shale,4.66,35.43,668.2,28.0,0.372,12.5,1,0.236,0,111.4
KAG-NER-02675,Tripura,23.8252,91.6851,Weathered Gneiss,32.09,133.14,1145.4,32.0,0.65,16.8,3,0.463,1,189.7
KAG-NER-02676,Arunachal Pradesh,27.8253,94.6015,Weathered Gneiss,31.93,83.82,2330.0,7.4,0.856,12.3,8,0.318,0,167.0
KAG-NER-02677,Arunachal Pradesh,27.071,95.195,Clayey Loam,43.59,107.27,483.7,44.4,0.437,3.2,0,0.456,1,113.4
KAG-NER-02678,Assam,26.4097,90.8256,Alluvial Sandy Silt,3.39,19.39,1261.9,28.5,0.739,9.5,1,0.321,0,133.0
KAG-NER-02679,Assam,26.9007,92.1963,Clayey Loam,37.42,118.02,2617.0,28.5,0.607,14.4,5,0.461,1,208.5
KAG-NER-02680,Meghalaya,25.1903,91.8478,Clayey Loam,12.52,50.05,1451.2,43.7,0.689,14.6,3,0.427,1,181.0
KAG-NER-02681,Arunachal Pradesh,28.3082,95.4949,Rocky Phyllite,26.88,91.04,2052.4,43.2,0.313,21.5,5,0.418,1,216.3
KAG-NER-02682,Mizoram,24.2365,93.2545,Clayey Loam,56.4,119.1,2329.1,14.8,0.665,14.1,1,0.398,1,181.7
KAG-NER-02683,Assam,25.803,92.2111,Sedimentary Shale,46.47,160.49,634.3,43.2,0.806,7.7,3,0.563,1,165.7
KAG-NER-02684,Arunachal Pradesh,28.2097,93.1481,Rocky Phyllite,4.81,68.52,673.6,35.5,0.736,2.9,4,0.347,0,110.2
KAG-NER-02685,Arunachal Pradesh,27.8625,94.2284,Weathered Gneiss,33.99,95.37,2143.4,6.8,0.876,17.8,7,0.387,1,188.1
KAG-NER-02686,Assam,26.311,94.5701,Alluvial Sandy Silt,132.15,429.43,2129.0,15.6,0.329,19.8,2,0.762,2,268.6
KAG-NER-02687,Assam,26.5045,92.5915,Rocky Phyllite,6.48,43.32,243.7,22.5,0.508,14.3,5,0.268,0,118.3
KAG-NER-02688,Arunachal Pradesh,28.496,93.7208,Sedimentary Shale,72.83,161.64,957.2,29.3,0.509,11.6,3,0.547,1,180.7
KAG-NER-02689,Meghalaya,25.2606,91.534,Clayey Loam,46.08,100.91,1164.0,34.1,0.258,19.2,2,0.399,1,184.7
KAG-NER-02690,Arunachal Pradesh,28.2024,94.9959,Rocky Phyllite,56.51,153.12,2335.0,14.4,0.82,6.8,12,0.482,1,179.0
KAG-NER-02691,Meghalaya,25.8097,92.0409,Clayey Loam,12.59,66.32,1227.5,39.5,0.456,10.0,1,0.417,1,142.7
KAG-NER-02692,Nagaland,25.7559,94.6931,Clayey Loam,12.9,81.39,2598.5,39.8,0.359,12.2,1,0.39,1,195.2
KAG-NER-02693,Assam,27.0508,91.3737,Sedimentary Shale,89.86,294.46,2790.8,31.4,0.658,3.0,4,0.702,1,209.5
KAG-NER-02694,Meghalaya,25.2174,92.7366,Weathered Gneiss,16.95,62.86,2203.6,42.8,0.424,15.8,4,0.365,0,197.3
KAG-NER-02695,Sikkim,27.7078,88.8146,Clayey Loam,2.47,15.59,1892.6,38.5,0.402,5.8,4,0.331,0,146.6
KAG-NER-02696,Meghalaya,25.8977,91.6084,Sedimentary Shale,34.88,115.66,1146.0,14.9,0.171,8.7,0,0.286,0,113.8
KAG-NER-02697,Nagaland,26.305,94.218,Clayey Loam,5.07,69.3,262.3,37.9,0.112,10.3,0,0.261,0,107.3
KAG-NER-02698,Arunachal Pradesh,26.9819,94.8548,Sedimentary Shale,60.52,221.34,1638.9,44.1,0.308,14.8,3,0.53,1,212.8
KAG-NER-02699,Manipur,24.7075,94.0363,Alluvial Sandy Silt,39.01,95.56,1063.8,11.5,0.086,3.3,0,0.302,0,109.4
KAG-NER-02700,Manipur,24.7037,93.7869,Sedimentary Shale,78.94,282.37,1034.4,45.1,0.45,8.8,1,0.657,1,177.7
KAG-NER-02701,Meghalaya,25.2546,90.9247,Sedimentary Shale,58.38,125.2,1950.6,7.0,0.473,7.5,5,0.367,0,151.2
KAG-NER-02702,Sikkim,27.2112,88.2565,Alluvial Sandy Silt,4.52,92.41,1341.1,26.9,0.358,2.0,2,0.356,0,123.0
KAG-NER-02703,Assam,27.1622,91.189,Alluvial Sandy Silt,18.23,91.89,2125.7,37.0,0.336,15.8,1,0.347,0,195.1
KAG-NER-02704,Assam,26.177,93.1577,Sedimentary Shale,56.61,196.32,1163.0,37.6,0.686,6.7,5,0.596,1,173.9
KAG-NER-02705,Manipur,24.8543,93.2464,Sedimentary Shale,20.53,90.21,490.3,35.4,0.216,5.3,2,0.367,0,98.3
KAG-NER-02706,Mizoram,23.9906,93.1637,Weathered Gneiss,136.37,343.56,1334.9,27.2,0.741,18.0,2,0.8,2,275.5
KAG-NER-02707,Assam,26.1322,91.799,Clayey Loam,50.57,140.67,2666.8,32.0,0.823,2.8,5,0.477,1,170.3
KAG-NER-02708,Arunachal Pradesh,28.4008,95.2155,Sedimentary Shale,0.59,27.81,2260.1,34.0,0.227,20.0,2,0.222,0,187.6
KAG-NER-02709,Assam,26.7769,90.87,Alluvial Sandy Silt,80.57,187.73,639.6,25.8,0.596,15.7,2,0.574,1,189.6
KAG-NER-02710,Arunachal Pradesh,27.5692,94.0169,Weathered Gneiss,4.04,9.55,1144.3,29.8,0.368,5.4,2,0.242,0,107.1
KAG-NER-02711,Manipur,24.2624,93.7172,Rocky Phyllite,5.75,35.28,2603.6,39.9,0.424,9.0,1,0.379,0,168.3
KAG-NER-02712,Meghalaya,25.6409,91.0512,Sedimentary Shale,50.39,157.13,416.5,18.5,0.816,21.0,5,0.448,1,176.5
KAG-NER-02713,Arunachal Pradesh,28.1495,95.282,Sedimentary Shale,76.09,250.69,770.7,26.9,0.229,14.4,2,0.531,1,196.1
KAG-NER-02714,Arunachal Pradesh,27.4178,95.274,Sedimentary Shale,29.21,104.67,793.2,6.3,0.269,14.2,1,0.289,0,142.8
KAG-NER-02715,Assam,25.945,94.2698,Clayey Loam,12.96,43.87,1632.9,33.5,0.601,15.1,4,0.338,0,166.2
KAG-NER-02716,Arunachal Pradesh,27.1444,91.8732,Rocky Phyllite,16.45,34.99,1197.2,13.8,0.722,11.3,5,0.356,0,154.0
KAG-NER-02717,Nagaland,26.2985,94.1079,Clayey Loam,15.96,77.12,297.2,25.2,0.883,5.3,5,0.386,1,105.7
KAG-NER-02718,Sikkim,27.7355,88.3906,Alluvial Sandy Silt,15.03,33.8,1791.4,14.4,0.23,5.0,1,0.149,0,97.9
KAG-NER-02719,Mizoram,23.2307,92.8508,Sedimentary Shale,10.57,23.03,349.5,6.9,0.8,15.7,11,0.234,0,121.7
KAG-NER-02720,Assam,26.4383,92.0499,Sedimentary Shale,35.67,89.09,1729.4,25.3,0.636,19.7,4,0.411,1,192.9
KAG-NER-02721,Tripura,24.0325,92.0115,Rocky Phyllite,87.65,256.72,1459.1,23.0,0.296,8.0,0,0.546,1,169.5
KAG-NER-02722,Manipur,25.1942,94.5566,Alluvial Sandy Silt,13.94,59.28,1422.8,23.0,0.284,12.1,4,0.263,0,121.5
KAG-NER-02723,Manipur,24.3733,94.1457,Weathered Gneiss,7.85,32.34,263.6,14.4,0.424,21.8,1,0.192,0,125.2
KAG-NER-02724,Meghalaya,25.4548,91.9604,Alluvial Sandy Silt,69.3,169.79,1818.7,43.9,0.416,7.1,2,0.636,1,213.3
KAG-NER-02725,Arunachal Pradesh,27.6616,95.972,Sedimentary Shale,51.45,187.22,1253.2,6.1,0.438,9.8,2,0.392,1,135.2
KAG-NER-02726,Arunachal Pradesh,28.0662,95.7862,Clayey Loam,101.51,318.51,1198.2,41.7,0.377,9.3,1,0.748,2,213.7
KAG-NER-02727,Assam,26.969,94.5631,Alluvial Sandy Silt,6.88,23.42,1702.3,35.5,0.238,2.7,3,0.245,0,106.8
KAG-NER-02728,Assam,26.9402,92.5662,Weathered Gneiss,5.92,12.34,1729.0,12.9,0.245,12.2,1,0.168,0,123.9
KAG-NER-02729,Assam,26.1525,92.1664,Weathered Gneiss,29.63,67.68,120.9,24.9,0.351,6.2,6,0.313,0,103.4
KAG-NER-02730,Meghalaya,25.1182,91.5624,Clayey Loam,36.22,82.74,420.6,45.6,0.447,4.6,2,0.443,1,119.6
KAG-NER-02731,Manipur,24.7071,93.8404,Weathered Gneiss,24.86,68.11,723.3,31.7,0.464,16.2,5,0.329,0,156.4
KAG-NER-02732,Meghalaya,25.9766,92.5698,Sedimentary Shale,34.72,78.04,1924.1,11.1,0.359,17.3,2,0.292,0,176.5
KAG-NER-02733,Assam,26.0264,92.16,Sedimentary Shale,7.56,57.05,1648.7,24.3,0.312,19.8,3,0.223,0,151.1
KAG-NER-02734,Sikkim,27.3968,88.3884,Sedimentary Shale,24.82,57.37,2140.8,24.7,0.34,20.7,1,0.279,0,195.8
KAG-NER-02735,Sikkim,27.6589,88.5192,Weathered Gneiss,40.78,154.95,2094.5,38.1,0.149,19.4,0,0.448,1,210.5
KAG-NER-02736,Manipur,24.8009,94.3648,Alluvial Sandy Silt,21.54,64.45,2400.7,42.6,0.448,4.4,3,0.442,1,150.5
KAG-NER-02737,Sikkim,27.6641,88.2058,Rocky Phyllite,43.23,124.89,1104.9,9.3,0.346,6.5,4,0.33,0,126.0
KAG-NER-02738,Meghalaya,25.7425,91.3321,Clayey Loam,22.8,64.62,1018.6,18.6,0.142,4.4,0,0.255,0,96.5
KAG-NER-02739,Sikkim,27.3063,88.14,Alluvial Sandy Silt,15.42,40.72,2340.4,17.9,0.713,9.1,1,0.326,0,171.1
KAG-NER-02740,Assam,26.4821,92.0995,Clayey Loam,13.75,46.9,726.3,45.8,0.483,4.5,2,0.392,1,127.3
KAG-NER-02741,Arunachal Pradesh,27.3024,94.626,Clayey Loam,20.11,110.1,1334.4,28.4,0.532,15.1,4,0.39,1,162.4
KAG-NER-02742,Assam,26.8773,91.6016,Alluvial Sandy Silt,0.89,20.29,608.6,41.2,0.542,16.3,5,0.404,1,168.5
KAG-NER-02743,Assam,25.8692,94.3194,Sedimentary Shale,41.96,166.8,2565.6,23.0,0.773,5.2,5,0.479,1,172.6
KAG-NER-02744,Assam,25.8139,94.717,Sedimentary Shale,70.87,235.12,1189.2,34.9,0.483,14.4,3,0.561,1,183.4
KAG-NER-02745,Nagaland,26.2787,93.8828,Weathered Gneiss,16.64,44.39,658.0,17.5,0.219,2.5,1,0.101,0,49.5
KAG-NER-02746,Manipur,24.3451,93.0144,Rocky Phyllite,1.79,9.53,1962.3,42.5,0.522,10.7,2,0.405,1,160.0
KAG-NER-02747,Meghalaya,25.3119,90.5581,Weathered Gneiss,164.38,532.63,745.4,24.2,0.103,7.7,0,0.985,2,243.2
KAG-NER-02748,Assam,26.657,91.2495,Clayey Loam,11.63,64.59,2646.3,38.1,0.467,22.0,1,0.318,0,225.2
KAG-NER-02749,Mizoram,23.5929,92.9491,Clayey Loam,5.14,56.18,1079.9,16.2,0.25,20.5,1,0.235,0,154.6
KAG-NER-02750,Nagaland,25.8173,93.4526,Alluvial Sandy Silt,17.54,57.33,1887.8,33.7,0.334,5.0,1,0.359,0,143.2
KAG-NER-02751,Arunachal Pradesh,26.9596,91.6186,Sedimentary Shale,50.98,157.09,1019.1,22.2,0.477,20.3,5,0.463,1,187.6
KAG-NER-02752,Nagaland,26.4348,93.877,Sedimentary Shale,13.22,46.4,2275.7,7.3,0.58,10.4,3,0.236,0,140.0
KAG-NER-02753,Arunachal Pradesh,28.1741,93.4428,Clayey Loam,32.49,139.6,2519.6,22.5,0.242,13.5,3,0.307,0,178.8
KAG-NER-02754,Arunachal Pradesh,27.6248,93.808,Alluvial Sandy Silt,20.41,121.04,2223.1,28.0,0.29,12.7,0,0.337,0,170.1
KAG-NER-02755,Tripura,24.0556,91.4282,Weathered Gneiss,4.76,20.98,2387.9,12.1,0.684,16.5,3,0.237,0,163.3
KAG-NER-02756,Arunachal Pradesh,27.0945,94.0023,Sedimentary Shale,15.23,44.66,357.1,13.4,0.502,8.7,4,0.237,0,104.3
KAG-NER-02757,Meghalaya,25.3943,91.3505,Sedimentary Shale,49.04,156.04,2593.5,24.6,0.375,3.4,4,0.422,1,162.5
KAG-NER-02758,Tripura,23.9763,91.693,Sedimentary Shale,35.98,122.01,1778.1,19.7,0.412,10.4,2,0.404,1,181.6
KAG-NER-02759,Manipur,24.8684,93.8707,Alluvial Sandy Silt,4.85,47.5,2444.3,23.6,0.302,12.9,0,0.264,0,167.7
KAG-NER-02760,Assam,26.8357,93.6767,Weathered Gneiss,6.78,33.95,1941.7,24.4,0.193,13.1,1,0.236,0,137.6
KAG-NER-02761,Assam,26.5479,93.5551,Rocky Phyllite,38.9,138.6,629.0,11.6,0.454,17.9,4,0.376,0,162.4
KAG-NER-02762,Assam,27.023,92.4452,Rocky Phyllite,63.8,220.19,1738.0,13.2,0.33,2.9,2,0.447,1,136.0
KAG-NER-02763,Nagaland,25.9779,94.5464,Alluvial Sandy Silt,16.34,61.84,327.4,39.9,0.753,21.8,3,0.479,1,204.6
KAG-NER-02764,Meghalaya,25.6243,90.3846,Clayey Loam,34.38,113.71,1972.4,12.5,0.25,21.8,1,0.226,0,168.9
KAG-NER-02765,Assam,27.049,90.6385,Clayey Loam,7.11,55.94,1192.5,32.6,0.275,4.0,0,0.277,0,114.2
KAG-NER-02766,Sikkim,27.6239,88.707,Clayey Loam,14.18,63.87,492.7,22.7,0.164,8.9,0,0.254,0,110.6
KAG-NER-02767,Meghalaya,25.9578,90.3407,Weathered Gneiss,0.78,11.25,2743.5,44.7,0.89,13.8,5,0.433,1,198.9
KAG-NER-02768,Assam,26.6356,92.4253,Weathered Gneiss,55.56,109.52,2530.9,8.6,0.465,9.5,2,0.359,0,172.6
KAG-NER-02769,Meghalaya,25.3976,90.4348,Sedimentary Shale,19.48,52.05,2510.4,39.2,0.283,11.8,1,0.372,0,182.3
KAG-NER-02770,Nagaland,26.1877,94.1186,Rocky Phyllite,64.35,162.1,2225.6,25.7,0.251,8.5,0,0.502,1,193.7
KAG-NER-02771,Assam,25.9464,93.2562,Clayey Loam,46.83,139.57,1962.2,6.2,0.072,16.2,1,0.212,0,155.3
KAG-NER-02772,Arunachal Pradesh,28.0807,94.9528,Sedimentary Shale,67.05,179.56,1861.8,16.5,0.691,9.3,8,0.518,1,179.4
KAG-NER-02773,Mizoram,24.1581,92.7504,Sedimentary Shale,12.78,54.33,368.6,22.3,0.728,10.6,4,0.297,0,119.2
KAG-NER-02774,Meghalaya,25.9578,92.4501,Alluvial Sandy Silt,7.78,57.13,2529.5,18.6,0.66,13.5,3,0.327,0,182.9
KAG-NER-02775,Meghalaya,25.3669,90.6141,Weathered Gneiss,135.74,445.72,2476.7,20.5,0.181,21.4,3,0.803,2,288.5
KAG-NER-02776,Meghalaya,25.4919,91.2449,Sedimentary Shale,48.01,166.45,2114.2,42.7,0.307,14.8,3,0.467,1,182.2
KAG-NER-02777,Assam,26.606,93.1252,Clayey Loam,68.25,181.26,2602.3,20.4,0.229,3.9,0,0.436,1,171.1
KAG-NER-02778,Assam,26.85,92.7945,Sedimentary Shale,0.5,39.07,1584.4,22.8,0.547,8.4,2,0.192,0,116.5
KAG-NER-02779,Meghalaya,25.1943,92.4316,Weathered Gneiss,16.63,69.08,1297.6,36.4,0.297,10.4,1,0.368,0,151.3
KAG-NER-02780,Assam,26.2337,94.8708,Rocky Phyllite,51.6,153.47,2712.8,37.8,0.444,16.8,4,0.486,1,235.1
KAG-NER-02781,Assam,25.965,94.8121,Clayey Loam,3.09,30.2,1342.4,9.4,0.294,10.9,3,0.089,0,104.9
KAG-NER-02782,Mizoram,22.9365,92.5541,Weathered Gneiss,31.84,74.71,1824.4,34.2,0.544,15.2,5,0.394,1,191.9
KAG-NER-02783,Sikkim,27.1326,88.6641,Rocky Phyllite,21.3,84.06,1094.7,25.3,0.456,18.8,2,0.351,0,176.7
KAG-NER-02784,Manipur,25.1904,93.6945,Rocky Phyllite,0.68,56.63,1810.8,11.4,0.256,4.1,0,0.162,0,98.4
KAG-NER-02785,Mizoram,24.1928,92.9493,Sedimentary Shale,10.23,43.42,2038.7,16.6,0.121,17.3,0,0.142,0,136.4
KAG-NER-02786,Assam,26.682,94.3044,Sedimentary Shale,12.74,57.2,1779.1,7.8,0.803,16.9,10,0.266,0,174.9
KAG-NER-02787,Sikkim,27.3078,88.3834,Weathered Gneiss,4.51,14.0,1479.6,20.4,0.765,18.4,4,0.264,0,159.2
KAG-NER-02788,Assam,27.0683,94.5543,Rocky Phyllite,37.94,144.31,896.3,16.2,0.401,21.1,2,0.315,0,162.8
KAG-NER-02789,Sikkim,27.7835,88.8215,Clayey Loam,10.55,61.54,1831.3,21.3,0.421,8.2,3,0.185,0,121.9
KAG-NER-02790,Sikkim,27.1892,88.759,Sedimentary Shale,12.36,55.67,2550.9,29.2,0.295,10.6,1,0.273,0,143.5
KAG-NER-02791,Manipur,24.5738,94.5853,Weathered Gneiss,86.83,285.05,98.8,35.3,0.527,7.3,1,0.711,1,169.6
KAG-NER-02792,Sikkim,27.4306,88.5431,Alluvial Sandy Silt,23.92,121.34,444.3,30.2,0.352,8.5,1,0.363,0,116.5
KAG-NER-02793,Meghalaya,25.5768,91.0365,Sedimentary Shale,18.92,51.44,405.8,33.1,0.526,8.6,0,0.434,1,129.0
KAG-NER-02794,Arunachal Pradesh,27.02,95.5304,Alluvial Sandy Silt,48.9,115.71,2591.1,40.6,0.246,19.4,0,0.425,1,235.1
KAG-NER-02795,Meghalaya,25.8224,90.5628,Weathered Gneiss,91.34,313.9,1882.7,41.0,0.261,3.3,0,0.693,1,196.1
KAG-NER-02796,Nagaland,26.4875,94.3388,Sedimentary Shale,0.96,41.21,2668.9,40.4,0.359,6.1,4,0.325,0,149.2
KAG-NER-02797,Assam,26.3728,91.6431,Weathered Gneiss,22.6,98.82,1665.3,12.1,0.495,14.2,0,0.301,0,156.5
KAG-NER-02798,Nagaland,26.6036,94.4503,Rocky Phyllite,35.86,87.64,1335.9,16.0,0.787,17.3,5,0.374,0,181.5
KAG-NER-02799,Sikkim,27.4834,88.5877,Rocky Phyllite,14.57,84.12,2235.2,26.1,0.568,15.9,3,0.336,0,167.2
KAG-NER-02800,Assam,25.9275,92.6326,Rocky Phyllite,56.25,153.44,517.8,20.3,0.545,2.9,0,0.448,1,120.0
KAG-NER-02801,Manipur,24.2712,93.3334,Rocky Phyllite,135.17,247.45,1117.2,11.3,0.503,11.1,4,0.676,1,201.3
KAG-NER-02802,Tripura,23.9936,92.1935,Sedimentary Shale,109.14,368.62,1348.3,17.5,0.368,5.7,2,0.651,1,188.0
KAG-NER-02803,Sikkim,27.3826,88.2662,Clayey Loam,11.75,35.23,891.8,45.0,0.281,21.8,2,0.237,0,145.8
KAG-NER-02804,Sikkim,27.5541,88.7969,Sedimentary Shale,9.75,34.18,1089.9,19.9,0.408,22.0,1,0.215,0,154.4
KAG-NER-02805,Meghalaya,25.7735,92.4588,Clayey Loam,120.01,402.68,292.4,22.8,0.199,3.0,0,0.789,2,178.1
KAG-NER-02806,Sikkim,27.4756,88.7015,Weathered Gneiss,23.32,70.47,618.5,6.3,0.566,15.4,5,0.281,0,124.2
KAG-NER-02807,Manipur,24.1961,93.5572,Sedimentary Shale,8.88,31.66,992.6,34.8,0.583,18.3,5,0.271,0,166.0
KAG-NER-02808,Assam,26.3454,92.8008,Weathered Gneiss,46.65,109.74,2244.8,22.5,0.19,8.5,0,0.365,0,164.6
KAG-NER-02809,Meghalaya,25.9362,92.4732,Weathered Gneiss,12.72,36.76,576.4,10.1,0.148,15.9,2,0.145,0,116.7
KAG-NER-02810,Manipur,24.1883,93.2765,Alluvial Sandy Silt,11.82,36.76,1022.9,44.7,0.466,5.8,3,0.356,0,120.0
KAG-NER-02811,Assam,26.3007,91.8083,Alluvial Sandy Silt,80.33,216.4,256.6,37.1,0.263,4.6,3,0.537,1,137.8
KAG-NER-02812,Nagaland,26.2607,94.7542,Clayey Loam,6.74,46.09,1595.3,35.0,0.253,20.5,2,0.242,0,157.3
KAG-NER-02813,Nagaland,26.7472,94.3804,Weathered Gneiss,2.53,48.55,1742.6,44.3,0.364,14.9,5,0.313,0,158.1
KAG-NER-02814,Assam,26.9734,92.8634,Alluvial Sandy Silt,11.92,68.25,2434.2,22.3,0.316,18.3,2,0.325,0,186.1
KAG-NER-02815,Meghalaya,25.2875,91.5642,Clayey Loam,35.48,102.12,2308.0,34.7,0.104,12.7,1,0.376,0,182.1
KAG-NER-02816,Manipur,24.7771,94.1879,Sedimentary Shale,4.99,43.04,856.2,14.2,0.363,5.1,0,0.158,0,92.8
KAG-NER-02817,Meghalaya,25.2979,91.1576,Weathered Gneiss,24.24,69.37,452.5,33.9,0.763,9.5,3,0.407,1,140.7
KAG-NER-02818,Assam,26.3096,94.8175,Clayey Loam,37.51,77.38,504.5,6.6,0.533,19.6,4,0.281,0,161.6
KAG-NER-02819,Assam,26.4215,93.8979,Alluvial Sandy Silt,71.77,212.3,2715.6,11.1,0.454,2.3,7,0.448,1,171.5
KAG-NER-02820,Arunachal Pradesh,28.1013,92.6949,Weathered Gneiss,9.93,55.29,1911.2,23.0,0.517,6.1,2,0.282,0,133.1
KAG-NER-02821,Tripura,23.8862,92.1732,Sedimentary Shale,64.61,168.36,195.8,6.5,0.735,7.1,3,0.445,1,118.8
KAG-NER-02822,Assam,26.4653,94.753,Sedimentary Shale,10.17,50.61,452.0,24.5,0.269,7.3,1,0.24,0,96.2
KAG-NER-02823,Nagaland,25.7002,93.5112,Sedimentary Shale,42.92,121.78,1401.4,26.9,0.712,4.0,8,0.384,1,126.3
KAG-NER-02824,Assam,27.048,94.3146,Sedimentary Shale,21.41,106.37,645.3,30.9,0.72,19.0,4,0.456,1,187.8
KAG-NER-02825,Arunachal Pradesh,28.4881,94.5573,Weathered Gneiss,4.63,31.16,2266.0,10.0,0.291,5.2,0,0.119,0,92.3
KAG-NER-02826,Mizoram,24.205,93.2096,Sedimentary Shale,47.6,193.66,1639.2,13.2,0.287,18.6,2,0.409,1,191.9
KAG-NER-02827,Manipur,25.1822,93.9106,Sedimentary Shale,9.33,58.8,1746.4,30.5,0.391,9.1,3,0.383,1,156.0
KAG-NER-02828,Assam,26.3353,94.7055,Clayey Loam,7.38,31.08,1338.9,32.3,0.69,11.1,5,0.281,0,149.2
KAG-NER-02829,Arunachal Pradesh,27.5914,93.9247,Sedimentary Shale,16.86,38.7,776.5,7.0,0.488,11.3,2,0.204,0,100.1
KAG-NER-02830,Assam,26.4246,93.0417,Alluvial Sandy Silt,40.25,124.35,1683.2,27.6,0.353,16.3,1,0.375,0,188.1
KAG-NER-02831,Meghalaya,25.5235,90.3247,Sedimentary Shale,10.13,33.04,2030.2,37.4,0.466,16.6,5,0.343,0,188.3
KAG-NER-02832,Nagaland,26.6349,94.0666,Weathered Gneiss,7.71,24.92,1089.0,8.8,0.342,14.8,1,0.064,0,99.4
KAG-NER-02833,Assam,26.6245,91.1263,Sedimentary Shale,0.38,14.45,1453.4,22.5,0.683,17.5,2,0.246,0,156.9
KAG-NER-02834,Arunachal Pradesh,26.9054,92.6038,Sedimentary Shale,24.24,121.36,2363.9,19.1,0.625,2.2,1,0.331,0,132.7
KAG-NER-02835,Arunachal Pradesh,28.0273,91.9464,Rocky Phyllite,21.27,86.69,484.4,42.5,0.42,12.1,2,0.473,1,156.3
KAG-NER-02836,Tripura,24.2907,91.358,Weathered Gneiss,10.12,58.03,1563.0,13.4,0.215,12.5,2,0.25,0,144.8
KAG-NER-02837,Sikkim,27.2432,88.2452,Weathered Gneiss,2.1,4.45,1027.7,18.7,0.801,6.8,5,0.25,0,127.0
KAG-NER-02838,Assam,25.8196,93.9731,Sedimentary Shale,21.31,54.05,1991.6,41.9,0.587,13.1,1,0.37,0,181.0
KAG-NER-02839,Manipur,25.225,93.9827,Weathered Gneiss,58.98,194.07,131.2,19.2,0.417,11.3,0,0.422,1,137.9
KAG-NER-02840,Arunachal Pradesh,27.2011,92.7838,Alluvial Sandy Silt,47.74,96.48,1903.7,27.3,0.383,11.4,1,0.395,1,181.5
KAG-NER-02841,Arunachal Pradesh,27.6615,95.7946,Weathered Gneiss,74.93,286.91,359.9,7.3,0.443,4.4,2,0.449,1,109.6
KAG-NER-02842,Manipur,24.3463,94.1706,Weathered Gneiss,0.37,55.29,256.2,45.4,0.561,10.7,6,0.4,1,129.0
KAG-NER-02843,Tripura,23.7273,91.4574,Sedimentary Shale,128.96,370.99,2051.0,39.0,0.463,17.3,3,0.846,2,280.7
KAG-NER-02844,Sikkim,27.4191,88.157,Weathered Gneiss,15.87,76.29,1821.7,31.4,0.328,10.2,0,0.328,0,142.8
KAG-NER-02845,Meghalaya,25.8188,90.8326,Clayey Loam,176.54,572.01,2514.2,8.4,0.091,11.7,1,0.897,2,275.6
KAG-NER-02846,Arunachal Pradesh,28.0607,91.8076,Sedimentary Shale,11.06,50.33,1493.5,9.0,0.325,21.4,1,0.227,0,151.6
KAG-NER-02847,Manipur,25.3371,93.3088,Weathered Gneiss,24.24,77.04,1521.7,27.8,0.82,19.4,5,0.44,1,188.8
KAG-NER-02848,Arunachal Pradesh,28.3124,95.1426,Weathered Gneiss,16.6,38.65,2003.1,17.4,0.338,20.6,1,0.233,0,172.4
KAG-NER-02849,Meghalaya,25.9711,91.4425,Sedimentary Shale,16.71,68.35,959.6,30.9,0.093,3.6,1,0.271,0,89.8
KAG-NER-02850,Arunachal Pradesh,28.0638,93.1682,Rocky Phyllite,70.18,216.39,180.4,29.9,0.615,14.4,3,0.512,1,168.3
KAG-NER-02851,Nagaland,25.6581,94.0646,Sedimentary Shale,52.14,175.95,705.7,39.5,0.675,6.5,4,0.587,1,164.5
KAG-NER-02852,Assam,26.032,94.9192,Alluvial Sandy Silt,184.2,354.72,727.4,17.3,0.269,10.1,1,0.848,2,228.2
KAG-NER-02853,Assam,25.9347,93.1515,Weathered Gneiss,36.13,106.54,993.0,29.1,0.609,15.6,3,0.423,1,166.3
KAG-NER-02854,Tripura,23.9518,91.7457,Sedimentary Shale,23.64,98.28,2646.2,37.1,0.519,13.6,3,0.481,1,219.2
KAG-NER-02855,Assam,26.7271,91.0228,Weathered Gneiss,3.59,83.21,2269.2,25.6,0.21,12.1,1,0.179,0,143.5
KAG-NER-02856,Meghalaya,25.5995,90.9468,Alluvial Sandy Silt,215.56,703.61,2625.8,39.2,0.227,18.3,2,1.218,2,368.7
KAG-NER-02857,Assam,27.1162,93.9293,Clayey Loam,30.47,121.44,2796.2,11.3,0.591,15.7,7,0.307,0,190.0
KAG-NER-02858,Assam,27.1615,90.669,Alluvial Sandy Silt,45.81,125.75,1259.9,35.4,0.345,18.4,3,0.443,1,188.5
KAG-NER-02859,Assam,26.1992,91.3794,Weathered Gneiss,19.84,59.13,697.6,43.7,0.774,20.6,6,0.436,1,195.0
KAG-NER-02860,Assam,25.8156,91.5905,Clayey Loam,30.15,87.45,1603.2,19.3,0.392,16.2,4,0.258,0,163.9
KAG-NER-02861,Mizoram,23.8182,92.5542,Weathered Gneiss,108.58,277.68,2476.7,20.7,0.711,9.9,8,0.683,1,229.0
KAG-NER-02862,Arunachal Pradesh,27.7144,95.4952,Rocky Phyllite,6.92,52.08,1346.8,9.3,0.338,6.3,1,0.208,0,105.1
KAG-NER-02863,Sikkim,27.5856,88.4157,Weathered Gneiss,13.14,66.29,1454.7,31.7,0.617,7.4,2,0.39,1,141.6
KAG-NER-02864,Nagaland,25.9215,94.0836,Weathered Gneiss,6.27,35.29,445.7,28.1,0.4,9.9,3,0.233,0,121.5
KAG-NER-02865,Meghalaya,25.2593,91.8484,Weathered Gneiss,59.71,130.51,1223.6,7.6,0.522,16.8,2,0.36,0,165.8
KAG-NER-02866,Nagaland,25.9098,94.6785,Weathered Gneiss,2.43,7.09,1132.6,36.1,0.175,2.8,0,0.195,0,93.6
KAG-NER-02867,Meghalaya,25.7809,91.7873,Sedimentary Shale,3.24,18.5,1036.6,39.2,0.361,18.3,4,0.238,0,167.4
KAG-NER-02868,Manipur,24.5099,93.3359,Sedimentary Shale,13.47,48.66,2493.5,42.3,0.47,17.2,2,0.389,1,205.0
KAG-NER-02869,Arunachal Pradesh,28.1418,93.6888,Weathered Gneiss,27.43,100.28,241.3,27.8,0.328,12.0,2,0.289,0,101.5
KAG-NER-02870,Arunachal Pradesh,27.2596,92.3783,Clayey Loam,19.81,98.0,2724.2,24.1,0.476,10.0,2,0.358,0,188.1
KAG-NER-02871,Tripura,23.3985,92.0326,Sedimentary Shale,1.74,6.88,102.4,41.0,0.742,4.3,2,0.435,1,108.2
KAG-NER-02872,Sikkim,27.2603,88.5213,Weathered Gneiss,120.01,349.12,2652.0,21.9,0.037,7.8,0,0.662,1,218.6
KAG-NER-02873,Tripura,23.7419,91.7955,Clayey Loam,116.08,344.6,1570.7,32.2,0.189,4.2,0,0.741,2,216.6
KAG-NER-02874,Arunachal Pradesh,28.3034,95.4049,Sedimentary Shale,12.45,137.8,1990.7,30.6,0.565,18.4,1,0.417,1,190.8
KAG-NER-02875,Manipur,24.6315,93.0246,Clayey Loam,49.97,191.78,589.0,20.9,0.29,12.2,1,0.397,1,155.6
KAG-NER-02876,Meghalaya,25.4838,91.7761,Alluvial Sandy Silt,32.84,106.04,1859.5,9.5,0.371,6.9,2,0.289,0,130.9
KAG-NER-02877,Meghalaya,25.602,91.8935,Weathered Gneiss,10.3,198.24,2478.9,6.9,0.578,2.4,1,0.328,0,122.5
KAG-NER-02878,Assam,26.0157,93.4094,Sedimentary Shale,11.55,49.53,459.4,23.1,0.557,12.5,8,0.264,0,124.3
KAG-NER-02879,Nagaland,25.6557,94.5258,Sedimentary Shale,25.67,80.01,425.7,25.2,0.514,17.0,5,0.245,0,111.3
KAG-NER-02880,Assam,26.2747,93.6945,Sedimentary Shale,20.65,87.85,906.8,38.9,0.186,17.3,0,0.301,0,151.1
KAG-NER-02881,Arunachal Pradesh,26.9766,93.3354,Clayey Loam,13.08,43.7,519.9,22.6,0.456,6.3,2,0.228,0,76.4
KAG-NER-02882,Mizoram,23.8576,92.5496,Rocky Phyllite,62.61,203.76,381.0,17.2,0.767,21.9,8,0.551,1,201.3
KAG-NER-02883,Assam,26.9134,93.3385,Alluvial Sandy Silt,24.96,126.45,1925.0,24.5,0.511,13.4,0,0.314,0,167.8
KAG-NER-02884,Assam,26.6226,92.091,Weathered Gneiss,40.42,162.84,661.6,15.5,0.203,8.6,2,0.404,1,137.7
KAG-NER-02885,Assam,26.4754,93.1881,Rocky Phyllite,7.97,34.09,1894.3,9.7,0.357,9.9,2,0.228,0,134.1
KAG-NER-02886,Sikkim,27.4307,88.6587,Clayey Loam,28.98,96.02,2424.4,10.5,0.124,4.5,1,0.256,0,138.2
KAG-NER-02887,Meghalaya,25.4903,90.7259,Alluvial Sandy Silt,14.54,42.01,1853.5,18.8,0.729,11.9,7,0.283,0,149.3
KAG-NER-02888,Arunachal Pradesh,27.2423,91.5261,Sedimentary Shale,28.4,62.12,404.7,6.5,0.924,17.1,2,0.245,0,127.1
KAG-NER-02889,Mizoram,23.2514,93.1238,Sedimentary Shale,57.68,173.03,1640.1,14.8,0.473,10.2,0,0.46,1,174.5
KAG-NER-02890,Mizoram,23.9912,92.5227,Weathered Gneiss,55.67,178.54,1150.7,37.5,0.333,19.3,3,0.482,1,193.1
KAG-NER-02891,Arunachal Pradesh,28.4345,93.7608,Weathered Gneiss,16.62,77.64,1014.0,15.4,0.745,11.5,5,0.352,0,149.6
KAG-NER-02892,Nagaland,26.6838,94.4601,Weathered Gneiss,45.03,120.64,946.4,10.4,0.458,20.0,0,0.359,0,173.6
KAG-NER-02893,Manipur,25.0114,93.1361,Rocky Phyllite,107.74,307.96,2608.1,44.0,0.64,16.1,8,0.802,2,285.2
KAG-NER-02894,Nagaland,25.708,93.4132,Alluvial Sandy Silt,37.34,94.02,2099.6,30.9,0.389,3.1,1,0.338,0,132.1
KAG-NER-02895,Assam,26.8026,92.05,Alluvial Sandy Silt,6.1,25.89,444.1,8.4,0.79,3.3,8,0.24,0,83.4
KAG-NER-02896,Mizoram,23.98,92.6728,Weathered Gneiss,43.26,96.94,1374.7,8.5,0.345,18.0,1,0.219,0,154.0
KAG-NER-02897,Meghalaya,25.8374,90.5398,Weathered Gneiss,4.21,22.09,945.6,30.5,0.443,9.1,4,0.278,0,102.3
KAG-NER-02898,Arunachal Pradesh,27.1774,93.0339,Sedimentary Shale,78.15,185.38,2740.0,27.6,0.465,5.8,5,0.565,1,188.7
KAG-NER-02899,Arunachal Pradesh,27.5536,93.0692,Weathered Gneiss,27.63,72.27,2740.2,8.7,0.605,19.3,8,0.254,0,185.7
KAG-NER-02900,Assam,26.8691,90.9363,Sedimentary Shale,18.48,99.26,949.1,15.0,0.558,21.7,3,0.24,0,155.5
KAG-NER-02901,Assam,26.2917,94.2676,Weathered Gneiss,2.23,17.77,1037.7,43.2,0.211,18.2,1,0.341,0,175.3
KAG-NER-02902,Manipur,24.0935,94.5077,Sedimentary Shale,18.21,82.2,1710.4,28.9,0.494,16.5,3,0.323,0,174.0
KAG-NER-02903,Assam,27.1808,90.8986,Weathered Gneiss,88.74,294.62,1383.7,23.6,0.506,2.0,4,0.628,1,173.3
KAG-NER-02904,Arunachal Pradesh,27.366,93.1758,Sedimentary Shale,0.81,52.28,659.6,16.0,0.483,4.1,2,0.26,0,103.0
KAG-NER-02905,Meghalaya,25.7988,91.7494,Sedimentary Shale,24.46,56.9,1876.3,11.3,0.733,15.4,3,0.278,0,172.7
KAG-NER-02906,Assam,26.7021,93.9088,Clayey Loam,101.69,319.39,988.8,22.1,0.178,10.2,2,0.581,1,172.8
KAG-NER-02907,Sikkim,27.1826,88.7666,Alluvial Sandy Silt,19.09,47.63,1858.1,42.9,0.245,2.4,0,0.423,1,151.6
KAG-NER-02908,Assam,26.7879,93.098,Alluvial Sandy Silt,21.24,76.98,1123.6,7.9,0.674,16.8,4,0.25,0,145.6
KAG-NER-02909,Arunachal Pradesh,28.3236,94.6514,Weathered Gneiss,32.83,118.16,1984.6,45.6,0.645,10.4,2,0.567,1,196.6
KAG-NER-02910,Arunachal Pradesh,27.2227,93.4339,Alluvial Sandy Silt,23.62,142.61,1896.4,14.3,0.759,15.2,5,0.387,1,179.5
KAG-NER-02911,Assam,26.4917,90.7485,Alluvial Sandy Silt,7.02,51.89,1464.0,22.4,0.108,11.4,1,0.192,0,116.6
KAG-NER-02912,Assam,27.1365,91.0786,Rocky Phyllite,0.71,12.2,1996.9,7.8,0.624,2.5,4,0.154,0,95.4
KAG-NER-02913,Manipur,24.9764,93.81,Sedimentary Shale,35.76,128.17,1333.8,29.4,0.737,14.7,7,0.461,1,181.3
KAG-NER-02914,Sikkim,27.1179,88.8398,Clayey Loam,96.36,258.19,395.9,25.3,0.519,17.8,2,0.711,1,229.7
KAG-NER-02915,Assam,26.9926,92.8592,Rocky Phyllite,4.27,50.43,575.3,32.7,0.549,5.1,4,0.353,0,125.7
KAG-NER-02916,Nagaland,25.7205,93.5824,Sedimentary Shale,9.0,54.22,749.1,27.7,0.414,19.8,3,0.227,0,139.6
KAG-NER-02917,Manipur,24.5087,93.4087,Weathered Gneiss,17.57,77.59,252.0,21.9,0.334,5.6,0,0.233,0,71.8
KAG-NER-02918,Mizoram,23.56,93.3631,Weathered Gneiss,62.86,231.79,2015.0,35.5,0.578,10.5,2,0.621,1,217.2
KAG-NER-02919,Arunachal Pradesh,27.8199,95.5047,Clayey Loam,11.92,59.76,1079.3,7.0,0.733,12.5,5,0.278,0,141.2
KAG-NER-02920,Arunachal Pradesh,27.9414,93.6386,Sedimentary Shale,81.23,243.39,334.4,27.6,0.371,8.3,3,0.606,1,167.4
KAG-NER-02921,Arunachal Pradesh,28.2674,93.6212,Alluvial Sandy Silt,2.15,11.64,2310.3,10.6,0.239,12.0,1,0.111,0,114.8
KAG-NER-02922,Manipur,25.2161,93.4665,Clayey Loam,107.52,373.84,1939.5,23.4,0.703,16.4,7,0.742,2,248.2
KAG-NER-02923,Mizoram,22.9932,93.2408,Sedimentary Shale,31.26,101.48,1310.0,37.6,0.874,16.3,3,0.476,1,191.1
KAG-NER-02924,Assam,26.6224,94.5009,Sedimentary Shale,40.86,104.87,753.0,11.7,0.036,20.4,0,0.144,0,124.6
KAG-NER-02925,Arunachal Pradesh,28.4005,91.7413,Rocky Phyllite,17.42,126.22,492.7,43.4,0.772,19.2,1,0.568,1,192.0
KAG-NER-02926,Tripura,23.8012,91.55,Clayey Loam,57.88,149.78,1326.8,41.5,0.424,21.7,1,0.429,1,218.0
KAG-NER-02927,Mizoram,23.7388,93.173,Alluvial Sandy Silt,6.92,26.2,2487.9,22.6,0.486,13.9,5,0.235,0,153.5
KAG-NER-02928,Sikkim,27.2964,88.5454,Weathered Gneiss,1.91,15.41,592.4,6.2,0.742,10.0,2,0.124,0,94.3
KAG-NER-02929,Manipur,24.9922,93.2151,Clayey Loam,19.13,113.33,1626.8,37.6,0.718,6.8,2,0.434,1,158.0
KAG-NER-02930,Arunachal Pradesh,28.2025,94.2275,Rocky Phyllite,73.04,196.98,2695.8,41.2,0.438,6.9,3,0.628,1,220.2
KAG-NER-02931,Nagaland,26.7294,93.9093,Alluvial Sandy Silt,53.44,167.11,1813.0,13.0,0.552,5.0,6,0.328,0,141.3
KAG-NER-02932,Nagaland,25.5514,94.1598,Weathered Gneiss,27.67,57.3,1276.7,42.6,0.379,16.5,2,0.409,1,171.7
KAG-NER-02933,Assam,25.9201,94.8629,Alluvial Sandy Silt,32.26,119.49,2028.5,42.6,0.746,15.1,6,0.558,1,214.5
KAG-NER-02934,Meghalaya,25.1348,92.1591,Sedimentary Shale,5.29,60.31,2322.9,24.9,0.228,7.8,1,0.209,0,134.8
KAG-NER-02935,Manipur,24.7351,93.5898,Sedimentary Shale,69.8,202.62,1686.2,37.9,0.836,19.8,9,0.774,2,252.8
KAG-NER-02936,Assam,25.8922,93.2998,Clayey Loam,58.76,225.26,2451.4,23.8,0.469,13.0,1,0.421,1,206.1
KAG-NER-02937,Manipur,24.8193,93.4494,Sedimentary Shale,40.6,134.92,1479.7,28.6,0.367,3.4,2,0.339,0,122.0
KAG-NER-02938,Nagaland,26.6743,93.8562,Sedimentary Shale,23.85,75.04,2337.7,18.8,0.114,3.2,0,0.214,0,108.1
KAG-NER-02939,Sikkim,27.4148,88.535,Weathered Gneiss,126.81,283.5,2669.5,12.4,0.355,4.9,1,0.62,1,214.8
KAG-NER-02940,Assam,25.9403,94.6947,Sedimentary Shale,80.26,203.36,1443.4,35.9,0.383,6.2,4,0.593,1,179.6
KAG-NER-02941,Arunachal Pradesh,27.4993,91.8635,Sedimentary Shale,39.29,95.33,1725.6,6.1,0.7,19.7,1,0.367,0,185.1
KAG-NER-02942,Nagaland,25.9422,94.3003,Weathered Gneiss,17.67,68.57,1737.8,29.2,0.214,17.6,1,0.229,0,164.5
KAG-NER-02943,Arunachal Pradesh,27.7218,94.6254,Weathered Gneiss,36.57,110.37,2205.5,40.6,0.771,6.0,5,0.467,1,152.4
KAG-NER-02944,Manipur,24.0777,93.4553,Sedimentary Shale,32.55,102.84,2318.5,14.9,0.424,7.0,1,0.281,0,144.8
KAG-NER-02945,Manipur,25.1469,93.1278,Weathered Gneiss,19.05,46.36,154.1,19.3,0.598,14.7,4,0.335,0,142.6
KAG-NER-02946,Assam,26.9977,90.9135,Weathered Gneiss,13.92,96.88,2074.7,29.5,0.881,19.4,6,0.458,1,207.9
KAG-NER-02947,Meghalaya,25.851,91.138,Sedimentary Shale,19.86,84.75,2212.0,15.9,0.549,8.3,2,0.293,0,136.1
KAG-NER-02948,Meghalaya,25.651,90.5975,Clayey Loam,32.42,76.49,1985.2,39.9,0.369,12.5,0,0.383,1,176.9
KAG-NER-02949,Arunachal Pradesh,27.0059,92.4717,Sedimentary Shale,21.24,64.76,2021.3,20.7,0.451,19.8,2,0.283,0,176.2
KAG-NER-02950,Tripura,23.3534,91.4749,Alluvial Sandy Silt,11.63,37.31,192.6,29.3,0.084,17.4,0,0.231,0,140.9
KAG-NER-02951,Mizoram,23.5716,92.9476,Alluvial Sandy Silt,54.38,140.64,1282.3,15.0,0.215,19.8,0,0.349,0,173.8
KAG-NER-02952,Nagaland,26.5058,94.3844,Sedimentary Shale,28.81,92.82,2305.4,7.7,0.707,7.6,3,0.257,0,137.2
KAG-NER-02953,Manipur,24.8523,93.6589,Sedimentary Shale,2.66,23.58,2620.5,12.9,0.8,15.8,5,0.189,0,166.6
KAG-NER-02954,Meghalaya,25.5264,91.2778,Clayey Loam,17.46,46.27,704.2,7.8,0.37,4.3,1,0.177,0,61.9
KAG-NER-02955,Tripura,24.2106,91.376,Weathered Gneiss,82.16,219.52,1655.4,24.7,0.517,14.3,5,0.605,1,215.3
KAG-NER-02956,Nagaland,25.408,94.377,Weathered Gneiss,53.48,144.75,2267.8,29.5,0.364,8.1,3,0.406,1,177.1
KAG-NER-02957,Manipur,24.2834,94.4242,Clayey Loam,14.84,50.91,2126.5,7.8,0.456,16.0,5,0.217,0,157.1
KAG-NER-02958,Mizoram,24.0886,92.3844,Sedimentary Shale,105.78,245.47,1763.4,9.6,0.433,4.8,1,0.485,1,151.2
KAG-NER-02959,Arunachal Pradesh,27.0702,93.7283,Clayey Loam,3.03,17.93,130.8,25.4,0.66,15.3,5,0.282,0,120.1
KAG-NER-02960,Mizoram,23.7138,92.6024,Weathered Gneiss,123.51,287.5,2049.0,38.0,0.213,16.2,3,0.695,1,232.0
KAG-NER-02961,Assam,26.8035,93.1771,Alluvial Sandy Silt,10.71,46.84,2183.2,31.1,0.269,19.1,2,0.184,0,161.6
KAG-NER-02962,Arunachal Pradesh,27.4197,91.6142,Clayey Loam,0.35,13.36,2046.2,10.2,0.141,15.7,1,0.068,0,135.4
KAG-NER-02963,Arunachal Pradesh,28.1002,92.4664,Weathered Gneiss,21.62,59.66,2163.0,41.5,0.684,12.5,3,0.387,1,172.9
KAG-NER-02964,Sikkim,27.6841,88.4362,Sedimentary Shale,16.9,52.33,1252.1,42.7,0.182,17.7,0,0.316,0,168.8
KAG-NER-02965,Mizoram,23.6656,93.2602,Alluvial Sandy Silt,29.43,69.13,2783.0,19.0,0.335,7.7,2,0.297,0,145.4
KAG-NER-02966,Manipur,25.2091,93.5944,Clayey Loam,60.55,123.76,2176.5,30.6,0.573,15.5,8,0.516,1,228.9
KAG-NER-02967,Manipur,24.2924,94.2402,Weathered Gneiss,70.22,237.26,1654.0,25.7,0.299,16.5,2,0.442,1,200.9
KAG-NER-02968,Meghalaya,25.4898,90.6993,Weathered Gneiss,19.49,66.07,2621.0,43.7,0.573,9.9,3,0.449,1,186.4
KAG-NER-02969,Sikkim,27.7331,88.2585,Sedimentary Shale,21.35,68.33,2550.3,26.3,0.25,21.8,5,0.297,0,192.3
KAG-NER-02970,Meghalaya,25.1232,90.2527,Alluvial Sandy Silt,6.09,81.9,2295.6,44.4,0.094,9.1,0,0.297,0,147.6
KAG-NER-02971,Arunachal Pradesh,27.8957,94.4775,Clayey Loam,1.85,21.48,1613.3,14.0,0.132,3.7,0,0.065,0,75.4
KAG-NER-02972,Assam,26.2355,91.94,Alluvial Sandy Silt,38.95,156.75,1513.7,19.8,0.297,8.1,1,0.345,0,148.6
KAG-NER-02973,Manipur,24.4753,94.0883,Clayey Loam,2.53,35.57,974.1,37.3,0.781,4.0,5,0.438,1,114.2
KAG-NER-02974,Manipur,24.0814,94.4866,Clayey Loam,50.3,194.62,762.4,37.3,0.378,8.8,3,0.543,1,173.1
KAG-NER-02975,Arunachal Pradesh,27.256,95.9985,Sedimentary Shale,29.43,92.04,1473.6,35.3,0.33,4.6,4,0.416,1,141.9
KAG-NER-02976,Assam,26.0401,93.972,Weathered Gneiss,8.41,66.94,1651.6,40.4,0.838,10.8,1,0.397,1,153.4
KAG-NER-02977,Mizoram,23.1351,92.3889,Weathered Gneiss,29.47,143.01,745.1,34.1,0.667,17.6,4,0.453,1,157.4
KAG-NER-02978,Assam,27.0249,94.3644,Alluvial Sandy Silt,7.68,28.19,2589.5,31.4,0.513,3.3,3,0.246,0,128.9
KAG-NER-02979,Manipur,24.565,94.1238,Sedimentary Shale,21.95,72.71,1595.8,24.4,0.087,13.3,0,0.216,0,137.6
KAG-NER-02980,Sikkim,27.4899,88.7824,Alluvial Sandy Silt,61.08,251.34,1512.1,24.7,0.741,2.9,5,0.648,1,173.8
KAG-NER-02981,Meghalaya,25.3836,91.5615,Sedimentary Shale,23.55,91.62,1264.9,22.2,0.346,19.7,0,0.283,0,171.8
KAG-NER-02982,Assam,26.4795,92.0926,Clayey Loam,6.12,29.58,238.0,30.8,0.887,20.4,6,0.339,0,171.5
KAG-NER-02983,Manipur,25.248,93.2654,Rocky Phyllite,48.9,193.24,2480.1,22.3,0.168,11.8,2,0.407,1,183.3
KAG-NER-02984,Mizoram,23.0243,92.9346,Sedimentary Shale,7.86,23.37,942.2,11.9,0.436,17.4,5,0.159,0,119.5
KAG-NER-02985,Meghalaya,25.6917,90.706,Weathered Gneiss,50.98,104.57,1827.5,10.3,0.437,13.9,5,0.336,0,179.7
KAG-NER-02986,Sikkim,27.3735,88.8573,Clayey Loam,24.8,93.52,1732.2,43.0,0.44,8.8,3,0.405,1,157.0
KAG-NER-02987,Assam,26.1453,93.5076,Weathered Gneiss,22.98,69.01,1669.8,7.0,0.781,6.9,7,0.302,0,136.2
KAG-NER-02988,Meghalaya,25.7661,91.3651,Sedimentary Shale,72.46,175.65,1509.9,10.2,0.597,17.2,4,0.45,1,187.6
KAG-NER-02989,Manipur,25.3125,94.1787,Alluvial Sandy Silt,46.86,127.86,573.5,23.8,0.348,10.6,3,0.345,0,137.4
KAG-NER-02990,Mizoram,23.4869,92.9263,Alluvial Sandy Silt,1.27,41.03,843.2,16.5,0.255,20.4,5,0.208,0,133.6
KAG-NER-02991,Assam,26.7697,93.1649,Alluvial Sandy Silt,13.35,34.93,1505.8,22.2,0.674,21.5,1,0.375,0,194.9
KAG-NER-02992,Mizoram,24.118,92.6926,Rocky Phyllite,77.8,242.51,2227.0,10.7,0.824,6.2,4,0.593,1,198.4
KAG-NER-02993,Meghalaya,25.3699,90.756,Rocky Phyllite,0.7,6.41,1255.0,11.2,0.313,13.2,3,0.065,0,98.1
KAG-NER-02994,Arunachal Pradesh,26.9605,91.6936,Clayey Loam,29.94,69.87,634.7,38.0,0.097,12.7,0,0.32,0,127.6
KAG-NER-02995,Assam,27.0181,93.5528,Sedimentary Shale,49.45,159.64,319.2,36.4,0.437,19.4,1,0.509,1,199.7
KAG-NER-02996,Mizoram,23.7908,92.9761,Sedimentary Shale,36.95,76.81,1883.4,10.2,0.667,15.8,5,0.258,0,165.9
KAG-NER-02997,Assam,26.9889,92.6612,Clayey Loam,54.31,207.84,1231.5,32.7,0.412,14.1,2,0.5,1,178.0
KAG-NER-02998,Arunachal Pradesh,28.2927,93.1175,Alluvial Sandy Silt,49.15,163.75,421.0,30.4,0.231,15.6,2,0.373,0,133.2
KAG-NER-02999,Arunachal Pradesh,28.3827,94.644,Weathered Gneiss,44.75,135.44,1914.5,34.5,0.342,9.8,0,0.401,1,177.4
KAG-NER-03000,Mizoram,23.1858,92.9205,Weathered Gneiss,65.49,145.85,644.6,25.0,0.195,21.2,2,0.435,1,177.7
KAG-NER-03001,Nagaland,26.1462,93.6068,Clayey Loam,39.43,134.12,1464.5,16.8,0.367,3.2,4,0.343,0,121.3
KAG-NER-03002,Manipur,24.8277,93.5037,Sedimentary Shale,19.56,47.67,912.8,32.5,0.584,2.6,1,0.316,0,102.1
KAG-NER-03003,Arunachal Pradesh,26.9838,95.769,Rocky Phyllite,24.26,77.95,2614.2,20.9,0.464,10.3,3,0.307,0,167.2
KAG-NER-03004,Nagaland,26.2981,94.7154,Alluvial Sandy Silt,47.93,152.28,700.9,14.8,0.48,5.1,6,0.376,0,103.6
KAG-NER-03005,Meghalaya,25.7085,91.1282,Clayey Loam,79.42,245.66,1222.2,22.3,0.157,12.9,1,0.539,1,185.0
KAG-NER-03006,Mizoram,23.569,93.0433,Weathered Gneiss,12.07,37.74,2689.8,36.5,0.452,2.2,5,0.245,0,125.5
KAG-NER-03007,Tripura,24.3523,91.4044,Alluvial Sandy Silt,15.91,47.57,946.9,25.0,0.29,11.2,2,0.225,0,115.4
KAG-NER-03008,Assam,27.025,94.6584,Alluvial Sandy Silt,101.46,397.81,1833.3,18.0,0.31,7.9,5,0.734,2,225.9
KAG-NER-03009,Nagaland,26.3386,94.7969,Weathered Gneiss,32.83,90.12,941.5,39.3,0.557,6.0,2,0.402,1,132.2
KAG-NER-03010,Assam,26.357,94.7886,Weathered Gneiss,7.49,29.2,381.0,41.3,0.836,10.9,5,0.369,0,133.2
KAG-NER-03011,Meghalaya,25.7325,90.3092,Alluvial Sandy Silt,41.41,150.24,1786.9,23.3,0.736,19.1,4,0.447,1,200.2
KAG-NER-03012,Arunachal Pradesh,28.351,93.6801,Sedimentary Shale,178.01,494.77,2571.6,21.0,0.354,15.1,0,0.995,2,325.7
KAG-NER-03013,Arunachal Pradesh,27.6365,94.0491,Clayey Loam,65.9,175.28,1311.0,30.5,0.232,5.2,2,0.494,1,151.1
KAG-NER-03014,Arunachal Pradesh,27.139,93.6112,Clayey Loam,52.04,216.22,1783.2,8.3,0.443,12.0,1,0.363,0,166.0
KAG-NER-03015,Nagaland,26.5636,93.4232,Sedimentary Shale,8.86,65.18,1736.2,33.7,0.5,20.6,3,0.332,0,188.5
KAG-NER-03016,Arunachal Pradesh,27.3367,91.511,Clayey Loam,79.37,182.35,1209.0,37.3,0.774,10.8,4,0.643,1,203.1
KAG-NER-03017,Manipur,24.582,94.1653,Alluvial Sandy Silt,28.35,100.0,1752.5,21.9,0.506,11.4,4,0.366,0,170.8
KAG-NER-03018,Arunachal Pradesh,28.178,95.7534,Weathered Gneiss,83.63,238.82,785.3,13.0,0.605,20.8,3,0.55,1,202.0
KAG-NER-03019,Assam,26.6519,91.6458,Weathered Gneiss,15.21,86.91,1108.3,7.2,0.555,4.7,4,0.252,0,107.9
KAG-NER-03020,Manipur,25.2938,94.2405,Weathered Gneiss,2.43,15.96,1283.1,31.5,0.809,16.7,5,0.323,0,167.7
KAG-NER-03021,Arunachal Pradesh,27.8191,94.6304,Weathered Gneiss,24.56,85.92,2430.1,16.8,0.032,8.0,0,0.262,0,145.3
KAG-NER-03022,Meghalaya,25.9319,92.0522,Weathered Gneiss,11.95,74.44,1027.5,24.6,0.077,19.3,1,0.217,0,147.3
KAG-NER-03023,Nagaland,25.9157,94.4695,Weathered Gneiss,47.73,116.83,1807.6,21.5,0.428,3.1,3,0.363,0,122.5
KAG-NER-03024,Arunachal Pradesh,26.9644,93.2389,Sedimentary Shale,119.66,272.17,660.5,13.0,0.082,21.8,0,0.597,1,215.8
KAG-NER-03025,Assam,26.3689,91.2508,Alluvial Sandy Silt,44.62,159.12,767.0,26.3,0.632,17.4,5,0.5,1,171.1
KAG-NER-03026,Arunachal Pradesh,26.9369,92.1002,Alluvial Sandy Silt,82.83,285.93,1843.7,24.4,0.349,7.7,4,0.553,1,182.8
KAG-NER-03027,Sikkim,27.5582,88.7418,Rocky Phyllite,22.93,73.59,2153.5,31.0,0.192,17.2,0,0.142,0,147.8
KAG-NER-03028,Nagaland,26.7835,93.9195,Sedimentary Shale,56.12,169.14,1337.0,16.1,0.231,20.5,3,0.4,1,179.9
KAG-NER-03029,Nagaland,26.2391,94.8057,Sedimentary Shale,70.37,136.95,991.5,14.6,0.77,4.3,5,0.471,1,141.1
KAG-NER-03030,Nagaland,25.6339,94.4765,Weathered Gneiss,47.15,149.26,2555.9,38.6,0.452,20.3,1,0.502,1,246.2
KAG-NER-03031,Assam,26.857,90.9004,Sedimentary Shale,26.94,208.67,449.4,34.1,0.403,9.2,0,0.51,1,153.7
KAG-NER-03032,Arunachal Pradesh,28.278,95.159,Alluvial Sandy Silt,37.36,116.22,2040.3,36.9,0.234,2.1,1,0.363,0,133.5
KAG-NER-03033,Manipur,24.0468,93.1457,Sedimentary Shale,45.82,107.77,1957.3,10.9,0.36,4.2,3,0.265,0,116.6
KAG-NER-03034,Assam,25.8688,92.0063,Weathered Gneiss,11.09,27.46,1957.5,15.0,0.397,19.7,3,0.144,0,156.3
KAG-NER-03035,Arunachal Pradesh,27.7149,93.8956,Alluvial Sandy Silt,63.02,147.33,2624.3,29.0,0.331,21.7,3,0.552,1,244.4
KAG-NER-03036,Arunachal Pradesh,27.3283,95.6022,Weathered Gneiss,114.09,353.11,2060.7,40.3,0.138,19.9,1,0.795,2,260.8
KAG-NER-03037,Meghalaya,25.4314,90.3184,Weathered Gneiss,23.79,94.84,900.3,41.7,0.5,10.8,0,0.458,1,170.5
KAG-NER-03038,Sikkim,27.3102,88.5249,Clayey Loam,45.89,145.29,1041.3,39.3,0.094,21.2,0,0.349,0,185.3
KAG-NER-03039,Assam,26.3715,91.7323,Clayey Loam,50.76,113.07,1143.8,7.7,0.798,10.1,2,0.341,0,129.6
KAG-NER-03040,Meghalaya,25.2182,92.3298,Sedimentary Shale,41.25,196.55,163.8,38.8,0.397,4.3,3,0.538,1,121.7
KAG-NER-03041,Assam,27.1946,91.9829,Clayey Loam,30.1,101.2,2564.7,42.0,0.318,8.8,0,0.432,1,183.1
KAG-NER-03042,Sikkim,27.3671,88.5944,Weathered Gneiss,81.1,199.62,280.1,8.3,0.212,22.0,0,0.405,1,174.6
KAG-NER-03043,Assam,26.8058,92.2641,Weathered Gneiss,22.64,77.89,1983.4,22.7,0.698,14.5,3,0.307,0,172.8
KAG-NER-03044,Arunachal Pradesh,28.3479,94.02,Sedimentary Shale,2.4,35.06,2066.0,27.5,0.792,8.8,7,0.369,0,156.5
KAG-NER-03045,Manipur,24.6305,94.0347,Alluvial Sandy Silt,70.74,213.16,2374.9,15.3,0.552,14.5,5,0.576,1,235.1
KAG-NER-03046,Manipur,25.3339,94.2713,Sedimentary Shale,42.59,98.92,1585.1,26.7,0.473,10.6,2,0.415,1,162.2
KAG-NER-03047,Arunachal Pradesh,26.964,92.9954,Alluvial Sandy Silt,71.9,191.87,2052.7,41.4,0.185,3.0,0,0.519,1,176.2
KAG-NER-03048,Arunachal Pradesh,27.6529,92.9153,Rocky Phyllite,5.67,19.46,903.4,40.7,0.409,6.0,0,0.373,0,123.0
KAG-NER-03049,Arunachal Pradesh,28.0203,95.2182,Clayey Loam,1.19,6.92,2108.0,43.6,0.292,2.4,4,0.291,0,115.3
KAG-NER-03050,Arunachal Pradesh,28.0702,95.952,Clayey Loam,103.5,368.98,1014.1,25.4,0.162,7.1,1,0.73,2,195.5
KAG-NER-03051,Assam,26.1816,94.4375,Weathered Gneiss,6.07,24.19,2535.7,22.4,0.566,16.8,4,0.243,0,179.5
KAG-NER-03052,Meghalaya,25.79,91.1417,Sedimentary Shale,63.04,151.97,524.4,32.6,0.159,5.9,1,0.533,1,148.8
KAG-NER-03053,Arunachal Pradesh,28.0746,91.9683,Sedimentary Shale,65.85,186.45,938.9,22.7,0.333,12.6,5,0.449,1,163.6
KAG-NER-03054,Arunachal Pradesh,28.1629,93.8955,Sedimentary Shale,46.87,155.11,1436.7,7.7,0.321,16.0,2,0.296,0,149.3
KAG-NER-03055,Nagaland,25.8092,94.3837,Weathered Gneiss,5.35,38.87,2190.3,34.8,0.267,13.0,1,0.301,0,163.6
KAG-NER-03056,Sikkim,27.5491,88.2676,Alluvial Sandy Silt,41.83,108.13,2116.7,17.2,0.432,2.3,1,0.344,0,127.1
KAG-NER-03057,Nagaland,25.4426,94.0504,Weathered Gneiss,83.56,291.81,653.1,8.0,0.412,9.3,4,0.541,1,157.1
KAG-NER-03058,Assam,26.5973,94.4447,Alluvial Sandy Silt,21.06,95.36,472.3,6.8,0.401,10.8,3,0.191,0,105.6
KAG-NER-03059,Assam,27.0995,92.8796,Weathered Gneiss,20.28,45.72,906.8,43.3,0.716,8.9,2,0.399,1,133.6
KAG-NER-03060,Sikkim,27.6277,88.4514,Sedimentary Shale,22.23,71.66,1395.8,16.1,0.373,12.9,2,0.243,0,128.8
KAG-NER-03061,Arunachal Pradesh,28.0937,92.4216,Weathered Gneiss,3.26,17.16,1546.1,23.9,0.5,12.3,5,0.254,0,140.9
KAG-NER-03062,Assam,26.3195,93.354,Weathered Gneiss,84.58,229.25,1247.3,44.0,0.402,5.7,3,0.631,1,172.6
KAG-NER-03063,Nagaland,25.4254,94.4837,Rocky Phyllite,77.29,197.83,1883.6,24.7,0.224,17.0,1,0.533,1,211.6
KAG-NER-03064,Nagaland,26.5697,93.9987,Weathered Gneiss,234.47,664.19,1243.0,9.1,0.659,5.2,3,1.195,2,300.6
KAG-NER-03065,Nagaland,26.0271,94.6769,Alluvial Sandy Silt,33.44,101.75,2654.0,28.1,0.396,11.2,5,0.439,1,192.6
KAG-NER-03066,Arunachal Pradesh,28.141,92.7967,Clayey Loam,52.86,108.39,789.8,9.5,0.586,17.1,3,0.324,0,157.9
KAG-NER-03067,Assam,26.2536,93.555,Weathered Gneiss,8.61,25.3,1786.5,9.8,0.329,15.9,2,0.167,0,160.5
KAG-NER-03068,Sikkim,27.4942,88.2298,Rocky Phyllite,41.85,95.65,1742.9,40.1,0.598,10.6,6,0.504,1,186.1
KAG-NER-03069,Arunachal Pradesh,27.3959,95.5499,Weathered Gneiss,39.86,147.5,845.9,17.6,0.263,17.8,1,0.35,0,165.3
KAG-NER-03070,Nagaland,26.3634,94.879,Rocky Phyllite,87.96,207.13,1199.8,33.1,0.688,16.3,2,0.655,1,223.8
KAG-NER-03071,Manipur,25.0738,94.5072,Sedimentary Shale,67.51,200.92,1074.1,26.4,0.204,9.7,2,0.507,1,164.3
KAG-NER-03072,Nagaland,25.7027,94.5572,Alluvial Sandy Silt,105.95,297.59,549.2,14.9,0.208,19.9,2,0.526,1,196.8
KAG-NER-03073,Arunachal Pradesh,26.9323,94.5184,Clayey Loam,77.19,255.65,1378.2,26.7,0.892,4.8,6,0.686,1,188.6
KAG-NER-03074,Arunachal Pradesh,27.6509,93.0604,Sedimentary Shale,77.15,248.49,1131.7,8.8,0.643,9.2,5,0.49,1,155.8
KAG-NER-03075,Nagaland,26.6074,94.6814,Sedimentary Shale,2.5,37.95,565.0,19.9,0.365,16.0,3,0.182,0,123.2
KAG-NER-03076,Mizoram,22.8335,92.9705,Sedimentary Shale,71.08,226.85,1303.7,26.9,0.449,19.5,3,0.563,1,203.2
KAG-NER-03077,Sikkim,27.3575,88.4325,Sedimentary Shale,35.54,94.27,1227.4,15.1,0.569,8.5,6,0.378,0,141.2
KAG-NER-03078,Assam,26.9649,91.8943,Weathered Gneiss,18.19,58.69,437.3,32.4,0.48,13.2,4,0.287,0,121.6
KAG-NER-03079,Assam,27.1203,91.3084,Clayey Loam,2.21,8.68,436.8,8.1,0.728,2.2,3,0.263,0,71.4
KAG-NER-03080,Sikkim,27.5639,88.6377,Sedimentary Shale,43.02,218.22,1841.2,25.4,0.298,9.4,2,0.483,1,183.2
KAG-NER-03081,Manipur,24.3531,93.5196,Sedimentary Shale,15.12,47.82,2001.9,34.6,0.393,8.6,3,0.323,0,140.2
KAG-NER-03082,Tripura,24.2018,92.0142,Sedimentary Shale,23.97,95.63,2640.0,23.2,0.553,18.8,2,0.308,0,193.2
KAG-NER-03083,Assam,26.2607,92.9028,Sedimentary Shale,43.5,151.73,316.7,41.0,0.409,3.5,0,0.558,1,143.3
KAG-NER-03084,Nagaland,25.4864,93.7131,Rocky Phyllite,92.26,244.98,400.6,31.3,0.324,3.2,0,0.63,1,136.8
KAG-NER-03085,Manipur,24.6801,93.1376,Sedimentary Shale,66.33,185.83,220.9,44.3,0.449,10.9,1,0.617,1,181.9
KAG-NER-03086,Nagaland,26.5807,94.477,Weathered Gneiss,22.76,77.95,1527.7,17.4,0.452,10.1,0,0.259,0,131.0
KAG-NER-03087,Arunachal Pradesh,28.4098,94.6206,Sedimentary Shale,18.65,46.85,1773.9,43.6,0.733,5.2,4,0.449,1,152.7
KAG-NER-03088,Assam,27.1166,92.9953,Sedimentary Shale,10.42,75.23,1177.6,30.3,0.314,7.3,3,0.267,0,103.8
KAG-NER-03089,Nagaland,26.2403,94.8655,Sedimentary Shale,17.7,95.9,2250.3,35.8,0.728,21.5,5,0.483,1,231.4
KAG-NER-03090,Arunachal Pradesh,27.9274,91.6385,Sedimentary Shale,4.47,36.71,1947.8,42.1,0.694,12.3,2,0.435,1,181.9
KAG-NER-03091,Meghalaya,25.7514,92.5542,Sedimentary Shale,134.68,401.48,2761.5,28.0,0.611,3.8,8,0.857,2,253.6
KAG-NER-03092,Sikkim,27.6569,88.5671,Clayey Loam,32.42,64.49,455.1,40.5,0.224,3.0,3,0.345,0,94.7
KAG-NER-03093,Arunachal Pradesh,27.9741,95.9559,Weathered Gneiss,5.2,56.37,238.6,27.7,0.453,2.8,3,0.313,0,79.1
KAG-NER-03094,Mizoram,22.936,93.034,Weathered Gneiss,16.53,56.47,827.5,30.0,0.484,9.8,2,0.352,0,134.7
KAG-NER-03095,Assam,26.1968,93.3804,Weathered Gneiss,30.09,68.7,131.8,23.8,0.554,19.3,8,0.302,0,137.3
KAG-NER-03096,Nagaland,26.2507,93.6302,Sedimentary Shale,28.92,70.8,2616.7,11.8,0.576,18.7,3,0.281,0,194.1
KAG-NER-03097,Sikkim,27.2447,88.5973,Sedimentary Shale,1.37,10.48,906.7,28.1,0.596,9.4,3,0.358,0,125.5
KAG-NER-03098,Assam,25.9795,91.6933,Sedimentary Shale,114.48,340.63,1582.6,45.1,0.27,17.5,0,0.789,2,266.1
KAG-NER-03099,Assam,26.9693,91.9719,Sedimentary Shale,12.24,49.8,945.1,37.5,0.244,17.0,4,0.31,0,164.9
KAG-NER-03100,Meghalaya,25.5393,92.647,Clayey Loam,0.62,11.83,748.6,35.9,0.347,11.7,2,0.281,0,122.4
KAG-NER-03101,Assam,26.118,92.2533,Sedimentary Shale,3.02,12.01,494.4,31.7,0.464,10.1,4,0.245,0,116.5
KAG-NER-03102,Manipur,24.849,94.2085,Weathered Gneiss,32.98,89.63,951.4,19.9,0.531,5.6,4,0.377,0,130.9
KAG-NER-03103,Tripura,24.282,92.1986,Alluvial Sandy Silt,5.63,27.68,1753.9,12.8,0.272,7.6,2,0.166,0,112.1
KAG-NER-03104,Meghalaya,25.799,90.7937,Weathered Gneiss,1.62,32.49,2722.8,15.0,0.697,8.8,7,0.286,0,157.8
KAG-NER-03105,Arunachal Pradesh,26.9397,93.227,Alluvial Sandy Silt,18.14,46.53,1598.0,6.3,0.667,18.3,6,0.173,0,141.4
KAG-NER-03106,Meghalaya,25.2274,92.047,Sedimentary Shale,37.05,126.89,1529.0,32.9,0.727,13.1,3,0.501,1,197.5
KAG-NER-03107,Manipur,24.9256,93.0704,Weathered Gneiss,4.51,26.7,175.9,38.5,0.881,6.0,3,0.406,1,122.7
KAG-NER-03108,Assam,26.9712,91.6193,Clayey Loam,14.28,55.26,2365.1,16.8,0.327,3.9,1,0.165,0,101.2
KAG-NER-03109,Nagaland,26.0051,94.4019,Weathered Gneiss,20.55,66.54,202.0,9.7,0.581,11.9,4,0.249,0,107.7
KAG-NER-03110,Nagaland,26.0012,94.0619,Rocky Phyllite,6.6,16.35,2545.0,19.4,0.352,15.3,2,0.21,0,156.6
KAG-NER-03111,Nagaland,25.4919,94.0022,Alluvial Sandy Silt,26.8,94.89,1545.2,17.7,0.089,18.4,1,0.239,0,161.3
KAG-NER-03112,Assam,26.8708,94.6183,Alluvial Sandy Silt,3.38,15.96,538.2,24.0,0.338,17.9,5,0.206,0,133.6
KAG-NER-03113,Manipur,24.5789,93.6777,Weathered Gneiss,1.81,30.91,1308.6,16.6,0.864,18.5,9,0.281,0,148.3
KAG-NER-03114,Assam,26.7837,94.7425,Clayey Loam,27.88,153.29,2786.4,19.6,0.822,11.0,5,0.418,1,191.5
KAG-NER-03115,Assam,26.1739,92.4806,Weathered Gneiss,10.83,54.28,909.8,42.3,0.327,19.3,4,0.421,1,185.0
KAG-NER-03116,Mizoram,23.994,92.9707,Rocky Phyllite,3.81,18.45,812.9,19.4,0.349,10.9,2,0.202,0,108.2
KAG-NER-03117,Manipur,24.1548,94.0044,Weathered Gneiss,20.96,62.59,401.0,37.4,0.341,5.4,1,0.361,0,123.1
KAG-NER-03118,Assam,26.0614,92.796,Clayey Loam,93.74,325.83,1704.2,31.0,0.276,9.9,0,0.609,1,188.4
KAG-NER-03119,Assam,26.5407,94.4429,Alluvial Sandy Silt,48.95,168.97,322.7,19.5,0.499,8.8,4,0.42,1,141.4
KAG-NER-03120,Assam,26.4475,91.7575,Clayey Loam,64.25,205.91,2163.5,38.7,0.578,9.8,5,0.585,1,199.1
KAG-NER-03121,Arunachal Pradesh,27.2695,95.4341,Sedimentary Shale,78.09,249.0,2580.3,29.8,0.451,15.2,5,0.598,1,219.9
KAG-NER-03122,Assam,26.0394,92.4164,Sedimentary Shale,136.73,365.78,2614.7,6.3,0.042,15.1,0,0.608,1,242.0
KAG-NER-03123,Assam,26.062,93.9799,Clayey Loam,54.75,141.78,373.5,8.7,0.185,6.5,2,0.285,0,96.7
KAG-NER-03124,Meghalaya,25.5269,91.113,Weathered Gneiss,35.63,83.11,1598.5,36.1,0.425,8.3,2,0.399,1,153.6
KAG-NER-03125,Manipur,24.5055,94.3635,Alluvial Sandy Silt,17.28,51.57,344.1,23.9,0.156,13.9,1,0.184,0,108.8
KAG-NER-03126,Nagaland,26.1753,94.4768,Rocky Phyllite,7.62,30.36,1635.9,22.2,0.219,3.7,1,0.218,0,107.1
KAG-NER-03127,Nagaland,26.6559,94.7526,Sedimentary Shale,44.1,85.99,2296.7,11.8,0.423,15.8,3,0.34,0,179.7
KAG-NER-03128,Assam,26.2599,94.786,Weathered Gneiss,200.96,501.36,1542.8,12.3,0.279,5.6,2,0.964,2,255.7
KAG-NER-03129,Sikkim,27.1174,88.4015,Sedimentary Shale,23.94,70.03,2452.0,37.9,0.056,19.0,1,0.341,0,183.0
KAG-NER-03130,Mizoram,24.1437,92.6021,Sedimentary Shale,48.88,173.62,2260.6,39.2,0.494,10.0,1,0.564,1,204.3
KAG-NER-03131,Mizoram,23.2096,92.6329,Alluvial Sandy Silt,25.97,90.64,832.2,28.4,0.189,6.4,0,0.254,0,110.6
KAG-NER-03132,Mizoram,23.7185,92.7822,Sedimentary Shale,21.49,56.58,1793.9,17.8,0.171,15.4,0,0.273,0,161.0
KAG-NER-03133,Tripura,24.0721,92.1739,Weathered Gneiss,20.07,54.71,100.2,43.3,0.351,13.1,2,0.407,1,139.1
KAG-NER-03134,Meghalaya,25.7068,90.7316,Rocky Phyllite,26.69,184.26,1157.2,31.0,0.43,5.4,4,0.358,0,122.4
KAG-NER-03135,Assam,27.1058,91.6902,Weathered Gneiss,17.37,69.8,727.3,37.9,0.541,18.5,0,0.358,0,165.5
KAG-NER-03136,Nagaland,25.6099,93.535,Clayey Loam,52.49,145.07,2629.0,6.1,0.371,11.1,1,0.282,0,161.0
KAG-NER-03137,Manipur,24.7887,93.182,Weathered Gneiss,78.8,185.77,1182.7,24.0,0.569,5.0,3,0.568,1,169.1
KAG-NER-03138,Manipur,24.1943,93.48,Sedimentary Shale,81.49,262.25,1859.1,40.8,0.406,17.9,7,0.642,1,235.2
KAG-NER-03139,Meghalaya,25.3535,91.771,Weathered Gneiss,9.82,26.34,2071.0,19.5,0.323,4.7,3,0.205,0,125.5
KAG-NER-03140,Assam,26.9434,93.9261,Sedimentary Shale,85.97,279.58,2183.1,35.1,0.606,21.4,1,0.766,2,286.9
KAG-NER-03141,Arunachal Pradesh,27.32,92.6039,Alluvial Sandy Silt,15.88,35.71,2081.3,32.3,0.206,10.8,1,0.323,0,172.7
KAG-NER-03142,Tripura,24.3589,91.1099,Weathered Gneiss,14.06,46.57,866.5,12.1,0.036,16.6,0,0.095,0,105.7
KAG-NER-03143,Nagaland,26.6316,93.6996,Alluvial Sandy Silt,49.3,140.81,1946.1,37.0,0.152,11.0,1,0.449,1,189.7
KAG-NER-03144,Meghalaya,25.9526,91.09,Weathered Gneiss,13.81,49.09,1573.3,10.5,0.451,5.8,2,0.283,0,111.0
KAG-NER-03145,Arunachal Pradesh,27.6046,94.682,Alluvial Sandy Silt,2.07,40.31,1704.9,35.1,0.558,17.2,1,0.284,0,171.1
KAG-NER-03146,Arunachal Pradesh,27.8403,92.9307,Sedimentary Shale,17.78,51.38,82.2,45.6,0.404,7.8,2,0.426,1,121.8
KAG-NER-03147,Tripura,23.8646,91.9768,Alluvial Sandy Silt,48.57,158.98,782.5,44.3,0.065,15.6,1,0.455,1,172.9
KAG-NER-03148,Nagaland,25.4593,93.4168,Sedimentary Shale,15.05,56.28,2611.5,38.0,0.328,7.1,1,0.293,0,156.8
KAG-NER-03149,Manipur,24.6413,93.2109,Weathered Gneiss,37.74,127.45,869.0,27.4,0.459,6.8,6,0.468,1,150.6
KAG-NER-03150,Meghalaya,25.6979,90.7565,Alluvial Sandy Silt,41.01,186.21,1271.4,33.0,0.43,11.1,1,0.463,1,174.7
KAG-NER-03151,Nagaland,26.006,93.6965,Clayey Loam,50.28,161.45,587.8,35.1,0.229,18.3,0,0.448,1,178.9
KAG-NER-03152,Assam,26.5679,91.0222,Clayey Loam,86.42,230.92,457.0,6.3,0.606,14.3,7,0.505,1,173.8
KAG-NER-03153,Manipur,24.0323,93.0818,Weathered Gneiss,21.53,64.44,647.6,10.1,0.298,3.3,1,0.249,0,83.5
KAG-NER-03154,Arunachal Pradesh,28.4268,92.1403,Clayey Loam,6.92,45.88,1585.9,29.9,0.277,16.7,2,0.293,0,157.4
KAG-NER-03155,Meghalaya,25.7376,90.3766,Weathered Gneiss,14.6,57.31,2579.8,6.3,0.535,13.6,5,0.184,0,153.9
KAG-NER-03156,Nagaland,25.5514,94.1633,Weathered Gneiss,21.51,71.13,967.3,42.4,0.325,14.5,3,0.382,1,140.9
KAG-NER-03157,Tripura,23.7578,92.2419,Alluvial Sandy Silt,47.55,126.62,959.7,25.6,0.754,9.1,3,0.495,1,163.2
KAG-NER-03158,Assam,27.1228,94.0082,Clayey Loam,0.5,29.72,1614.5,16.3,0.492,13.1,3,0.241,0,147.6
KAG-NER-03159,Mizoram,23.7032,92.8005,Alluvial Sandy Silt,14.42,39.76,1050.3,21.8,0.487,9.4,4,0.244,0,120.4
KAG-NER-03160,Arunachal Pradesh,27.4699,95.7619,Rocky Phyllite,57.51,123.07,2556.3,40.0,0.481,3.6,2,0.574,1,185.4
KAG-NER-03161,Meghalaya,25.6426,91.7056,Sedimentary Shale,42.23,154.69,1107.7,43.1,0.063,18.9,0,0.47,1,177.2
KAG-NER-03162,Assam,26.1247,90.7101,Rocky Phyllite,50.0,151.0,1414.0,10.6,0.586,15.6,1,0.357,0,172.2
KAG-NER-03163,Arunachal Pradesh,28.4123,92.9118,Sedimentary Shale,63.47,202.75,1530.8,37.1,0.446,15.4,0,0.587,1,206.4
KAG-NER-03164,Meghalaya,25.4983,90.4981,Weathered Gneiss,58.1,178.2,2207.2,29.1,0.192,5.9,2,0.467,1,160.1
KAG-NER-03165,Assam,26.9717,90.6243,Clayey Loam,43.56,173.02,1613.8,29.4,0.073,15.3,0,0.359,0,178.2
KAG-NER-03166,Meghalaya,25.8506,90.5647,Clayey Loam,22.01,76.13,730.5,37.2,0.609,6.6,0,0.43,1,122.9
KAG-NER-03167,Tripura,24.2639,91.9757,Sedimentary Shale,156.19,458.03,417.2,14.9,0.388,15.8,0,0.844,2,236.8
KAG-NER-03168,Assam,26.0305,93.0462,Rocky Phyllite,31.99,171.77,2630.7,27.2,0.406,8.7,2,0.354,0,182.5
KAG-NER-03169,Manipur,24.4377,93.2852,Sedimentary Shale,8.61,58.31,2260.3,18.8,0.831,5.2,5,0.194,0,111.8
KAG-NER-03170,Arunachal Pradesh,28.2747,93.3159,Sedimentary Shale,13.17,38.3,142.5,9.8,0.47,20.1,5,0.283,0,132.8
KAG-NER-03171,Nagaland,25.958,93.6548,Clayey Loam,44.94,144.92,2314.6,10.2,0.108,4.1,2,0.276,0,134.2
KAG-NER-03172,Arunachal Pradesh,27.5129,95.4223,Clayey Loam,98.3,223.04,1686.4,11.5,0.509,17.2,2,0.552,1,218.7
KAG-NER-03173,Assam,26.3084,94.7822,Alluvial Sandy Silt,7.48,87.91,1491.4,30.6,0.709,4.0,1,0.334,0,109.5
KAG-NER-03174,Assam,27.1248,91.152,Clayey Loam,3.27,103.77,113.3,10.2,0.304,15.7,0,0.17,0,103.7
KAG-NER-03175,Assam,26.0482,94.382,Sedimentary Shale,81.06,259.6,2204.0,28.8,0.428,4.2,4,0.691,1,216.3
KAG-NER-03176,Assam,26.3499,90.5197,Sedimentary Shale,93.8,240.16,618.7,29.5,0.481,12.2,1,0.731,2,219.5
KAG-NER-03177,Nagaland,25.7834,94.2964,Rocky Phyllite,12.29,76.07,2060.1,42.2,0.218,5.8,2,0.263,0,126.0
KAG-NER-03178,Tripura,24.1591,91.2601,Alluvial Sandy Silt,18.0,47.02,123.2,31.1,0.74,19.3,4,0.381,1,160.7
KAG-NER-03179,Mizoram,22.9658,93.3143,Rocky Phyllite,41.02,126.9,2246.1,45.4,0.701,10.0,4,0.628,1,221.3
KAG-NER-03180,Nagaland,26.4516,94.2847,Rocky Phyllite,15.21,38.9,142.7,7.2,0.22,2.3,0,0.151,0,60.3
KAG-NER-03181,Assam,26.8769,92.4298,Alluvial Sandy Silt,79.68,231.29,721.6,34.2,0.62,14.6,4,0.673,1,207.5
KAG-NER-03182,Arunachal Pradesh,28.1135,93.1731,Alluvial Sandy Silt,4.33,61.2,809.7,7.1,0.222,10.9,0,0.127,0,103.5
KAG-NER-03183,Arunachal Pradesh,27.2906,94.7806,Weathered Gneiss,1.47,54.35,508.4,35.2,0.408,19.2,3,0.32,0,147.3
KAG-NER-03184,Assam,26.3875,94.9162,Sedimentary Shale,8.88,21.53,1388.5,21.4,0.612,10.7,2,0.323,0,148.6
KAG-NER-03185,Meghalaya,25.4145,92.5965,Alluvial Sandy Silt,12.81,29.67,851.6,30.5,0.499,10.2,4,0.324,0,121.1
KAG-NER-03186,Meghalaya,25.9397,90.8288,Clayey Loam,4.55,24.23,2781.7,18.4,0.779,11.1,7,0.227,0,141.9
KAG-NER-03187,Arunachal Pradesh,28.1772,93.4488,Weathered Gneiss,2.58,41.53,1657.5,12.4,0.181,19.2,3,0.108,0,143.1
KAG-NER-03188,Arunachal Pradesh,28.368,93.5256,Sedimentary Shale,53.54,118.98,1620.8,34.9,0.63,13.7,4,0.542,1,223.7
KAG-NER-03189,Mizoram,23.9165,92.8137,Sedimentary Shale,6.82,28.86,680.8,42.2,0.468,15.4,2,0.338,0,149.2
KAG-NER-03190,Manipur,24.3189,93.319,Sedimentary Shale,93.2,255.68,1191.6,13.3,0.111,16.4,4,0.467,1,184.4
KAG-NER-03191,Arunachal Pradesh,27.5807,94.8997,Alluvial Sandy Silt,17.44,54.19,417.2,42.8,0.56,20.8,5,0.362,0,174.6
KAG-NER-03192,Tripura,23.9261,91.9264,Alluvial Sandy Silt,42.2,100.89,2154.1,11.6,0.42,18.8,1,0.273,0,175.1
KAG-NER-03193,Sikkim,27.2976,88.4851,Weathered Gneiss,9.71,128.09,980.8,35.4,0.141,20.5,1,0.291,0,148.7
KAG-NER-03194,Arunachal Pradesh,26.971,95.1789,Weathered Gneiss,10.44,24.72,2125.3,44.4,0.211,8.9,1,0.324,0,159.9
KAG-NER-03195,Arunachal Pradesh,28.4838,93.331,Sedimentary Shale,32.49,95.34,1091.0,11.9,0.458,6.3,6,0.274,0,123.2
KAG-NER-03196,Meghalaya,25.1099,90.6415,Clayey Loam,31.25,75.22,2769.4,23.4,0.492,6.1,6,0.349,0,162.2
KAG-NER-03197,Sikkim,27.5568,88.5897,Weathered Gneiss,55.64,148.62,545.5,19.5,0.448,19.2,6,0.429,1,177.0
KAG-NER-03198,Mizoram,23.9818,92.5793,Alluvial Sandy Silt,53.89,178.57,84.1,21.5,0.726,18.6,4,0.537,1,178.0
KAG-NER-03199,Assam,26.8691,93.5959,Weathered Gneiss,42.21,136.19,1697.9,36.1,0.335,15.0,3,0.41,1,180.1
KAG-NER-03200,Arunachal Pradesh,27.4165,93.9547,Sedimentary Shale,22.66,85.79,2672.0,32.4,0.222,3.3,3,0.385,1,157.5
KAG-NER-03201,Meghalaya,25.2325,91.3767,Sedimentary Shale,84.1,248.06,1840.0,44.7,0.538,8.4,5,0.634,1,203.5
KAG-NER-03202,Meghalaya,25.8931,91.2951,Rocky Phyllite,37.03,110.89,313.2,13.4,0.865,16.7,5,0.393,1,153.8
KAG-NER-03203,Assam,26.9754,93.1561,Sedimentary Shale,175.76,579.42,1550.1,27.7,0.125,7.0,1,0.971,2,230.5
KAG-NER-03204,Mizoram,23.0878,92.9392,Sedimentary Shale,65.03,181.44,2553.8,24.0,0.238,14.5,2,0.417,1,200.9
KAG-NER-03205,Nagaland,26.1084,93.998,Sedimentary Shale,1.72,11.71,97.7,42.8,0.301,12.9,3,0.198,0,87.5
KAG-NER-03206,Mizoram,22.9794,92.7584,Clayey Loam,14.69,80.92,534.0,6.4,0.678,7.3,5,0.308,0,112.2
KAG-NER-03207,Mizoram,22.9091,92.4086,Weathered Gneiss,32.24,76.24,2295.6,45.6,0.432,20.7,1,0.477,1,236.1
KAG-NER-03208,Manipur,24.5823,93.4886,Weathered Gneiss,48.57,157.86,2511.4,25.2,0.487,7.1,2,0.469,1,186.6
KAG-NER-03209,Meghalaya,25.933,91.1768,Weathered Gneiss,30.37,82.24,2003.5,31.0,0.537,19.9,1,0.363,0,187.5
KAG-NER-03210,Nagaland,26.461,94.1954,Rocky Phyllite,58.61,262.58,2777.0,20.4,0.268,12.8,0,0.46,1,199.9
KAG-NER-03211,Assam,26.7857,91.6705,Rocky Phyllite,12.62,34.15,325.4,40.1,0.415,3.8,1,0.324,0,94.0
KAG-NER-03212,Nagaland,26.7187,94.1951,Weathered Gneiss,7.72,19.62,1564.2,28.5,0.184,18.7,1,0.202,0,158.8
KAG-NER-03213,Assam,26.9639,92.1427,Clayey Loam,2.11,8.55,1943.2,32.5,0.492,17.8,3,0.304,0,184.6
KAG-NER-03214,Nagaland,25.5403,94.4106,Sedimentary Shale,32.36,82.95,1991.2,32.0,0.694,18.6,4,0.414,1,204.3
KAG-NER-03215,Assam,25.8109,92.6388,Weathered Gneiss,44.33,116.09,2238.3,20.6,0.443,14.8,1,0.343,0,171.9
KAG-NER-03216,Assam,26.0699,93.3232,Alluvial Sandy Silt,15.0,51.74,2575.9,9.0,0.616,16.2,3,0.246,0,183.3
KAG-NER-03217,Assam,27.1712,92.5898,Sedimentary Shale,36.13,107.36,1063.7,38.3,0.542,20.1,3,0.463,1,195.6
KAG-NER-03218,Assam,26.9445,92.785,Sedimentary Shale,2.04,21.37,196.9,17.6,0.153,4.6,0,0.159,0,59.7
KAG-NER-03219,Manipur,24.6942,94.4887,Rocky Phyllite,3.97,10.52,1065.8,40.0,0.311,3.7,1,0.334,0,108.2
KAG-NER-03220,Manipur,25.246,94.2573,Sedimentary Shale,45.97,142.9,1906.8,30.3,0.836,4.5,8,0.512,1,155.3
KAG-NER-03221,Meghalaya,25.3666,91.617,Sedimentary Shale,17.44,63.22,660.6,20.1,0.769,19.4,4,0.378,0,176.9
KAG-NER-03222,Assam,26.1135,92.4976,Clayey Loam,42.28,100.63,2283.1,29.8,0.422,13.3,4,0.41,1,186.8
KAG-NER-03223,Assam,26.4779,94.2424,Sedimentary Shale,67.72,143.29,677.8,31.8,0.128,5.5,0,0.486,1,133.6
KAG-NER-03224,Assam,27.0544,92.3658,Weathered Gneiss,72.76,164.55,107.4,34.3,0.447,4.8,1,0.597,1,150.1
KAG-NER-03225,Assam,25.8248,94.378,Sedimentary Shale,7.18,21.54,1462.0,38.9,0.368,10.9,2,0.27,0,141.0
KAG-NER-03226,Tripura,23.4091,91.8463,Sedimentary Shale,25.31,103.85,2056.0,12.4,0.317,18.3,7,0.338,0,173.5
KAG-NER-03227,Assam,25.835,92.2978,Weathered Gneiss,50.31,144.91,1031.1,43.8,0.391,18.1,2,0.525,1,212.0
KAG-NER-03228,Arunachal Pradesh,28.4775,91.9531,Weathered Gneiss,56.51,127.44,2117.0,22.4,0.125,19.0,1,0.314,0,204.5
KAG-NER-03229,Assam,26.3932,91.8822,Weathered Gneiss,58.35,121.8,1272.5,40.4,0.127,17.4,2,0.405,1,180.3
KAG-NER-03230,Assam,27.0671,94.412,Rocky Phyllite,9.84,26.36,547.1,14.8,0.618,3.2,3,0.298,0,94.3
KAG-NER-03231,Meghalaya,25.3139,90.4111,Weathered Gneiss,8.13,27.46,326.3,7.2,0.059,16.4,0,0.139,0,123.7
KAG-NER-03232,Nagaland,26.278,93.9046,Alluvial Sandy Silt,33.88,88.21,2012.8,28.9,0.308,12.4,4,0.392,1,166.6
KAG-NER-03233,Assam,26.7409,90.6445,Sedimentary Shale,51.35,146.99,1129.1,19.0,0.576,16.5,6,0.413,1,170.7
KAG-NER-03234,Assam,25.9868,93.5887,Clayey Loam,14.61,43.76,2562.7,45.4,0.511,11.7,3,0.38,0,187.2
KAG-NER-03235,Arunachal Pradesh,27.2398,95.3591,Clayey Loam,4.2,46.89,1549.5,10.2,0.397,11.7,3,0.111,0,118.3
KAG-NER-03236,Assam,25.882,91.4697,Weathered Gneiss,47.93,113.03,1027.7,7.9,0.17,4.5,3,0.254,0,99.5
KAG-NER-03237,Assam,27.198,92.4488,Sedimentary Shale,13.54,115.36,1029.3,7.8,0.325,20.1,4,0.225,0,143.2
KAG-NER-03238,Sikkim,27.5921,88.2461,Weathered Gneiss,6.91,23.15,437.5,14.7,0.569,9.5,3,0.28,0,119.3
KAG-NER-03239,Nagaland,26.2538,94.4892,Sedimentary Shale,6.07,47.77,1695.1,29.2,0.445,13.6,3,0.272,0,150.1
KAG-NER-03240,Meghalaya,25.383,92.3551,Rocky Phyllite,14.37,54.21,1663.5,26.2,0.365,6.1,2,0.263,0,120.7
KAG-NER-03241,Arunachal Pradesh,27.8655,93.2511,Weathered Gneiss,34.13,141.66,2256.0,20.0,0.415,9.4,2,0.376,0,174.2
KAG-NER-03242,Arunachal Pradesh,27.7922,94.0954,Weathered Gneiss,16.86,43.13,627.3,9.6,0.769,19.4,5,0.306,0,165.8
KAG-NER-03243,Meghalaya,25.249,91.2471,Sedimentary Shale,0.79,12.4,870.9,15.3,0.267,6.2,2,0.203,0,93.9
KAG-NER-03244,Nagaland,25.8808,94.0014,Sedimentary Shale,3.87,21.96,344.5,13.4,0.551,6.1,6,0.174,0,78.4
KAG-NER-03245,Manipur,25.0656,93.7721,Alluvial Sandy Silt,13.04,146.94,883.3,35.8,0.478,7.2,6,0.403,1,142.4
KAG-NER-03246,Assam,27.1164,91.8215,Weathered Gneiss,40.96,226.26,1244.4,37.2,0.474,13.5,2,0.543,1,189.4
KAG-NER-03247,Meghalaya,25.4741,92.2461,Weathered Gneiss,3.94,12.85,2702.2,37.1,0.196,12.4,5,0.232,0,155.9
KAG-NER-03248,Arunachal Pradesh,27.7736,93.9616,Sedimentary Shale,31.25,102.29,1856.3,44.8,0.515,5.5,6,0.448,1,154.8
KAG-NER-03249,Mizoram,22.88,92.7385,Sedimentary Shale,4.85,32.66,2209.4,41.4,0.204,15.8,1,0.272,0,161.9
KAG-NER-03250,Nagaland,25.779,94.899,Sedimentary Shale,9.04,24.62,965.4,25.9,0.463,20.2,4,0.212,0,137.4
KAG-NER-03251,Meghalaya,25.3775,92.4997,Rocky Phyllite,7.18,28.08,473.1,22.6,0.585,6.0,3,0.243,0,107.8
KAG-NER-03252,Assam,26.7467,92.0341,Clayey Loam,2.64,104.9,778.3,42.6,0.38,15.5,3,0.321,0,138.6
KAG-NER-03253,Nagaland,26.1609,94.6608,Rocky Phyllite,42.28,150.44,777.6,30.4,0.665,13.7,9,0.492,1,174.1
KAG-NER-03254,Assam,27.0367,91.2218,Weathered Gneiss,23.66,62.39,1666.1,17.8,0.586,8.6,3,0.29,0,134.0
KAG-NER-03255,Arunachal Pradesh,27.4433,93.0085,Clayey Loam,67.57,134.92,1008.8,28.6,0.433,14.4,2,0.462,1,182.0
KAG-NER-03256,Assam,25.8589,93.1921,Sedimentary Shale,3.96,19.56,2412.1,45.7,0.559,6.2,3,0.364,0,157.5
KAG-NER-03257,Nagaland,26.5967,93.9724,Weathered Gneiss,5.94,28.82,2768.8,40.0,0.439,18.7,3,0.223,0,193.7
KAG-NER-03258,Assam,26.8361,93.3247,Sedimentary Shale,13.91,34.52,1013.8,17.3,0.205,2.4,1,0.172,0,74.7
KAG-NER-03259,Arunachal Pradesh,27.501,92.1348,Clayey Loam,55.17,124.65,1997.8,44.1,0.223,13.3,0,0.491,1,199.2
KAG-NER-03260,Tripura,24.0512,92.1255,Weathered Gneiss,13.87,43.59,1868.4,45.3,0.294,8.4,2,0.388,1,162.9
KAG-NER-03261,Assam,26.7602,90.5805,Weathered Gneiss,19.95,75.82,608.9,15.2,0.247,19.6,1,0.251,0,145.3
KAG-NER-03262,Meghalaya,25.2946,90.3806,Clayey Loam,13.64,28.59,2577.0,41.8,0.575,12.0,3,0.427,1,197.2
KAG-NER-03263,Arunachal Pradesh,27.8126,94.9041,Alluvial Sandy Silt,3.18,56.57,622.5,41.3,0.058,18.0,0,0.209,0,132.6
KAG-NER-03264,Assam,25.9548,94.2725,Rocky Phyllite,106.55,227.47,2084.5,7.6,0.222,20.5,3,0.535,1,222.0
KAG-NER-03265,Manipur,24.7777,94.104,Weathered Gneiss,30.22,121.53,1025.5,32.8,0.193,8.7,1,0.372,0,142.6
KAG-NER-03266,Assam,27.16,90.8766,Weathered Gneiss,58.91,126.64,1078.5,18.2,0.854,19.6,4,0.468,1,204.7
KAG-NER-03267,Meghalaya,25.9111,90.5279,Alluvial Sandy Silt,40.81,103.27,1318.8,33.0,0.754,16.5,8,0.489,1,192.4
KAG-NER-03268,Meghalaya,25.4537,92.4137,Weathered Gneiss,27.44,65.59,2431.5,42.5,0.443,4.2,4,0.537,1,180.9
KAG-NER-03269,Nagaland,26.6688,94.1596,Weathered Gneiss,3.57,35.81,461.5,26.0,0.149,4.1,1,0.199,0,77.1
KAG-NER-03270,Nagaland,26.2317,94.4622,Weathered Gneiss,39.11,166.0,228.4,22.6,0.116,18.3,1,0.349,0,165.0
KAG-NER-03271,Arunachal Pradesh,28.2324,92.0468,Clayey Loam,6.42,24.22,1173.6,42.9,0.485,11.4,2,0.378,0,148.3
KAG-NER-03272,Assam,26.9341,92.6657,Weathered Gneiss,20.33,44.6,231.2,45.0,0.48,11.9,1,0.391,1,139.3
KAG-NER-03273,Manipur,24.6309,93.6782,Alluvial Sandy Silt,37.69,126.99,1950.3,8.5,0.674,19.8,2,0.324,0,186.5
KAG-NER-03274,Meghalaya,25.5583,92.6571,Sedimentary Shale,57.92,182.95,2148.1,42.9,0.676,20.1,4,0.672,1,263.9
KAG-NER-03275,Mizoram,23.6223,93.3485,Sedimentary Shale,43.9,110.77,2404.8,9.3,0.499,4.3,4,0.27,0,121.4
KAG-NER-03276,Mizoram,23.0704,93.0965,Weathered Gneiss,42.31,83.26,2103.3,19.5,0.434,9.5,1,0.344,0,172.1
KAG-NER-03277,Mizoram,24.0184,93.047,Weathered Gneiss,6.13,34.18,2572.5,36.5,0.696,19.9,2,0.358,0,211.2
KAG-NER-03278,Meghalaya,25.6462,91.6685,Sedimentary Shale,16.14,64.18,2115.4,37.1,0.118,18.4,0,0.259,0,171.8
KAG-NER-03279,Arunachal Pradesh,28.2775,95.1974,Clayey Loam,1.67,7.24,2626.1,35.0,0.772,16.4,4,0.286,0,181.2
KAG-NER-03280,Manipur,24.1712,94.3577,Rocky Phyllite,48.3,151.76,605.3,7.6,0.556,4.0,4,0.365,0,111.4
KAG-NER-03281,Meghalaya,25.4727,90.8596,Alluvial Sandy Silt,115.86,267.8,1439.6,11.3,0.549,14.4,4,0.643,1,233.7
KAG-NER-03282,Assam,27.0177,92.4441,Weathered Gneiss,11.65,32.56,2783.5,43.4,0.508,13.6,3,0.411,1,212.8
KAG-NER-03283,Mizoram,24.0125,92.5897,Weathered Gneiss,3.49,21.26,1933.9,9.3,0.342,5.3,3,0.107,0,92.0
KAG-NER-03284,Tripura,23.2047,91.6946,Alluvial Sandy Silt,24.53,68.5,2469.9,9.1,0.304,17.5,3,0.181,0,164.5
KAG-NER-03285,Meghalaya,25.1902,92.1614,Sedimentary Shale,73.83,241.5,162.7,39.4,0.835,8.2,3,0.77,2,192.7
KAG-NER-03286,Assam,26.1865,92.4964,Alluvial Sandy Silt,30.51,152.8,2451.2,31.7,0.423,14.4,2,0.404,1,179.0
KAG-NER-03287,Arunachal Pradesh,27.0393,92.79,Rocky Phyllite,1.82,27.73,1977.8,20.1,0.88,9.2,4,0.287,0,141.4
KAG-NER-03288,Mizoram,23.9722,92.4667,Weathered Gneiss,139.09,356.73,544.5,12.6,0.282,3.7,2,0.748,2,181.0
KAG-NER-03289,Tripura,23.9766,92.2009,Alluvial Sandy Silt,67.03,260.47,149.9,41.4,0.331,12.5,2,0.55,1,157.4
KAG-NER-03290,Assam,26.7518,94.1496,Rocky Phyllite,5.36,21.81,787.0,45.5,0.609,8.1,2,0.33,0,135.0
KAG-NER-03291,Assam,25.9526,91.6283,Weathered Gneiss,96.84,328.08,2570.9,8.0,0.319,3.4,3,0.62,1,189.6
KAG-NER-03292,Mizoram,24.1418,93.0866,Clayey Loam,22.77,57.46,1897.3,28.2,0.612,6.0,4,0.333,0,130.5
KAG-NER-03293,Arunachal Pradesh,27.9233,94.487,Clayey Loam,17.67,77.04,2581.0,16.5,0.083,14.4,1,0.174,0,159.1
KAG-NER-03294,Meghalaya,25.4728,90.3158,Rocky Phyllite,23.49,102.24,1293.5,39.3,0.442,4.0,1,0.395,1,132.2
KAG-NER-03295,Sikkim,27.6491,88.643,Clayey Loam,68.37,241.45,2627.6,19.8,0.32,3.7,2,0.482,1,171.3
KAG-NER-03296,Assam,26.4619,94.5489,Alluvial Sandy Silt,40.94,111.57,1339.3,34.6,0.16,20.9,1,0.362,0,193.4
KAG-NER-03297,Nagaland,25.8706,93.8415,Alluvial Sandy Silt,2.32,12.99,635.6,27.6,0.398,4.2,2,0.238,0,88.1
KAG-NER-03298,Assam,27.0219,94.0864,Sedimentary Shale,120.11,227.38,491.8,27.7,0.716,9.5,1,0.774,2,219.0
KAG-NER-03299,Arunachal Pradesh,27.724,92.0883,Alluvial Sandy Silt,6.08,16.85,2783.2,40.3,0.168,4.7,1,0.229,0,119.4
KAG-NER-03300,Mizoram,23.1226,93.0219,Sedimentary Shale,52.01,125.88,988.1,24.8,0.501,20.8,3,0.412,1,182.6
KAG-NER-03301,Meghalaya,25.4465,92.3748,Weathered Gneiss,38.42,100.27,515.3,39.8,0.248,11.6,3,0.411,1,156.6
KAG-NER-03302,Sikkim,27.765,88.7445,Alluvial Sandy Silt,7.89,56.83,102.9,20.5,0.497,4.2,2,0.324,0,94.9
KAG-NER-03303,Meghalaya,25.4398,92.2506,Alluvial Sandy Silt,7.11,25.36,856.7,13.0,0.331,17.4,2,0.154,0,121.8
KAG-NER-03304,Arunachal Pradesh,27.4623,92.252,Weathered Gneiss,77.62,265.9,2498.4,24.2,0.428,17.6,0,0.542,1,230.1
KAG-NER-03305,Assam,25.8468,92.2357,Sedimentary Shale,20.68,98.67,1532.5,25.9,0.204,20.0,0,0.208,0,160.2
KAG-NER-03306,Arunachal Pradesh,28.3457,92.5754,Weathered Gneiss,40.39,148.94,1800.2,25.1,0.312,16.1,2,0.358,0,168.5
KAG-NER-03307,Arunachal Pradesh,27.2304,95.8642,Sedimentary Shale,26.65,101.71,2588.9,38.3,0.123,3.1,2,0.316,0,128.7
KAG-NER-03308,Assam,25.835,94.036,Sedimentary Shale,49.38,101.6,1474.9,28.6,0.672,13.0,4,0.417,1,175.1
KAG-NER-03309,Arunachal Pradesh,27.4142,91.6687,Weathered Gneiss,24.79,89.64,2360.1,41.5,0.307,9.7,4,0.394,1,180.4
KAG-NER-03310,Meghalaya,25.926,90.5631,Alluvial Sandy Silt,12.87,70.22,960.8,26.6,0.459,17.0,0,0.294,0,157.7
KAG-NER-03311,Manipur,24.7725,93.4385,Weathered Gneiss,17.16,32.81,2737.7,15.0,0.411,13.8,1,0.278,0,171.3
KAG-NER-03312,Nagaland,25.4913,93.4749,Weathered Gneiss,74.46,239.34,294.4,11.2,0.199,16.5,3,0.449,1,159.5
KAG-NER-03313,Manipur,24.1618,93.1142,Rocky Phyllite,23.98,66.53,2051.5,40.7,0.547,5.6,3,0.457,1,164.1
KAG-NER-03314,Assam,26.8648,92.685,Alluvial Sandy Silt,9.12,28.94,1876.7,8.2,0.233,10.7,3,0.123,0,107.4
KAG-NER-03315,Assam,26.28,92.3827,Weathered Gneiss,103.64,243.51,601.3,10.7,0.161,10.6,1,0.466,1,157.5
KAG-NER-03316,Nagaland,26.7005,94.7661,Weathered Gneiss,60.52,211.17,1137.7,8.5,0.696,21.6,1,0.499,1,207.2
KAG-NER-03317,Meghalaya,25.7441,92.5002,Clayey Loam,2.18,31.14,930.9,22.9,0.55,2.4,6,0.207,0,79.9
KAG-NER-03318,Assam,26.2475,92.215,Sedimentary Shale,260.39,750.0,337.0,27.3,0.284,18.3,3,1.25,2,321.5
KAG-NER-03319,Mizoram,23.7206,92.986,Alluvial Sandy Silt,45.11,127.59,1670.6,6.8,0.543,3.9,3,0.309,0,125.8
KAG-NER-03320,Manipur,24.6744,93.6411,Sedimentary Shale,6.64,35.58,2782.8,26.6,0.473,3.6,4,0.298,0,145.2
KAG-NER-03321,Meghalaya,25.9876,92.3349,Sedimentary Shale,10.29,58.11,1602.1,21.8,0.328,8.6,2,0.255,0,141.7
KAG-NER-03322,Assam,26.409,93.7728,Rocky Phyllite,44.81,190.27,1563.1,36.9,0.415,16.0,1,0.469,1,190.1
KAG-NER-03323,Manipur,24.3774,93.1603,Weathered Gneiss,57.5,127.39,189.7,39.2,0.432,15.6,1,0.556,1,192.2
KAG-NER-03324,Nagaland,25.8934,94.0045,Weathered Gneiss,10.38,31.6,458.7,33.4,0.759,14.6,6,0.442,1,144.1
KAG-NER-03325,Manipur,24.0232,94.3037,Clayey Loam,11.29,119.91,1476.0,24.9,0.669,17.5,2,0.341,0,176.1
KAG-NER-03326,Manipur,24.5029,93.9287,Rocky Phyllite,13.94,50.86,2759.7,14.6,0.484,6.6,9,0.213,0,124.4
KAG-NER-03327,Mizoram,22.9109,92.4925,Sedimentary Shale,34.63,172.04,2464.4,39.9,0.372,14.7,5,0.48,1,202.1
KAG-NER-03328,Meghalaya,25.9007,91.7826,Sedimentary Shale,7.16,22.87,1005.4,19.7,0.298,14.8,1,0.226,0,122.3
KAG-NER-03329,Assam,27.1304,94.9944,Clayey Loam,4.18,20.96,1557.0,20.3,0.379,15.1,5,0.251,0,139.8
KAG-NER-03330,Nagaland,25.9206,93.8482,Alluvial Sandy Silt,43.16,109.74,1583.4,42.6,0.759,13.9,7,0.53,1,192.6
KAG-NER-03331,Nagaland,26.6017,94.8979,Clayey Loam,57.38,179.38,1944.2,45.0,0.607,6.4,5,0.614,1,212.2
KAG-NER-03332,Manipur,24.8815,94.2722,Alluvial Sandy Silt,26.41,123.42,1950.8,41.9,0.458,20.3,5,0.437,1,204.0
KAG-NER-03333,Assam,26.8944,92.099,Weathered Gneiss,17.19,66.59,2228.2,45.9,0.228,21.5,0,0.346,0,191.4
KAG-NER-03334,Assam,26.604,94.2488,Sedimentary Shale,21.5,60.79,147.9,40.8,0.286,15.8,0,0.333,0,139.3
KAG-NER-03335,Tripura,24.0257,91.1254,Weathered Gneiss,18.68,65.6,2646.8,34.2,0.491,10.9,3,0.305,0,169.3
KAG-NER-03336,Manipur,24.4714,93.2312,Clayey Loam,122.3,426.68,270.6,17.8,0.141,12.7,1,0.742,2,222.5
KAG-NER-03337,Tripura,23.4796,92.1866,Sedimentary Shale,55.53,152.14,1375.2,44.1,0.341,4.2,1,0.531,1,157.8
KAG-NER-03338,Manipur,24.0517,93.3517,Alluvial Sandy Silt,8.87,53.71,2581.3,41.1,0.044,9.3,0,0.334,0,147.4
KAG-NER-03339,Nagaland,25.8334,94.3253,Sedimentary Shale,18.42,57.19,1406.5,15.6,0.785,21.5,4,0.352,0,183.9
KAG-NER-03340,Nagaland,26.1477,93.7274,Weathered Gneiss,29.84,89.47,253.1,25.6,0.499,13.0,3,0.345,0,126.2
KAG-NER-03341,Tripura,23.3971,91.3842,Sedimentary Shale,36.07,68.58,703.5,8.8,0.714,13.2,6,0.274,0,117.3
KAG-NER-03342,Meghalaya,25.5523,90.9051,Weathered Gneiss,24.0,85.95,1654.0,44.1,0.271,21.1,1,0.467,1,208.5
KAG-NER-03343,Nagaland,26.7266,94.0958,Alluvial Sandy Silt,63.13,216.71,319.0,28.9,0.396,19.7,0,0.458,1,175.8
KAG-NER-03344,Assam,25.8823,93.7817,Alluvial Sandy Silt,55.45,224.54,1232.4,15.8,0.296,13.4,2,0.414,1,165.5
KAG-NER-03345,Meghalaya,25.396,91.8991,Weathered Gneiss,26.73,104.34,975.1,17.7,0.14,7.4,0,0.24,0,94.6
KAG-NER-03346,Manipur,24.3914,93.9132,Weathered Gneiss,73.23,161.74,2297.4,45.2,0.187,4.3,2,0.524,1,182.6
KAG-NER-03347,Arunachal Pradesh,28.1354,95.676,Sedimentary Shale,52.85,132.16,379.6,30.6,0.659,19.3,3,0.469,1,191.9
KAG-NER-03348,Assam,26.1656,92.0069,Clayey Loam,57.29,176.36,1937.2,22.8,0.521,20.4,2,0.429,1,211.8
KAG-NER-03349,Arunachal Pradesh,27.6428,95.6723,Clayey Loam,119.04,274.81,1185.9,26.0,0.622,11.9,4,0.699,1,222.6
KAG-NER-03350,Assam,27.0619,90.9045,Weathered Gneiss,11.78,40.82,1678.7,9.9,0.03,3.9,0,0.11,0,85.3
KAG-NER-03351,Assam,25.9847,92.7298,Weathered Gneiss,11.84,91.43,639.0,9.0,0.407,14.1,0,0.232,0,112.5
KAG-NER-03352,Arunachal Pradesh,27.0706,93.0551,Alluvial Sandy Silt,83.52,248.6,1738.4,29.7,0.49,9.3,3,0.598,1,199.7
KAG-NER-03353,Tripura,23.3781,91.8632,Alluvial Sandy Silt,56.22,157.37,1913.2,26.5,0.7,5.2,2,0.495,1,162.6
KAG-NER-03354,Meghalaya,25.9545,92.7915,Alluvial Sandy Silt,99.22,229.11,271.0,20.4,0.662,20.4,1,0.588,1,194.1
KAG-NER-03355,Assam,26.3253,93.1956,Weathered Gneiss,2.48,44.26,2322.2,28.6,0.362,6.8,2,0.26,0,136.3
KAG-NER-03356,Assam,26.9988,91.0286,Clayey Loam,37.55,126.2,2422.6,8.9,0.661,16.2,4,0.356,0,198.0
KAG-NER-03357,Nagaland,26.3654,94.0133,Weathered Gneiss,5.94,17.07,252.9,43.8,0.241,10.6,3,0.308,0,111.5
KAG-NER-03358,Arunachal Pradesh,27.2298,93.3124,Weathered Gneiss,26.64,52.7,1720.7,17.7,0.229,18.6,2,0.213,0,172.6
KAG-NER-03359,Mizoram,22.9139,93.0649,Sedimentary Shale,6.43,23.88,1695.7,8.9,0.231,16.0,0,0.086,0,131.0
KAG-NER-03360,Nagaland,25.7538,93.8671,Clayey Loam,5.21,85.1,113.9,12.8,0.09,4.5,1,0.154,0,55.5
KAG-NER-03361,Manipur,24.1695,94.3835,Alluvial Sandy Silt,0.47,21.65,1011.2,9.8,0.427,11.0,3,0.172,0,101.9
KAG-NER-03362,Arunachal Pradesh,27.6895,94.0747,Sedimentary Shale,37.81,91.32,2715.5,13.1,0.31,7.2,0,0.246,0,161.5
KAG-NER-03363,Nagaland,26.1972,94.0157,Clayey Loam,16.9,104.45,1590.8,22.7,0.469,16.3,4,0.296,0,159.2
KAG-NER-03364,Arunachal Pradesh,27.208,94.8531,Alluvial Sandy Silt,4.22,19.94,2618.3,35.5,0.455,12.9,6,0.244,0,165.3
KAG-NER-03365,Tripura,23.3525,91.2246,Weathered Gneiss,14.81,45.96,1917.8,16.9,0.17,8.8,2,0.139,0,115.7
KAG-NER-03366,Nagaland,26.3942,93.7133,Rocky Phyllite,7.03,39.13,157.2,23.4,0.496,8.6,5,0.239,0,78.0
KAG-NER-03367,Arunachal Pradesh,27.3908,93.6385,Weathered Gneiss,108.0,250.92,291.4,43.2,0.639,4.3,2,0.741,2,161.0
KAG-NER-03368,Arunachal Pradesh,27.619,94.6886,Sedimentary Shale,14.66,41.0,2044.3,17.8,0.615,6.3,2,0.308,0,144.9
KAG-NER-03369,Assam,26.6728,93.3998,Alluvial Sandy Silt,15.44,29.72,1588.4,37.8,0.228,16.3,2,0.293,0,152.8
KAG-NER-03370,Nagaland,26.3997,93.8389,Clayey Loam,69.6,206.77,425.9,12.3,0.184,14.2,0,0.459,1,159.8
KAG-NER-03371,Assam,26.2513,92.471,Sedimentary Shale,39.65,80.21,1750.3,13.1,0.333,9.1,3,0.333,0,134.5
KAG-NER-03372,Nagaland,25.8304,94.8774,Clayey Loam,47.06,166.59,2284.0,24.2,0.314,18.7,3,0.413,1,205.6
KAG-NER-03373,Arunachal Pradesh,28.2025,92.2409,Clayey Loam,38.4,85.93,2128.1,15.4,0.309,11.7,1,0.209,0,142.4
KAG-NER-03374,Nagaland,25.4078,93.4642,Rocky Phyllite,111.05,335.07,749.6,42.1,0.224,17.9,1,0.77,2,222.7
KAG-NER-03375,Mizoram,23.1661,92.4257,Sedimentary Shale,8.81,27.63,782.3,8.0,0.215,17.6,0,0.169,0,125.3
KAG-NER-03376,Manipur,24.7467,94.3728,Alluvial Sandy Silt,171.51,465.05,2712.5,29.9,0.325,19.0,0,0.972,2,325.5
KAG-NER-03377,Manipur,25.0315,93.345,Sedimentary Shale,67.55,215.03,2493.7,30.2,0.784,19.0,1,0.633,1,251.7
KAG-NER-03378,Assam,26.359,92.7855,Weathered Gneiss,33.79,161.64,945.9,8.6,0.336,15.6,1,0.295,0,136.1
KAG-NER-03379,Assam,26.9343,94.276,Sedimentary Shale,41.26,131.68,2321.4,35.3,0.626,17.0,6,0.445,1,205.8
KAG-NER-03380,Nagaland,26.6736,94.1639,Weathered Gneiss,39.77,164.32,519.9,24.8,0.364,17.5,1,0.432,1,165.6
KAG-NER-03381,Arunachal Pradesh,28.0108,92.0031,Sedimentary Shale,2.29,111.34,615.4,34.9,0.607,5.4,3,0.373,0,131.2
KAG-NER-03382,Meghalaya,25.6088,90.8466,Weathered Gneiss,9.35,34.68,572.9,39.1,0.307,8.0,1,0.316,0,112.4
KAG-NER-03383,Assam,26.4044,93.3532,Sedimentary Shale,123.74,418.16,318.6,18.9,0.418,4.1,1,0.742,2,171.0
KAG-NER-03384,Arunachal Pradesh,27.3112,91.7348,Weathered Gneiss,29.05,165.18,2404.7,25.4,0.731,5.8,5,0.539,1,187.1
KAG-NER-03385,Assam,25.8143,90.5997,Sedimentary Shale,18.06,79.76,1654.4,16.4,0.333,17.6,1,0.257,0,163.9
KAG-NER-03386,Mizoram,22.8125,92.4214,Alluvial Sandy Silt,54.55,110.26,784.4,14.1,0.421,20.9,1,0.345,0,173.4
KAG-NER-03387,Assam,26.1353,91.4955,Weathered Gneiss,28.25,82.04,2388.3,6.0,0.205,15.5,3,0.15,0,152.4
KAG-NER-03388,Meghalaya,25.9881,90.9956,Sedimentary Shale,0.5,6.77,2263.2,44.5,0.633,19.7,2,0.299,0,194.5
KAG-NER-03389,Assam,25.9784,92.955,Sedimentary Shale,50.64,139.79,354.6,23.6,0.388,8.4,3,0.439,1,121.6
KAG-NER-03390,Nagaland,26.6011,94.4171,Clayey Loam,50.07,114.89,1832.1,6.5,0.803,18.9,3,0.369,0,194.6
KAG-NER-03391,Arunachal Pradesh,27.3737,94.0273,Alluvial Sandy Silt,6.86,26.98,2043.4,6.4,0.249,8.8,6,0.099,0,108.8
KAG-NER-03392,Tripura,24.0578,91.9737,Sedimentary Shale,119.27,265.22,2027.1,17.5,0.53,19.9,3,0.64,1,244.7
KAG-NER-03393,Tripura,23.9998,92.145,Rocky Phyllite,9.63,75.32,2046.9,6.6,0.428,18.0,4,0.151,0,151.2
KAG-NER-03394,Arunachal Pradesh,28.2922,94.1052,Alluvial Sandy Silt,23.26,80.74,540.9,21.0,0.37,21.7,2,0.279,0,154.1
KAG-NER-03395,Tripura,23.7158,91.8699,Sedimentary Shale,4.63,16.13,937.0,8.5,0.422,18.5,3,0.152,0,128.0
KAG-NER-03396,Sikkim,27.6727,88.1045,Clayey Loam,35.13,80.64,2376.2,7.6,0.531,10.0,7,0.243,0,147.8
KAG-NER-03397,Mizoram,24.288,92.5012,Clayey Loam,17.89,61.56,2523.6,32.8,0.09,4.2,1,0.281,0,122.6
KAG-NER-03398,Mizoram,23.5054,93.2592,Alluvial Sandy Silt,16.56,149.66,839.4,42.3,0.447,19.5,2,0.397,1,178.2
KAG-NER-03399,Assam,26.1151,92.6456,Clayey Loam,66.66,175.84,142.6,22.4,0.157,13.4,0,0.407,1,145.9
KAG-NER-03400,Meghalaya,25.2193,91.2272,Sedimentary Shale,0.37,3.06,2418.6,39.5,0.539,19.2,0,0.323,0,197.5
KAG-NER-03401,Assam,26.048,92.1363,Rocky Phyllite,60.77,166.07,1105.7,7.2,0.485,9.7,3,0.393,1,140.2
KAG-NER-03402,Assam,26.3228,94.9693,Sedimentary Shale,32.2,102.5,976.1,37.1,0.316,2.6,2,0.331,0,98.8
KAG-NER-03403,Sikkim,27.7964,88.1918,Alluvial Sandy Silt,162.48,438.36,1023.8,8.5,0.617,3.0,1,0.747,2,188.8
KAG-NER-03404,Arunachal Pradesh,28.0616,91.7329,Weathered Gneiss,33.83,113.2,1210.7,39.5,0.625,15.4,4,0.505,1,196.5
KAG-NER-03405,Manipur,24.0423,93.1685,Sedimentary Shale,2.16,17.84,1108.9,41.3,0.071,4.3,0,0.266,0,112.9
KAG-NER-03406,Mizoram,24.2482,93.3349,Rocky Phyllite,1.97,12.58,1620.7,37.4,0.188,16.9,1,0.256,0,163.3
KAG-NER-03407,Mizoram,23.0909,92.4778,Sedimentary Shale,81.58,287.72,294.7,38.8,0.445,10.4,6,0.67,1,187.3
KAG-NER-03408,Sikkim,27.2684,88.5124,Clayey Loam,69.93,216.02,2722.6,28.5,0.461,13.3,2,0.542,1,202.3
KAG-NER-03409,Assam,26.5976,91.4972,Weathered Gneiss,16.13,43.16,2627.1,16.6,0.249,18.0,3,0.197,0,167.2
KAG-NER-03410,Assam,26.8593,91.893,Alluvial Sandy Silt,36.57,139.96,2621.6,31.7,0.368,7.1,1,0.441,1,181.4
KAG-NER-03411,Arunachal Pradesh,28.3754,94.4553,Sedimentary Shale,25.56,91.51,2471.6,23.6,0.187,10.3,1,0.275,0,150.1
KAG-NER-03412,Assam,26.4109,94.0546,Alluvial Sandy Silt,129.82,307.29,1876.1,6.2,0.559,16.6,2,0.68,1,234.8
KAG-NER-03413,Assam,26.9451,91.8072,Clayey Loam,113.81,450.51,681.4,25.1,0.597,20.4,4,0.885,2,259.9
KAG-NER-03414,Arunachal Pradesh,27.4435,95.7118,Alluvial Sandy Silt,156.76,536.73,214.6,32.0,0.233,7.8,1,0.917,2,233.2
KAG-NER-03415,Manipur,24.2306,93.0674,Weathered Gneiss,76.5,215.13,350.2,6.6,0.11,14.5,1,0.379,0,133.4
KAG-NER-03416,Meghalaya,25.5086,92.2831,Sedimentary Shale,91.31,280.37,961.3,30.9,0.522,21.0,2,0.638,1,228.3
KAG-NER-03417,Arunachal Pradesh,28.1347,95.6379,Sedimentary Shale,9.31,37.23,1450.6,32.1,0.455,15.0,2,0.284,0,146.0
KAG-NER-03418,Nagaland,26.1465,93.5501,Clayey Loam,67.56,228.8,2781.6,12.3,0.415,19.9,2,0.462,1,225.5
KAG-NER-03419,Assam,26.6242,94.0028,Alluvial Sandy Silt,46.89,128.73,1264.4,23.2,0.207,20.8,2,0.324,0,179.5
KAG-NER-03420,Assam,25.9307,91.277,Weathered Gneiss,125.06,356.57,1507.0,44.6,0.872,20.6,4,0.879,2,292.8
KAG-NER-03421,Manipur,24.0172,93.9498,Sedimentary Shale,32.18,117.8,1970.8,41.4,0.661,17.2,5,0.446,1,192.5
KAG-NER-03422,Nagaland,26.6414,94.406,Weathered Gneiss,3.38,16.42,571.6,22.4,0.134,13.0,0,0.176,0,105.4
KAG-NER-03423,Manipur,25.3749,93.1009,Alluvial Sandy Silt,34.57,95.03,2617.3,20.0,0.437,3.9,1,0.309,0,141.6
KAG-NER-03424,Assam,27.0642,94.1633,Sedimentary Shale,44.09,149.01,1519.0,11.0,0.713,6.5,1,0.398,1,140.7
KAG-NER-03425,Mizoram,23.2714,93.3709,Weathered Gneiss,9.46,51.96,831.4,7.4,0.278,7.1,1,0.154,0,77.6
KAG-NER-03426,Nagaland,25.8031,94.734,Sedimentary Shale,19.04,92.1,2623.5,17.9,0.679,2.7,3,0.372,0,158.8
KAG-NER-03427,Meghalaya,25.8927,92.1699,Alluvial Sandy Silt,34.68,73.98,1781.2,43.6,0.755,4.0,4,0.492,1,150.8
KAG-NER-03428,Nagaland,26.1889,93.58,Alluvial Sandy Silt,17.81,66.49,1395.6,44.3,0.566,7.9,6,0.434,1,143.1
KAG-NER-03429,Mizoram,23.598,92.6925,Sedimentary Shale,17.86,46.06,1658.0,38.5,0.262,3.8,1,0.274,0,123.1
KAG-NER-03430,Nagaland,26.5091,94.5372,Sedimentary Shale,5.43,39.24,2115.4,20.0,0.582,5.4,4,0.251,0,127.2
KAG-NER-03431,Nagaland,26.6749,93.4222,Sedimentary Shale,107.39,351.92,500.3,11.7,0.431,3.1,0,0.608,1,140.1
KAG-NER-03432,Sikkim,27.6664,88.8508,Sedimentary Shale,52.75,143.42,2432.3,29.8,0.422,10.3,3,0.453,1,188.2
KAG-NER-03433,Manipur,25.105,93.2083,Alluvial Sandy Silt,0.05,12.36,2689.9,31.9,0.585,18.4,4,0.29,0,187.7
KAG-NER-03434,Meghalaya,25.1732,90.2542,Sedimentary Shale,55.13,153.36,1622.2,23.0,0.264,18.2,1,0.397,1,200.6
KAG-NER-03435,Manipur,24.8802,94.0075,Weathered Gneiss,51.16,144.94,1935.8,33.7,0.457,20.1,6,0.466,1,213.5
KAG-NER-03436,Arunachal Pradesh,28.4791,93.2912,Alluvial Sandy Silt,0.37,75.07,2418.7,35.9,0.269,16.9,4,0.298,0,187.0
KAG-NER-03437,Assam,26.2647,93.3099,Clayey Loam,17.53,37.7,1099.5,37.3,0.261,6.9,0,0.29,0,116.0
KAG-NER-03438,Nagaland,26.5559,94.8052,Sedimentary Shale,35.47,95.89,2780.5,26.1,0.616,16.0,3,0.388,1,216.2
KAG-NER-03439,Tripura,24.1637,91.612,Sedimentary Shale,22.91,55.55,1931.0,37.7,0.08,17.1,0,0.255,0,166.1
KAG-NER-03440,Tripura,23.9619,92.1276,Sedimentary Shale,57.19,182.71,1233.3,7.0,0.398,12.9,2,0.399,1,170.5
KAG-NER-03441,Arunachal Pradesh,27.685,92.4751,Weathered Gneiss,21.06,107.38,1922.4,33.2,0.742,18.1,5,0.439,1,207.3
KAG-NER-03442,Meghalaya,25.2528,90.2004,Alluvial Sandy Silt,6.35,60.35,1499.0,15.4,0.319,3.4,3,0.18,0,87.0
KAG-NER-03443,Assam,26.8055,90.9999,Alluvial Sandy Silt,142.39,502.76,383.7,16.8,0.516,13.9,2,0.837,2,229.5
KAG-NER-03444,Sikkim,27.2707,88.3383,Sedimentary Shale,10.53,55.77,2244.8,9.7,0.468,11.6,3,0.3,0,158.4
KAG-NER-03445,Sikkim,27.4923,88.4184,Sedimentary Shale,48.06,217.75,1615.1,13.7,0.821,18.1,3,0.38,0,180.2
KAG-NER-03446,Nagaland,26.3445,93.4835,Weathered Gneiss,5.87,26.64,2244.7,45.7,0.76,4.6,1,0.383,1,141.9
KAG-NER-03447,Mizoram,22.9859,92.8491,Sedimentary Shale,15.16,79.21,501.4,22.6,0.757,6.3,9,0.337,0,120.5
KAG-NER-03448,Manipur,24.4718,93.4733,Clayey Loam,22.17,110.3,1544.3,43.1,0.358,13.2,1,0.455,1,163.3
KAG-NER-03449,Nagaland,25.4938,94.7436,Sedimentary Shale,8.11,40.1,2165.2,12.5,0.624,20.9,4,0.222,0,187.9
KAG-NER-03450,Assam,26.7685,91.0473,Clayey Loam,22.72,76.24,2768.2,14.2,0.161,3.7,0,0.218,0,116.8
KAG-NER-03451,Meghalaya,25.1585,92.7347,Sedimentary Shale,6.5,22.69,2485.6,28.3,0.396,16.9,4,0.235,0,176.3
KAG-NER-03452,Nagaland,26.3536,94.0262,Clayey Loam,31.11,106.99,2431.0,20.0,0.22,6.1,0,0.367,0,152.4
KAG-NER-03453,Nagaland,26.3824,94.5345,Alluvial Sandy Silt,41.41,94.22,753.1,31.8,0.411,4.1,4,0.421,1,110.0
KAG-NER-03454,Arunachal Pradesh,28.1479,93.6504,Weathered Gneiss,2.45,13.05,2359.3,22.9,0.309,9.9,4,0.165,0,140.1
KAG-NER-03455,Sikkim,27.4009,88.1088,Weathered Gneiss,77.86,244.41,540.4,38.5,0.314,13.7,2,0.639,1,175.4
KAG-NER-03456,Assam,27.0972,93.2149,Alluvial Sandy Silt,7.78,63.47,618.9,23.3,0.15,18.5,1,0.2,0,136.7
KAG-NER-03457,Meghalaya,25.2828,92.591,Sedimentary Shale,9.7,30.28,379.5,28.9,0.204,14.7,0,0.303,0,131.8
KAG-NER-03458,Nagaland,26.6809,94.8838,Clayey Loam,41.15,128.59,2412.7,18.8,0.175,11.8,1,0.371,0,186.6
KAG-NER-03459,Nagaland,26.6237,94.8967,Weathered Gneiss,24.04,73.22,374.5,34.2,0.626,7.7,4,0.416,1,132.1
KAG-NER-03460,Nagaland,25.7426,94.6634,Clayey Loam,26.29,88.61,455.7,32.2,0.372,7.9,3,0.351,0,121.8
KAG-NER-03461,Arunachal Pradesh,28.2168,92.5392,Weathered Gneiss,5.21,27.99,748.8,21.9,0.639,17.4,5,0.244,0,144.7
KAG-NER-03462,Assam,25.9378,94.9074,Weathered Gneiss,62.26,148.37,1637.6,17.0,0.503,4.3,4,0.472,1,159.9
KAG-NER-03463,Nagaland,25.8144,94.7063,Weathered Gneiss,36.47,70.09,2474.1,30.6,0.688,4.9,2,0.484,1,179.7
KAG-NER-03464,Nagaland,25.4058,93.4315,Weathered Gneiss,5.53,11.83,1217.6,43.7,0.651,16.4,6,0.359,0,163.2
KAG-NER-03465,Assam,26.4522,91.5742,Alluvial Sandy Silt,17.8,88.07,1565.9,11.3,0.389,21.2,3,0.257,0,169.8
KAG-NER-03466,Manipur,24.9658,93.9049,Clayey Loam,63.19,125.74,532.9,38.0,0.605,4.4,2,0.568,1,148.4
KAG-NER-03467,Meghalaya,25.1697,90.6228,Clayey Loam,31.93,106.77,803.4,27.7,0.253,14.2,0,0.376,0,150.0
KAG-NER-03468,Nagaland,25.9433,93.6784,Sedimentary Shale,4.37,89.13,444.3,27.0,0.342,6.8,6,0.246,0,110.5
KAG-NER-03469,Mizoram,23.9883,92.7577,Clayey Loam,17.73,95.55,1195.0,44.5,0.474,2.5,1,0.445,1,131.1
KAG-NER-03470,Assam,25.9308,92.6795,Sedimentary Shale,10.56,25.79,1685.7,30.2,0.25,18.6,2,0.334,0,170.5
KAG-NER-03471,Assam,25.9272,91.0802,Sedimentary Shale,27.69,85.55,852.5,39.2,0.34,12.2,3,0.394,1,148.4
KAG-NER-03472,Manipur,24.3355,94.3752,Sedimentary Shale,70.44,227.64,2381.1,26.6,0.316,2.5,1,0.541,1,169.4
KAG-NER-03473,Nagaland,26.6945,94.6394,Sedimentary Shale,21.78,96.15,2749.0,16.0,0.696,19.9,2,0.354,0,227.0
KAG-NER-03474,Nagaland,25.8677,93.8087,Clayey Loam,21.58,88.44,406.8,33.8,0.413,12.7,2,0.387,1,141.1
KAG-NER-03475,Mizoram,23.6237,93.094,Alluvial Sandy Silt,89.59,228.25,128.6,42.9,0.209,16.7,2,0.582,1,190.8
KAG-NER-03476,Mizoram,24.2901,92.4447,Sedimentary Shale,32.62,108.23,2228.2,39.6,0.275,10.5,3,0.489,1,195.7
KAG-NER-03477,Sikkim,27.1345,88.6555,Weathered Gneiss,31.74,86.63,598.5,13.9,0.878,5.7,4,0.385,1,126.4
KAG-NER-03478,Meghalaya,25.849,92.4005,Sedimentary Shale,11.54,45.2,1040.6,18.7,0.466,11.3,1,0.268,0,128.4
KAG-NER-03479,Meghalaya,25.7106,92.6804,Alluvial Sandy Silt,35.56,109.96,1152.3,26.7,0.66,7.8,3,0.43,1,143.8
KAG-NER-03480,Arunachal Pradesh,27.7176,95.6122,Weathered Gneiss,32.6,101.23,2573.2,28.9,0.54,7.9,2,0.438,1,180.9
KAG-NER-03481,Assam,27.1549,94.3122,Alluvial Sandy Silt,19.21,37.01,1872.0,13.8,0.73,14.9,5,0.266,0,147.5
KAG-NER-03482,Meghalaya,25.3788,90.7102,Rocky Phyllite,177.74,560.45,190.5,15.2,0.172,3.9,2,0.873,2,194.9
KAG-NER-03483,Arunachal Pradesh,27.777,93.5386,Weathered Gneiss,81.17,226.94,120.3,36.4,0.456,9.9,3,0.62,1,182.6
KAG-NER-03484,Tripura,24.2533,91.22,Alluvial Sandy Silt,52.62,180.55,622.8,35.2,0.32,12.9,3,0.511,1,175.2
KAG-NER-03485,Nagaland,25.7608,94.5277,Rocky Phyllite,29.29,98.25,945.4,39.6,0.405,16.2,3,0.404,1,166.9
KAG-NER-03486,Nagaland,25.533,93.8811,Weathered Gneiss,23.56,64.52,1397.9,43.3,0.877,14.7,5,0.466,1,200.2
KAG-NER-03487,Arunachal Pradesh,27.5194,94.3017,Weathered Gneiss,7.77,23.86,2358.9,18.3,0.413,19.7,1,0.223,0,172.5
KAG-NER-03488,Assam,26.0214,94.3727,Weathered Gneiss,13.87,46.73,936.3,40.4,0.161,21.8,2,0.263,0,163.9
KAG-NER-03489,Assam,26.4266,94.6266,Clayey Loam,56.51,186.8,1104.2,32.6,0.299,20.7,1,0.528,1,208.8
KAG-NER-03490,Arunachal Pradesh,27.6486,92.7377,Alluvial Sandy Silt,22.98,78.22,975.8,44.3,0.466,17.3,2,0.412,1,172.3
KAG-NER-03491,Assam,25.9986,90.5169,Alluvial Sandy Silt,81.3,300.33,104.4,16.9,0.756,15.7,3,0.66,1,199.4
KAG-NER-03492,Nagaland,26.145,93.5607,Alluvial Sandy Silt,6.08,26.3,2678.1,16.8,0.609,2.7,3,0.192,0,121.8
KAG-NER-03493,Tripura,23.6701,91.8071,Rocky Phyllite,26.98,112.23,458.1,34.2,0.537,12.7,7,0.475,1,156.4
KAG-NER-03494,Tripura,23.5308,91.3103,Clayey Loam,39.57,101.12,862.5,43.1,0.607,15.3,3,0.52,1,178.1
KAG-NER-03495,Nagaland,26.4846,94.8202,Clayey Loam,27.64,104.26,431.7,39.0,0.225,10.3,0,0.403,1,149.7
KAG-NER-03496,Assam,25.9406,91.2002,Alluvial Sandy Silt,83.61,209.07,1414.3,35.1,0.448,9.7,1,0.558,1,184.8
KAG-NER-03497,Mizoram,24.24,92.3416,Alluvial Sandy Silt,173.37,515.83,2615.5,21.5,0.499,12.9,1,0.95,2,288.0
KAG-NER-03498,Tripura,24.3732,91.1056,Rocky Phyllite,4.68,32.02,353.9,34.7,0.486,20.1,3,0.313,0,143.5
KAG-NER-03499,Assam,27.0231,91.883,Clayey Loam,5.29,20.1,1279.2,38.0,0.745,7.2,7,0.323,0,143.3
KAG-NER-03500,Manipur,25.314,93.5071,Clayey Loam,5.31,15.98,140.9,36.1,0.606,10.0,3,0.301,0,127.9
KAG-NER-03501,Arunachal Pradesh,27.9469,91.8601,Alluvial Sandy Silt,43.44,148.97,2176.8,33.1,0.314,15.1,1,0.466,1,205.4
KAG-NER-03502,Mizoram,23.1635,93.151,Weathered Gneiss,17.72,82.99,1824.1,7.9,0.336,5.7,3,0.183,0,102.6
KAG-NER-03503,Sikkim,27.4701,88.8424,Weathered Gneiss,50.22,151.9,1983.2,32.4,0.307,18.7,1,0.464,1,213.8
KAG-NER-03504,Assam,26.4003,94.4142,Sedimentary Shale,19.76,115.07,1364.8,25.1,0.461,15.3,3,0.313,0,154.2
KAG-NER-03505,Tripura,23.7387,92.2751,Weathered Gneiss,37.54,77.23,2548.8,44.5,0.473,9.0,1,0.484,1,197.1
KAG-NER-03506,Nagaland,26.7438,93.8937,Sedimentary Shale,55.82,121.6,1194.0,30.3,0.452,16.4,2,0.414,1,179.0
KAG-NER-03507,Sikkim,27.7201,88.7781,Alluvial Sandy Silt,30.19,106.4,1478.3,30.3,0.572,7.6,2,0.436,1,154.5
KAG-NER-03508,Meghalaya,25.2896,91.8232,Clayey Loam,29.47,89.81,1971.2,45.8,0.767,17.5,3,0.602,1,232.0
KAG-NER-03509,Mizoram,22.909,93.2204,Sedimentary Shale,3.51,11.56,1495.9,9.7,0.753,3.4,3,0.194,0,92.4
KAG-NER-03510,Assam,26.0444,90.8187,Sedimentary Shale,20.1,83.15,595.0,17.1,0.355,10.5,2,0.236,0,115.4
KAG-NER-03511,Arunachal Pradesh,27.5404,94.0961,Clayey Loam,29.99,71.16,942.4,32.2,0.513,7.2,6,0.43,1,139.0
KAG-NER-03512,Assam,26.9969,94.8841,Alluvial Sandy Silt,23.55,67.13,331.0,18.6,0.641,18.3,2,0.327,0,163.8
KAG-NER-03513,Sikkim,27.4076,88.1484,Alluvial Sandy Silt,87.8,294.3,1256.7,19.8,0.354,17.1,0,0.538,1,220.5
KAG-NER-03514,Mizoram,23.9237,92.9217,Alluvial Sandy Silt,90.06,202.79,1737.5,41.7,0.637,18.8,3,0.705,1,248.9
KAG-NER-03515,Mizoram,23.4718,92.6402,Sedimentary Shale,65.57,140.21,402.4,29.2,0.489,15.0,2,0.506,1,168.1
KAG-NER-03516,Tripura,23.8029,91.5064,Sedimentary Shale,17.88,53.77,1795.2,10.1,0.572,17.9,5,0.22,0,157.3
KAG-NER-03517,Assam,26.8598,92.9475,Rocky Phyllite,48.01,137.43,2508.6,18.4,0.744,10.8,8,0.424,1,181.5
KAG-NER-03518,Arunachal Pradesh,28.303,93.9459,Alluvial Sandy Silt,19.11,56.94,998.6,9.0,0.824,15.6,5,0.33,0,159.5
KAG-NER-03519,Assam,26.1336,94.3299,Sedimentary Shale,10.06,35.14,683.9,28.2,0.408,2.6,1,0.232,0,90.0
KAG-NER-03520,Assam,26.5801,91.4308,Sedimentary Shale,15.96,67.68,2509.0,12.9,0.58,19.6,4,0.211,0,188.2
KAG-NER-03521,Assam,26.6729,92.1097,Alluvial Sandy Silt,2.8,31.5,1962.1,40.3,0.579,15.7,2,0.315,0,169.9
KAG-NER-03522,Meghalaya,25.86,91.3786,Sedimentary Shale,15.32,81.63,366.7,29.1,0.467,19.3,2,0.368,0,157.7
KAG-NER-03523,Arunachal Pradesh,28.0623,91.9299,Sedimentary Shale,23.47,104.3,1190.1,8.4,0.232,17.4,1,0.207,0,124.3
KAG-NER-03524,Assam,26.3544,94.9246,Sedimentary Shale,118.25,235.39,1913.5,18.0,0.34,7.7,5,0.58,1,186.8
KAG-NER-03525,Assam,26.9318,91.2197,Sedimentary Shale,14.29,30.62,1642.3,30.7,0.203,7.5,1,0.246,0,114.3
KAG-NER-03526,Assam,26.1889,91.9842,Alluvial Sandy Silt,88.44,243.76,1762.4,19.4,0.233,18.0,1,0.544,1,210.0
KAG-NER-03527,Sikkim,27.5553,88.7056,Rocky Phyllite,9.88,31.95,1622.6,26.5,0.348,5.7,3,0.309,0,123.1
KAG-NER-03528,Manipur,25.0493,93.8158,Weathered Gneiss,8.05,21.94,2250.7,42.4,0.569,4.2,4,0.374,0,145.3
KAG-NER-03529,Sikkim,27.6676,88.4497,Sedimentary Shale,27.81,81.06,951.6,20.0,0.456,2.3,1,0.392,1,115.6
KAG-NER-03530,Meghalaya,25.2115,91.6675,Sedimentary Shale,42.42,128.57,2007.0,19.4,0.489,8.0,5,0.415,1,174.6
KAG-NER-03531,Arunachal Pradesh,28.4237,95.0685,Rocky Phyllite,1.72,34.15,2775.7,38.8,0.472,4.0,2,0.305,0,154.7
KAG-NER-03532,Manipur,24.8102,94.0349,Weathered Gneiss,9.49,40.09,1140.7,18.8,0.236,18.0,1,0.227,0,136.2
KAG-NER-03533,Arunachal Pradesh,28.3889,93.4275,Weathered Gneiss,23.11,134.88,2231.7,9.1,0.754,11.7,8,0.372,0,177.3
KAG-NER-03534,Arunachal Pradesh,27.4302,95.8976,Clayey Loam,15.28,81.17,749.4,13.2,0.266,7.1,2,0.26,0,96.8
KAG-NER-03535,Assam,27.0088,91.9537,Weathered Gneiss,47.38,94.86,846.8,44.0,0.098,14.0,0,0.447,1,167.3
KAG-NER-03536,Assam,26.4493,92.3679,Weathered Gneiss,27.2,74.96,2622.8,43.3,0.783,3.4,7,0.495,1,186.5
KAG-NER-03537,Arunachal Pradesh,27.1386,95.8102,Rocky Phyllite,6.64,32.64,150.6,15.0,0.288,16.5,0,0.152,0,99.8
KAG-NER-03538,Arunachal Pradesh,27.5469,95.439,Weathered Gneiss,85.45,316.15,671.4,28.1,0.425,12.0,4,0.656,1,186.9
KAG-NER-03539,Nagaland,25.6651,94.2218,Weathered Gneiss,13.17,38.96,1393.5,11.5,0.424,2.1,1,0.142,0,77.6
KAG-NER-03540,Assam,25.8335,93.939,Alluvial Sandy Silt,49.91,155.46,1173.0,33.0,0.247,8.4,0,0.435,1,161.3
KAG-NER-03541,Assam,26.6133,93.3152,Rocky Phyllite,57.52,193.68,1791.3,13.4,0.332,17.0,0,0.359,0,196.8
KAG-NER-03542,Mizoram,22.8776,92.5321,Rocky Phyllite,125.44,367.69,604.2,8.0,0.269,5.8,4,0.667,1,167.9
KAG-NER-03543,Assam,25.9041,91.8001,Clayey Loam,26.23,126.72,271.9,39.0,0.512,21.2,1,0.482,1,187.1
KAG-NER-03544,Arunachal Pradesh,27.9039,94.0478,Weathered Gneiss,36.35,129.59,1084.6,19.0,0.114,19.9,2,0.308,0,168.3
KAG-NER-03545,Mizoram,23.7182,92.9042,Clayey Loam,15.5,51.49,1506.2,10.3,0.39,17.6,4,0.196,0,134.3
KAG-NER-03546,Assam,26.1822,91.6003,Weathered Gneiss,43.08,111.49,1608.6,39.4,0.334,3.6,6,0.432,1,130.6
KAG-NER-03547,Assam,25.9919,94.3208,Alluvial Sandy Silt,23.65,107.11,1716.1,36.5,0.45,9.1,5,0.452,1,170.9
KAG-NER-03548,Meghalaya,25.6548,90.6849,Sedimentary Shale,21.87,92.67,1572.4,33.4,0.375,8.0,6,0.399,1,148.0
KAG-NER-03549,Arunachal Pradesh,27.1835,95.4287,Alluvial Sandy Silt,73.5,281.04,748.4,42.4,0.649,4.8,5,0.672,1,162.0
KAG-NER-03550,Meghalaya,25.7685,91.9144,Sedimentary Shale,1.96,41.32,2159.6,25.6,0.145,22.0,2,0.201,0,182.4
KAG-NER-03551,Mizoram,23.4103,92.5882,Clayey Loam,81.2,294.36,318.8,11.1,0.016,4.9,0,0.472,1,126.9
KAG-NER-03552,Assam,27.1712,94.0876,Weathered Gneiss,72.62,183.4,619.5,8.5,0.45,8.3,2,0.425,1,136.3
KAG-NER-03553,Nagaland,25.8225,94.6713,Weathered Gneiss,26.83,68.54,2091.1,18.7,0.45,19.6,1,0.241,0,165.5
KAG-NER-03554,Meghalaya,25.783,90.9724,Alluvial Sandy Silt,25.6,56.37,840.9,9.5,0.419,4.9,3,0.149,0,62.7
KAG-NER-03555,Assam,26.3972,91.3368,Weathered Gneiss,17.07,55.2,1422.2,27.4,0.466,11.4,3,0.316,0,139.6
KAG-NER-03556,Nagaland,25.5555,94.4841,Alluvial Sandy Silt,195.52,567.48,970.0,6.6,0.014,21.5,0,0.83,2,268.8
KAG-NER-03557,Arunachal Pradesh,27.328,95.1903,Clayey Loam,4.48,29.68,1459.0,23.8,0.407,6.9,1,0.211,0,103.5
KAG-NER-03558,Meghalaya,25.996,90.3992,Sedimentary Shale,33.9,88.74,1022.9,13.1,0.559,16.1,1,0.347,0,149.5
KAG-NER-03559,Assam,26.4622,94.1093,Weathered Gneiss,43.5,126.62,2784.2,20.7,0.431,3.6,2,0.398,1,158.9
KAG-NER-03560,Meghalaya,25.8101,92.176,Rocky Phyllite,103.48,248.77,1052.3,33.0,0.457,14.0,2,0.652,1,209.7
KAG-NER-03561,Arunachal Pradesh,27.4584,93.5423,Clayey Loam,57.57,195.32,1785.6,20.0,0.573,8.8,1,0.524,1,193.9
KAG-NER-03562,Mizoram,23.6925,93.3713,Rocky Phyllite,39.23,152.32,2496.3,19.7,0.172,16.0,1,0.354,0,193.0
KAG-NER-03563,Assam,26.2586,94.6541,Clayey Loam,4.72,16.15,1815.2,45.6,0.584,10.7,2,0.348,0,144.7
KAG-NER-03564,Arunachal Pradesh,27.331,95.9508,Weathered Gneiss,17.78,81.25,1619.1,34.8,0.586,8.0,6,0.451,1,145.9
KAG-NER-03565,Meghalaya,25.7032,91.4051,Sedimentary Shale,5.68,30.74,1628.3,26.6,0.08,12.9,0,0.203,0,113.4
KAG-NER-03566,Manipur,24.8587,93.436,Sedimentary Shale,80.96,320.37,1430.4,29.2,0.721,4.8,6,0.677,1,192.0
KAG-NER-03567,Meghalaya,25.3468,90.4952,Sedimentary Shale,52.62,215.8,2276.6,30.8,0.258,18.3,0,0.4,1,195.6
KAG-NER-03568,Nagaland,25.5597,93.9215,Sedimentary Shale,53.84,142.26,217.2,7.0,0.568,17.0,3,0.385,1,155.1
KAG-NER-03569,Manipur,25.068,93.9728,Rocky Phyllite,40.14,136.99,2487.6,9.2,0.279,12.9,1,0.273,0,174.5
KAG-NER-03570,Mizoram,22.9539,93.2375,Weathered Gneiss,26.88,63.85,1674.7,32.0,0.58,9.3,7,0.385,1,160.4
KAG-NER-03571,Arunachal Pradesh,27.8622,95.8239,Sedimentary Shale,6.17,24.49,2388.9,20.6,0.816,20.3,4,0.289,0,190.7
KAG-NER-03572,Meghalaya,25.7032,90.6555,Clayey Loam,15.2,70.45,108.3,8.2,0.625,14.7,5,0.164,0,113.2
KAG-NER-03573,Mizoram,23.5107,93.0133,Weathered Gneiss,5.6,40.28,2444.4,17.9,0.152,7.7,2,0.15,0,118.3
KAG-NER-03574,Sikkim,27.1198,88.1119,Sedimentary Shale,49.05,138.42,406.8,11.2,0.434,18.1,1,0.312,0,138.3
KAG-NER-03575,Tripura,23.3553,91.402,Sedimentary Shale,6.64,26.17,2041.7,42.7,0.582,14.7,4,0.344,0,177.8
KAG-NER-03576,Arunachal Pradesh,27.5873,93.6935,Alluvial Sandy Silt,46.02,185.92,1212.9,14.1,0.445,4.5,0,0.377,0,132.8
KAG-NER-03577,Assam,25.9932,93.5303,Clayey Loam,44.78,105.81,1932.5,11.7,0.563,4.3,7,0.354,0,116.5
KAG-NER-03578,Meghalaya,25.6365,90.9656,Sedimentary Shale,23.37,94.87,1788.7,31.0,0.207,20.8,2,0.331,0,197.9
KAG-NER-03579,Manipur,24.0191,93.1242,Alluvial Sandy Silt,5.52,36.43,524.4,26.9,0.7,7.8,6,0.332,0,101.5
KAG-NER-03580,Meghalaya,25.4525,90.6003,Sedimentary Shale,14.37,48.03,1479.7,29.0,0.466,15.3,4,0.21,0,123.1
KAG-NER-03581,Meghalaya,25.4391,91.8333,Sedimentary Shale,14.66,29.55,834.1,23.4,0.43,2.7,4,0.315,0,97.3
KAG-NER-03582,Mizoram,23.6209,92.5543,Sedimentary Shale,45.8,161.08,1604.4,24.7,0.478,13.1,4,0.376,0,157.4
KAG-NER-03583,Arunachal Pradesh,27.4501,94.2631,Sedimentary Shale,4.59,62.16,2087.4,37.2,0.09,6.6,0,0.258,0,134.2
KAG-NER-03584,Mizoram,24.0913,93.1285,Weathered Gneiss,67.13,205.32,301.0,14.8,0.28,4.8,1,0.4,1,114.7
KAG-NER-03585,Arunachal Pradesh,27.7854,93.1303,Alluvial Sandy Silt,54.39,170.52,1482.9,21.9,0.207,17.5,2,0.411,1,188.1
KAG-NER-03586,Arunachal Pradesh,27.4841,95.4574,Sedimentary Shale,7.83,29.02,1760.0,44.3,0.626,18.2,4,0.313,0,185.4
KAG-NER-03587,Meghalaya,25.1353,92.7688,Sedimentary Shale,48.26,148.03,883.4,13.6,0.742,16.3,4,0.497,1,182.0
KAG-NER-03588,Manipur,24.9301,94.0898,Rocky Phyllite,41.96,151.83,2672.2,17.8,0.466,2.2,6,0.374,0,152.8
KAG-NER-03589,Assam,25.8532,93.2249,Sedimentary Shale,52.39,192.21,1495.2,13.7,0.542,7.7,9,0.456,1,146.0
KAG-NER-03590,Assam,26.4787,90.976,Clayey Loam,7.96,26.7,576.4,6.8,0.578,9.2,2,0.155,0,95.1
KAG-NER-03591,Sikkim,27.2945,88.8123,Alluvial Sandy Silt,6.52,57.38,373.2,16.8,0.055,15.8,0,0.218,0,114.5
KAG-NER-03592,Assam,26.57,92.3604,Weathered Gneiss,10.25,56.52,1553.3,7.9,0.192,17.1,1,0.087,0,122.0
KAG-NER-03593,Meghalaya,25.1654,92.0567,Sedimentary Shale,17.31,49.38,1100.6,12.2,0.947,14.6,10,0.221,0,127.8
KAG-NER-03594,Meghalaya,25.7326,91.7965,Sedimentary Shale,59.97,153.25,603.7,20.5,0.34,17.8,2,0.474,1,178.6
KAG-NER-03595,Meghalaya,25.5592,91.3278,Alluvial Sandy Silt,50.89,147.45,163.5,6.8,0.398,10.5,3,0.291,0,105.9
KAG-NER-03596,Nagaland,26.2306,93.7501,Weathered Gneiss,98.66,276.78,1621.2,36.1,0.32,12.8,1,0.67,1,203.8
KAG-NER-03597,Assam,27.1178,93.1496,Weathered Gneiss,2.3,5.93,1708.2,37.8,0.811,3.3,6,0.423,1,151.7
KAG-NER-03598,Meghalaya,25.3801,91.3692,Clayey Loam,0.44,27.32,465.7,22.5,0.785,10.5,5,0.274,0,107.0
KAG-NER-03599,Arunachal Pradesh,28.1891,92.2273,Weathered Gneiss,45.64,141.37,1716.7,45.4,0.465,10.7,1,0.538,1,187.3
KAG-NER-03600,Nagaland,25.81,94.4193,Rocky Phyllite,12.45,65.57,2669.4,33.2,0.481,14.2,2,0.37,0,190.8
KAG-NER-03601,Assam,26.2417,94.0663,Alluvial Sandy Silt,15.45,64.64,2741.0,35.7,0.313,9.6,1,0.325,0,172.6
KAG-NER-03602,Meghalaya,25.2174,92.183,Sedimentary Shale,30.07,71.63,2496.7,13.7,0.404,6.8,1,0.323,0,148.6
KAG-NER-03603,Assam,25.8957,90.5567,Weathered Gneiss,4.11,11.38,2275.3,39.5,0.576,6.8,5,0.359,0,163.0
KAG-NER-03604,Arunachal Pradesh,28.3372,94.116,Clayey Loam,39.11,134.1,649.5,43.8,0.262,4.7,2,0.423,1,138.4
KAG-NER-03605,Assam,26.2926,91.5467,Sedimentary Shale,14.94,72.84,505.5,15.5,0.667,16.0,3,0.327,0,156.0
KAG-NER-03606,Assam,26.6636,92.7905,Alluvial Sandy Silt,38.06,170.47,1290.3,33.5,0.197,14.5,0,0.416,1,173.5
KAG-NER-03607,Mizoram,24.2874,93.3815,Sedimentary Shale,68.24,232.94,1765.4,35.9,0.715,13.6,4,0.647,1,218.0
KAG-NER-03608,Arunachal Pradesh,27.916,93.4929,Rocky Phyllite,7.13,51.56,2393.8,18.2,0.47,12.6,3,0.252,0,153.1
KAG-NER-03609,Tripura,23.7894,91.919,Alluvial Sandy Silt,101.53,318.03,710.9,25.0,0.517,9.4,4,0.729,2,196.9
KAG-NER-03610,Sikkim,27.1711,88.3627,Sedimentary Shale,28.75,72.29,1384.6,9.9,0.751,17.4,2,0.28,0,151.4
KAG-NER-03611,Meghalaya,25.1677,90.3907,Clayey Loam,97.39,195.64,1841.0,12.9,0.262,20.4,0,0.536,1,231.3
KAG-NER-03612,Assam,26.0742,92.6836,Sedimentary Shale,8.85,61.15,1292.0,8.5,0.361,10.8,3,0.229,0,120.9
KAG-NER-03613,Arunachal Pradesh,28.1556,93.6847,Weathered Gneiss,35.25,106.21,1315.4,28.4,0.321,10.2,2,0.339,0,141.9
KAG-NER-03614,Manipur,24.4697,93.1318,Alluvial Sandy Silt,19.66,88.94,692.3,31.0,0.668,5.3,7,0.468,1,132.7
KAG-NER-03615,Arunachal Pradesh,27.7805,92.7207,Rocky Phyllite,56.55,149.54,2763.7,42.6,0.373,15.4,3,0.52,1,230.6
KAG-NER-03616,Assam,26.6609,94.8973,Weathered Gneiss,35.38,117.26,1372.5,27.7,0.454,13.2,3,0.418,1,171.1
KAG-NER-03617,Meghalaya,25.2002,90.7515,Clayey Loam,25.93,59.01,1529.1,16.4,0.733,21.8,6,0.313,0,180.6
KAG-NER-03618,Mizoram,23.5096,93.3655,Sedimentary Shale,92.78,275.37,674.5,8.4,0.65,13.7,5,0.618,1,192.3
KAG-NER-03619,Manipur,25.0805,94.4372,Sedimentary Shale,17.99,57.53,1478.5,41.4,0.543,7.8,5,0.381,1,143.7
KAG-NER-03620,Assam,26.2672,94.9642,Sedimentary Shale,9.44,64.31,774.6,25.2,0.132,13.3,1,0.227,0,125.2
KAG-NER-03621,Nagaland,25.544,93.4795,Alluvial Sandy Silt,35.6,127.71,630.4,35.5,0.578,21.7,1,0.363,0,166.6
KAG-NER-03622,Assam,26.9978,94.6727,Sedimentary Shale,37.17,126.48,830.0,6.6,0.656,16.5,9,0.322,0,147.1
KAG-NER-03623,Assam,25.9268,91.0104,Sedimentary Shale,21.97,88.58,87.5,25.5,0.457,4.6,1,0.311,0,74.3
KAG-NER-03624,Mizoram,22.8498,92.415,Rocky Phyllite,25.34,60.64,1630.8,19.0,0.414,8.9,3,0.205,0,110.1
KAG-NER-03625,Assam,26.0932,94.8653,Sedimentary Shale,121.9,323.2,1133.9,7.2,0.659,8.0,4,0.714,1,199.4
KAG-NER-03626,Arunachal Pradesh,27.9686,95.0035,Weathered Gneiss,50.13,147.11,2524.4,37.0,0.799,19.1,3,0.552,1,237.7
KAG-NER-03627,Assam,26.8866,92.9078,Alluvial Sandy Silt,4.45,35.28,190.7,26.5,0.556,14.2,7,0.207,0,91.0
KAG-NER-03628,Mizoram,23.9962,92.9554,Sedimentary Shale,9.06,56.97,197.5,19.3,0.435,18.2,1,0.27,0,137.3
KAG-NER-03629,Manipur,24.4404,93.8978,Weathered Gneiss,141.06,406.76,2489.6,38.2,0.219,5.5,2,0.898,2,250.3
KAG-NER-03630,Nagaland,26.1469,94.6352,Alluvial Sandy Silt,49.26,144.1,424.5,23.9,0.596,20.2,4,0.451,1,166.7
KAG-NER-03631,Manipur,25.3744,93.6577,Alluvial Sandy Silt,93.69,269.87,85.9,6.1,0.365,3.2,3,0.455,1,114.6
KAG-NER-03632,Assam,26.8687,90.9489,Clayey Loam,13.76,40.58,566.6,43.8,0.533,9.5,3,0.311,0,124.5
KAG-NER-03633,Meghalaya,25.7991,91.1657,Weathered Gneiss,51.46,141.22,2320.9,16.2,0.421,2.3,2,0.337,0,115.9
KAG-NER-03634,Arunachal Pradesh,26.963,93.1346,Clayey Loam,47.57,129.57,2263.4,39.2,0.589,5.7,5,0.484,1,179.7
KAG-NER-03635,Assam,26.6549,91.0366,Alluvial Sandy Silt,13.27,47.23,1005.2,38.7,0.609,21.2,6,0.448,1,194.0
KAG-NER-03636,Meghalaya,25.9316,90.4019,Alluvial Sandy Silt,30.41,112.48,1897.0,12.5,0.197,3.6,0,0.245,0,111.1
KAG-NER-03637,Tripura,24.316,91.9486,Sedimentary Shale,37.52,156.84,1459.7,25.0,0.297,4.9,1,0.333,0,116.1
KAG-NER-03638,Assam,26.2616,92.2584,Alluvial Sandy Silt,24.93,77.11,2540.9,7.6,0.184,20.5,1,0.164,0,171.5
KAG-NER-03639,Arunachal Pradesh,28.0853,94.2066,Alluvial Sandy Silt,66.71,184.74,233.5,20.2,0.764,16.2,3,0.584,1,185.7
KAG-NER-03640,Assam,26.7403,92.2512,Clayey Loam,67.98,145.07,2291.8,35.2,0.464,10.1,0,0.554,1,222.1
KAG-NER-03641,Assam,26.4829,94.9544,Alluvial Sandy Silt,72.24,167.98,544.0,15.5,0.228,3.4,3,0.413,1,118.8
KAG-NER-03642,Tripura,23.4567,91.6014,Weathered Gneiss,61.81,200.64,1145.2,10.7,0.614,17.7,2,0.457,1,187.7
KAG-NER-03643,Meghalaya,25.3626,92.1893,Alluvial Sandy Silt,25.44,86.85,602.1,26.3,0.491,11.9,2,0.351,0,144.1
KAG-NER-03644,Meghalaya,25.7876,90.9604,Clayey Loam,18.25,56.12,1991.1,27.5,0.855,8.5,5,0.397,1,168.8
KAG-NER-03645,Manipur,24.1139,93.0183,Weathered Gneiss,67.64,258.82,1925.0,33.0,0.583,9.2,1,0.617,1,193.1
KAG-NER-03646,Assam,26.3984,92.3465,Sedimentary Shale,25.6,85.8,1570.3,36.4,0.483,12.1,5,0.404,1,172.1
KAG-NER-03647,Meghalaya,25.9896,91.4215,Clayey Loam,10.75,72.75,1979.0,33.8,0.159,13.0,1,0.266,0,153.7
KAG-NER-03648,Arunachal Pradesh,27.3103,95.5105,Rocky Phyllite,26.9,70.19,1819.6,39.8,0.685,18.4,5,0.415,1,191.3
KAG-NER-03649,Nagaland,26.0875,94.2988,Weathered Gneiss,5.81,46.71,2191.9,14.9,0.205,17.4,3,0.152,0,143.6
KAG-NER-03650,Sikkim,27.167,88.4063,Rocky Phyllite,44.71,102.74,731.2,28.8,0.461,17.3,2,0.427,1,170.5
KAG-NER-03651,Manipur,25.3219,93.9432,Weathered Gneiss,15.56,69.87,1246.6,20.4,0.443,16.6,2,0.248,0,146.1
KAG-NER-03652,Arunachal Pradesh,27.4512,94.3155,Sedimentary Shale,11.48,41.57,492.4,44.5,0.657,17.2,1,0.427,1,174.9
KAG-NER-03653,Mizoram,24.1656,92.6014,Alluvial Sandy Silt,119.14,322.61,1248.5,23.6,0.427,15.6,4,0.745,2,219.0
KAG-NER-03654,Assam,26.5072,94.8141,Clayey Loam,57.0,182.41,1988.6,44.4,0.5,19.4,2,0.599,1,229.2
KAG-NER-03655,Assam,26.0414,93.7385,Alluvial Sandy Silt,58.78,209.2,1960.6,36.8,0.604,13.1,5,0.569,1,212.1
KAG-NER-03656,Assam,26.6603,93.5585,Sedimentary Shale,37.14,150.08,2009.6,34.7,0.682,12.4,2,0.508,1,196.3
KAG-NER-03657,Arunachal Pradesh,27.462,92.9125,Sedimentary Shale,69.44,156.17,919.8,25.7,0.116,16.0,1,0.431,1,172.7
KAG-NER-03658,Meghalaya,25.7158,90.7604,Alluvial Sandy Silt,54.1,168.5,1881.2,23.7,0.51,5.3,6,0.475,1,159.2
KAG-NER-03659,Nagaland,25.9875,93.6823,Clayey Loam,34.7,109.31,1079.5,27.1,0.973,17.5,11,0.549,1,205.1
KAG-NER-03660,Tripura,23.21,92.2641,Sedimentary Shale,123.4,347.8,2649.0,17.7,0.59,20.7,9,0.697,1,264.5
KAG-NER-03661,Meghalaya,25.4885,92.7203,Weathered Gneiss,8.08,66.9,1014.0,42.2,0.335,7.9,1,0.353,0,146.7
KAG-NER-03662,Meghalaya,25.2263,91.7272,Rocky Phyllite,109.11,203.89,1720.2,37.8,0.59,14.2,6,0.691,1,235.7
KAG-NER-03663,Assam,26.0814,94.0553,Weathered Gneiss,19.5,100.3,2120.4,38.1,0.258,2.7,1,0.309,0,130.6
KAG-NER-03664,Assam,26.8972,91.0067,Sedimentary Shale,28.56,131.09,2545.4,23.3,0.718,17.3,3,0.37,0,192.2
KAG-NER-03665,Meghalaya,25.9209,90.706,Rocky Phyllite,4.98,29.31,1271.2,8.8,0.397,13.2,3,0.191,0,119.1
KAG-NER-03666,Meghalaya,25.6517,92.7626,Weathered Gneiss,29.52,101.71,1060.5,33.3,0.356,15.5,2,0.323,0,156.5
KAG-NER-03667,Mizoram,24.1236,93.3522,Weathered Gneiss,35.9,105.74,1249.7,21.0,0.491,4.9,4,0.374,0,125.3
KAG-NER-03668,Assam,26.2796,90.9751,Sedimentary Shale,230.87,577.33,960.5,40.8,0.635,18.2,4,1.25,2,338.3
KAG-NER-03669,Assam,26.0637,92.7522,Weathered Gneiss,140.47,261.05,1858.7,37.2,0.497,7.1,2,0.765,2,217.7
KAG-NER-03670,Meghalaya,25.8139,90.5904,Clayey Loam,128.94,385.95,2617.0,11.8,0.735,15.7,6,0.816,2,270.4
KAG-NER-03671,Assam,26.7236,91.9561,Alluvial Sandy Silt,16.28,44.05,422.9,30.1,0.231,13.9,2,0.219,0,121.7
KAG-NER-03672,Assam,26.2777,93.4786,Weathered Gneiss,180.14,555.09,1605.7,33.7,0.82,15.1,6,1.127,2,308.6
KAG-NER-03673,Manipur,24.6538,94.2993,Alluvial Sandy Silt,23.1,98.95,2521.6,28.7,0.166,3.0,0,0.258,0,134.5
KAG-NER-03674,Assam,26.0183,94.0548,Weathered Gneiss,72.56,253.23,352.3,26.6,0.297,16.8,0,0.573,1,182.5
KAG-NER-03675,Nagaland,25.4899,93.6911,Alluvial Sandy Silt,9.26,117.78,1423.3,15.1,0.1,17.9,1,0.249,0,153.8
KAG-NER-03676,Arunachal Pradesh,27.9498,95.3472,Sedimentary Shale,26.79,81.81,2433.4,15.4,0.722,11.5,4,0.352,0,170.8
KAG-NER-03677,Assam,26.1538,91.9724,Sedimentary Shale,128.51,306.26,2529.2,36.7,0.315,10.2,2,0.867,2,267.3
KAG-NER-03678,Arunachal Pradesh,27.7594,92.4521,Clayey Loam,111.65,286.96,1479.0,6.7,0.791,8.9,5,0.675,1,210.8
KAG-NER-03679,Mizoram,24.0167,93.151,Sedimentary Shale,43.74,208.82,147.9,37.2,0.762,20.6,4,0.615,1,219.1
KAG-NER-03680,Arunachal Pradesh,27.1325,93.5872,Sedimentary Shale,60.75,117.68,367.3,27.1,0.591,17.1,3,0.52,1,178.8
KAG-NER-03681,Manipur,25.0848,93.5397,Sedimentary Shale,7.38,41.82,1675.9,43.4,0.245,16.0,1,0.286,0,161.8
KAG-NER-03682,Assam,26.6863,90.726,Weathered Gneiss,48.6,175.79,416.9,45.9,0.21,20.5,2,0.527,1,192.9
KAG-NER-03683,Manipur,24.8522,93.2442,Sedimentary Shale,36.57,112.63,486.4,32.5,0.269,9.0,1,0.344,0,121.0
KAG-NER-03684,Assam,26.9628,92.0995,Weathered Gneiss,3.65,31.18,2180.2,22.5,0.323,14.6,2,0.155,0,136.3
KAG-NER-03685,Nagaland,25.7942,94.6613,Rocky Phyllite,4.56,33.71,2121.9,25.0,0.643,15.7,1,0.332,0,170.1
KAG-NER-03686,Meghalaya,25.1451,91.2312,Clayey Loam,4.36,13.47,2372.3,14.2,0.877,21.9,7,0.232,0,189.8
KAG-NER-03687,Tripura,23.644,91.4418,Sedimentary Shale,48.97,107.3,367.6,10.0,0.13,10.5,2,0.274,0,111.9
KAG-NER-03688,Arunachal Pradesh,28.3588,94.8792,Sedimentary Shale,5.81,49.25,619.0,29.2,0.158,10.0,2,0.291,0,126.1
KAG-NER-03689,Assam,25.8895,93.7161,Sedimentary Shale,23.96,58.22,2345.7,38.2,0.838,3.7,8,0.384,1,150.2
KAG-NER-03690,Assam,26.5382,94.5539,Sedimentary Shale,16.78,53.48,2041.4,16.5,0.561,4.0,5,0.298,0,127.4
KAG-NER-03691,Mizoram,23.2694,92.9316,Sedimentary Shale,30.39,81.04,2272.2,22.8,0.741,12.2,5,0.39,1,184.3
KAG-NER-03692,Meghalaya,25.5507,91.4729,Rocky Phyllite,46.58,103.96,2772.1,28.2,0.448,5.4,2,0.411,1,178.4
KAG-NER-03693,Manipur,24.6385,93.329,Weathered Gneiss,43.86,120.15,2431.3,42.3,0.159,3.5,1,0.434,1,159.1
KAG-NER-03694,Assam,26.858,92.531,Weathered Gneiss,27.54,102.9,1495.7,11.5,0.4,21.3,4,0.276,0,153.5
KAG-NER-03695,Arunachal Pradesh,28.4336,92.6736,Weathered Gneiss,23.72,86.21,925.3,15.5,0.049,21.0,1,0.225,0,142.4
KAG-NER-03696,Assam,26.7558,94.7332,Alluvial Sandy Silt,19.27,51.52,1629.5,42.7,0.361,8.5,3,0.326,0,148.9
KAG-NER-03697,Sikkim,27.5644,88.797,Clayey Loam,75.23,249.31,1817.0,7.6,0.846,17.8,6,0.581,1,240.0
KAG-NER-03698,Nagaland,26.5585,93.9402,Rocky Phyllite,15.27,154.73,992.0,32.2,0.462,19.5,6,0.355,0,181.9
KAG-NER-03699,Tripura,23.9201,91.2875,Sedimentary Shale,11.41,110.03,2176.9,31.6,0.548,11.3,3,0.457,1,183.8
KAG-NER-03700,Arunachal Pradesh,27.7568,92.5369,Weathered Gneiss,51.68,148.82,332.3,21.3,0.387,6.5,2,0.407,1,117.3
KAG-NER-03701,Nagaland,26.4412,94.1921,Weathered Gneiss,16.94,60.6,2199.9,24.7,0.155,4.6,1,0.245,0,129.3
KAG-NER-03702,Nagaland,25.9757,93.8032,Weathered Gneiss,71.34,163.27,167.0,40.2,0.806,4.8,4,0.716,1,173.9
KAG-NER-03703,Arunachal Pradesh,28.4979,91.8227,Clayey Loam,15.1,89.36,1434.5,12.6,0.705,17.9,3,0.272,0,139.9
KAG-NER-03704,Mizoram,22.8653,92.539,Sedimentary Shale,46.0,104.74,2423.1,15.3,0.495,9.7,7,0.357,0,168.3
KAG-NER-03705,Sikkim,27.7798,88.8834,Clayey Loam,1.75,10.82,315.3,26.5,0.294,15.9,2,0.147,0,103.5
KAG-NER-03706,Tripura,23.9859,92.1561,Sedimentary Shale,18.51,79.15,1488.2,22.4,0.281,12.8,2,0.229,0,125.0
KAG-NER-03707,Manipur,24.2995,94.5553,Alluvial Sandy Silt,15.98,36.8,513.5,29.0,0.487,9.9,0,0.249,0,101.4
KAG-NER-03708,Arunachal Pradesh,27.1285,91.9551,Clayey Loam,64.47,256.04,2513.9,42.8,0.909,4.5,6,0.761,2,230.2
KAG-NER-03709,Arunachal Pradesh,27.0795,94.0791,Clayey Loam,129.69,284.26,2344.0,42.7,0.416,8.7,6,0.825,2,249.8
KAG-NER-03710,Sikkim,27.6467,88.3933,Weathered Gneiss,23.48,81.48,2620.3,15.2,0.201,18.8,1,0.212,0,185.0
KAG-NER-03711,Assam,27.1691,92.4549,Weathered Gneiss,66.2,203.46,2460.0,18.1,0.891,18.2,9,0.548,1,250.0
KAG-NER-03712,Manipur,24.2106,93.7455,Clayey Loam,45.71,160.41,2083.4,12.5,0.166,2.6,0,0.356,0,142.2
KAG-NER-03713,Manipur,24.9507,94.3316,Weathered Gneiss,130.07,364.53,582.9,43.1,0.41,4.8,2,0.861,2,209.3
KAG-NER-03714,Nagaland,26.0423,94.2904,Sedimentary Shale,63.33,179.42,902.8,21.9,0.344,17.1,1,0.42,1,172.0
KAG-NER-03715,Sikkim,27.2871,88.6167,Clayey Loam,3.06,33.1,1431.4,24.0,0.22,8.7,0,0.238,0,126.4
KAG-NER-03716,Arunachal Pradesh,28.4776,91.7207,Weathered Gneiss,47.47,161.86,1681.8,38.1,0.384,14.9,3,0.488,1,190.3
KAG-NER-03717,Arunachal Pradesh,28.3184,94.0303,Alluvial Sandy Silt,29.14,115.87,2207.5,26.5,0.307,13.3,5,0.372,0,174.6
KAG-NER-03718,Assam,26.1529,94.797,Rocky Phyllite,0.63,80.11,697.3,10.8,0.516,15.0,1,0.219,0,113.2
KAG-NER-03719,Meghalaya,25.535,91.0624,Sedimentary Shale,11.0,26.11,428.9,23.5,0.253,3.1,1,0.296,0,76.3
KAG-NER-03720,Arunachal Pradesh,27.1904,92.6,Alluvial Sandy Silt,96.82,191.57,1392.7,31.2,0.366,20.6,5,0.584,1,238.1
KAG-NER-03721,Arunachal Pradesh,28.2326,94.2648,Alluvial Sandy Silt,98.97,283.1,509.3,34.8,0.736,2.4,2,0.674,1,162.1
KAG-NER-03722,Mizoram,24.1699,92.5552,Clayey Loam,60.94,139.71,1967.0,31.8,0.332,2.2,1,0.458,1,154.4
KAG-NER-03723,Tripura,23.3454,91.1073,Weathered Gneiss,152.2,344.2,1645.7,10.8,0.483,6.5,2,0.762,2,215.5
KAG-NER-03724,Assam,26.511,94.9924,Weathered Gneiss,62.42,237.25,2095.8,18.2,0.502,21.9,2,0.525,1,251.7
KAG-NER-03725,Arunachal Pradesh,28.0119,92.8878,Weathered Gneiss,0.39,15.03,252.5,35.3,0.209,3.5,0,0.263,0,93.9
KAG-NER-03726,Tripura,24.2522,92.0381,Sedimentary Shale,12.9,49.49,2704.0,41.2,0.3,19.5,1,0.308,0,200.1
KAG-NER-03727,Assam,25.8216,94.1759,Weathered Gneiss,1.18,30.65,80.0,7.9,0.268,5.2,2,0.18,0,66.4
KAG-NER-03728,Assam,26.2207,91.1735,Weathered Gneiss,3.76,17.09,965.2,7.7,0.669,4.2,6,0.232,0,90.6
KAG-NER-03729,Assam,26.1169,92.6086,Sedimentary Shale,9.39,31.93,1928.6,31.7,0.576,17.6,2,0.324,0,170.3
KAG-NER-03730,Nagaland,25.9948,93.8333,Clayey Loam,26.61,96.39,202.8,27.9,0.525,18.9,5,0.348,0,147.4
KAG-NER-03731,Assam,26.0411,93.93,Weathered Gneiss,71.47,264.39,306.7,12.2,0.612,17.8,5,0.616,1,197.5
KAG-NER-03732,Sikkim,27.7931,88.7222,Weathered Gneiss,75.25,174.83,288.6,27.9,0.478,6.8,5,0.565,1,132.5
KAG-NER-03733,Meghalaya,25.3663,90.8365,Sedimentary Shale,36.39,91.0,1661.7,45.0,0.609,19.6,3,0.477,1,191.5
KAG-NER-03734,Meghalaya,25.2959,90.5554,Sedimentary Shale,100.07,310.76,2516.9,31.2,0.321,3.4,1,0.732,2,218.3
KAG-NER-03735,Assam,26.5719,93.2243,Rocky Phyllite,26.34,88.94,1590.8,24.0,0.538,8.8,2,0.361,0,154.1
KAG-NER-03736,Meghalaya,25.735,91.9686,Rocky Phyllite,83.54,264.67,1721.7,39.1,0.779,11.3,2,0.796,2,235.4
KAG-NER-03737,Nagaland,25.8093,93.8955,Clayey Loam,23.0,100.79,1021.1,14.5,0.256,3.4,3,0.216,0,101.5
KAG-NER-03738,Manipur,24.9541,93.5591,Weathered Gneiss,12.34,76.65,131.0,22.6,0.228,13.6,1,0.234,0,106.0
KAG-NER-03739,Manipur,24.2977,93.5989,Clayey Loam,94.31,235.96,138.8,27.1,0.225,13.2,0,0.624,1,174.4
KAG-NER-03740,Meghalaya,25.3449,90.4296,Clayey Loam,18.65,76.31,2496.2,26.2,0.201,21.8,0,0.242,0,180.2
KAG-NER-03741,Tripura,24.1962,92.1237,Sedimentary Shale,26.6,79.62,359.0,42.8,0.628,14.4,3,0.449,1,157.9
KAG-NER-03742,Mizoram,23.1296,92.3712,Alluvial Sandy Silt,15.15,49.51,2799.4,17.7,0.257,10.0,5,0.101,0,112.5
KAG-NER-03743,Manipur,25.0344,93.3384,Rocky Phyllite,41.31,115.72,527.2,8.3,0.48,17.8,4,0.333,0,144.9
KAG-NER-03744,Assam,26.3508,90.7886,Sedimentary Shale,201.57,484.32,1915.0,42.7,0.61,8.7,4,1.198,2,313.4
KAG-NER-03745,Assam,26.1168,94.0681,Alluvial Sandy Silt,0.98,6.69,2661.2,14.7,0.539,12.7,7,0.151,0,133.7
KAG-NER-03746,Assam,26.9262,91.4319,Alluvial Sandy Silt,87.44,185.21,1065.4,21.2,0.4,3.1,2,0.54,1,145.1
KAG-NER-03747,Nagaland,25.8703,93.6014,Weathered Gneiss,0.15,21.99,2077.7,27.2,0.189,8.5,0,0.168,0,120.3
KAG-NER-03748,Arunachal Pradesh,27.0187,95.9648,Weathered Gneiss,17.21,66.47,1034.3,45.0,0.613,12.6,6,0.375,0,141.5
KAG-NER-03749,Arunachal Pradesh,27.949,93.9394,Weathered Gneiss,7.02,26.99,909.4,27.4,0.578,16.0,2,0.275,0,147.3
KAG-NER-03750,Tripura,24.1186,92.1081,Weathered Gneiss,53.81,150.12,628.9,23.9,0.188,4.0,2,0.367,0,117.4
KAG-NER-03751,Tripura,24.1681,91.1198,Sedimentary Shale,1.97,24.21,2312.9,29.3,0.369,17.9,5,0.247,0,166.4
KAG-NER-03752,Tripura,23.4242,91.8859,Clayey Loam,30.64,72.01,780.1,44.8,0.186,20.0,1,0.372,0,170.3
KAG-NER-03753,Arunachal Pradesh,27.5012,95.9212,Alluvial Sandy Silt,13.28,174.23,850.2,38.7,0.23,7.6,0,0.448,1,142.4
KAG-NER-03754,Nagaland,26.3316,94.8348,Rocky Phyllite,5.45,25.69,2797.2,12.8,0.681,17.3,2,0.209,0,178.3
KAG-NER-03755,Arunachal Pradesh,27.2223,95.3878,Sedimentary Shale,56.15,112.35,970.3,38.1,0.277,5.6,4,0.452,1,137.1
KAG-NER-03756,Assam,26.2499,94.953,Sedimentary Shale,9.32,40.68,1229.9,39.6,0.762,12.5,3,0.411,1,156.2
KAG-NER-03757,Assam,26.0208,92.8235,Weathered Gneiss,9.62,28.24,2773.0,33.6,0.161,18.0,0,0.241,0,174.9
KAG-NER-03758,Arunachal Pradesh,28.1686,93.4469,Weathered Gneiss,12.22,37.85,1084.5,32.3,0.487,9.7,4,0.293,0,133.2
KAG-NER-03759,Arunachal Pradesh,27.6489,95.9386,Sedimentary Shale,33.58,91.56,1075.9,23.6,0.341,2.5,2,0.332,0,103.3
KAG-NER-03760,Mizoram,23.438,92.9645,Weathered Gneiss,40.96,90.95,2331.4,31.7,0.472,12.8,3,0.434,1,185.7
KAG-NER-03761,Assam,25.8764,94.2899,Alluvial Sandy Silt,0.67,36.45,928.5,35.5,0.735,18.9,4,0.388,1,182.5
KAG-NER-03762,Manipur,24.9074,93.6464,Sedimentary Shale,10.52,28.78,715.9,10.9,0.14,4.2,2,0.043,0,52.1
KAG-NER-03763,Meghalaya,25.1146,91.7383,Clayey Loam,21.43,124.28,1231.1,16.3,0.619,2.6,4,0.364,0,109.5
KAG-NER-03764,Arunachal Pradesh,26.9203,91.5054,Rocky Phyllite,15.33,67.85,1985.7,13.8,0.171,18.2,2,0.16,0,150.0
KAG-NER-03765,Meghalaya,25.6545,90.6914,Sedimentary Shale,81.91,187.71,197.6,39.6,0.382,7.3,4,0.646,1,157.8
KAG-NER-03766,Arunachal Pradesh,27.207,94.4397,Clayey Loam,58.89,175.1,1097.1,33.2,0.538,9.3,1,0.573,1,169.1
KAG-NER-03767,Nagaland,25.4752,93.8701,Weathered Gneiss,37.36,125.84,1021.8,24.0,0.356,3.7,4,0.405,1,120.6
KAG-NER-03768,Meghalaya,25.2345,91.7085,Alluvial Sandy Silt,15.68,46.82,745.9,39.0,0.042,3.9,0,0.25,0,88.5
KAG-NER-03769,Assam,26.7265,93.7451,Alluvial Sandy Silt,45.84,164.63,1859.7,34.7,0.867,14.3,7,0.516,1,197.4
KAG-NER-03770,Assam,26.1573,90.9016,Sedimentary Shale,70.51,166.34,868.8,42.5,0.421,13.0,1,0.631,1,202.3
KAG-NER-03771,Meghalaya,25.1708,91.308,Clayey Loam,34.33,126.69,1730.3,9.1,0.799,7.8,5,0.423,1,163.8
KAG-NER-03772,Tripura,24.335,91.3613,Sedimentary Shale,58.32,138.01,1451.8,26.4,0.558,11.1,2,0.398,1,153.7
KAG-NER-03773,Arunachal Pradesh,27.3108,91.954,Rocky Phyllite,52.54,153.01,670.8,34.3,0.051,9.8,0,0.469,1,149.5
KAG-NER-03774,Manipur,24.8478,94.0878,Weathered Gneiss,32.22,79.48,805.1,14.3,0.609,15.9,4,0.34,0,147.7
KAG-NER-03775,Nagaland,26.3001,94.6917,Sedimentary Shale,14.22,47.43,544.0,19.1,0.134,19.2,1,0.195,0,122.3
KAG-NER-03776,Tripura,23.7837,91.2613,Sedimentary Shale,52.04,153.41,234.0,22.8,0.709,17.3,2,0.454,1,166.9
KAG-NER-03777,Mizoram,23.2341,93.0287,Clayey Loam,8.8,46.73,1764.2,37.8,0.092,2.1,0,0.302,0,100.6
KAG-NER-03778,Meghalaya,25.6518,91.5806,Alluvial Sandy Silt,57.45,141.02,1910.0,25.7,0.483,4.0,5,0.442,1,144.6
KAG-NER-03779,Nagaland,26.3562,94.3561,Rocky Phyllite,62.03,202.09,531.5,25.7,0.63,10.6,2,0.525,1,152.3
KAG-NER-03780,Tripura,24.2576,91.8032,Alluvial Sandy Silt,65.62,212.16,1753.9,23.2,0.357,19.0,2,0.407,1,189.2
KAG-NER-03781,Arunachal Pradesh,28.1458,92.6192,Weathered Gneiss,24.34,101.34,2751.3,15.1,0.06,6.7,0,0.187,0,123.6
KAG-NER-03782,Arunachal Pradesh,27.9851,95.5599,Clayey Loam,8.12,59.12,282.4,42.9,0.638,19.6,2,0.364,0,144.9
KAG-NER-03783,Assam,26.34,94.006,Sedimentary Shale,3.99,33.79,1413.8,18.7,0.248,4.2,0,0.094,0,73.7
KAG-NER-03784,Mizoram,23.8872,92.3655,Sedimentary Shale,51.68,168.03,2073.9,28.7,0.381,3.5,4,0.523,1,166.4
KAG-NER-03785,Mizoram,23.6723,92.4432,Sedimentary Shale,82.61,189.93,205.1,12.0,0.61,20.3,5,0.505,1,185.4
KAG-NER-03786,Assam,27.1542,94.1513,Sedimentary Shale,39.98,139.92,2196.9,23.4,0.298,5.2,0,0.313,0,140.5
KAG-NER-03787,Meghalaya,25.1988,90.5166,Sedimentary Shale,5.92,34.87,2744.3,42.2,0.843,11.3,3,0.38,0,188.3
KAG-NER-03788,Meghalaya,25.635,91.0967,Sedimentary Shale,103.81,310.46,320.7,45.8,0.503,8.5,3,0.77,2,189.7
KAG-NER-03789,Assam,25.8489,92.9374,Weathered Gneiss,171.73,372.22,2316.5,20.5,0.644,5.0,7,0.874,2,247.3
KAG-NER-03790,Sikkim,27.3715,88.1809,Alluvial Sandy Silt,21.59,112.73,1109.7,12.2,0.637,14.6,2,0.351,0,153.8
KAG-NER-03791,Assam,26.9227,94.6178,Sedimentary Shale,34.33,80.56,472.0,18.6,0.195,21.3,2,0.259,0,147.3
KAG-NER-03792,Assam,26.8592,94.2009,Alluvial Sandy Silt,57.06,168.06,1421.5,19.1,0.169,15.2,2,0.386,1,167.6
KAG-NER-03793,Nagaland,25.7031,93.7954,Sedimentary Shale,50.66,147.34,274.5,31.8,0.163,9.1,0,0.404,1,121.1
KAG-NER-03794,Manipur,24.2919,94.2241,Rocky Phyllite,130.54,409.78,1500.1,25.8,0.34,16.2,0,0.841,2,261.3
KAG-NER-03795,Assam,27.1271,93.7258,Sedimentary Shale,4.64,32.56,132.7,36.7,0.592,4.9,3,0.391,1,103.0
KAG-NER-03796,Nagaland,26.6341,94.358,Rocky Phyllite,33.03,108.4,2061.8,34.1,0.227,13.6,0,0.365,0,178.0
KAG-NER-03797,Meghalaya,25.4489,91.307,Weathered Gneiss,44.74,107.29,1407.3,16.1,0.472,11.4,2,0.318,0,151.9
KAG-NER-03798,Assam,25.9055,90.6416,Alluvial Sandy Silt,83.91,295.25,1328.3,37.4,0.202,9.2,1,0.629,1,186.4
KAG-NER-03799,Assam,26.7737,92.4729,Sedimentary Shale,78.75,240.08,613.6,39.9,0.669,16.8,8,0.564,1,188.8
KAG-NER-03800,Meghalaya,25.597,91.6499,Sedimentary Shale,145.03,420.06,1062.6,29.9,0.502,4.4,4,0.901,2,240.9
KAG-NER-03801,Arunachal Pradesh,27.3438,93.6415,Rocky Phyllite,27.27,74.7,574.7,43.1,0.44,12.7,4,0.366,0,125.2
KAG-NER-03802,Tripura,23.7649,91.5661,Weathered Gneiss,67.5,173.04,2080.3,37.3,0.37,19.1,3,0.533,1,214.8
KAG-NER-03803,Mizoram,24.031,92.7963,Weathered Gneiss,21.18,82.0,621.3,29.8,0.414,6.0,3,0.359,0,124.0
KAG-NER-03804,Sikkim,27.5226,88.8164,Rocky Phyllite,20.85,87.47,1757.6,42.2,0.115,7.3,0,0.322,0,153.5
KAG-NER-03805,Arunachal Pradesh,28.286,95.5069,Weathered Gneiss,11.1,77.73,840.5,30.0,0.384,15.2,2,0.291,0,152.1
KAG-NER-03806,Sikkim,27.289,88.128,Sedimentary Shale,64.79,202.93,1867.0,26.8,0.288,17.5,0,0.498,1,213.1
KAG-NER-03807,Meghalaya,25.335,90.9246,Alluvial Sandy Silt,161.71,459.37,1550.0,20.3,0.015,7.7,0,0.787,2,219.9
KAG-NER-03808,Arunachal Pradesh,28.355,94.4216,Alluvial Sandy Silt,11.25,71.91,1231.8,41.3,0.187,9.2,1,0.359,0,138.1
KAG-NER-03809,Assam,25.9144,91.1092,Clayey Loam,2.2,117.04,1910.6,10.9,0.641,16.8,3,0.302,0,175.2
KAG-NER-03810,Assam,26.0179,93.3369,Rocky Phyllite,64.23,215.01,1210.8,24.9,0.617,7.7,8,0.574,1,183.0
KAG-NER-03811,Nagaland,26.4296,94.6895,Weathered Gneiss,36.79,117.04,2314.1,27.5,0.459,15.3,4,0.373,0,193.3
KAG-NER-03812,Meghalaya,25.9466,90.7244,Alluvial Sandy Silt,122.03,323.81,2064.5,28.2,0.853,5.2,3,0.851,2,221.5
KAG-NER-03813,Assam,26.2337,91.5815,Weathered Gneiss,11.05,29.35,1550.5,32.1,0.123,10.2,0,0.202,0,111.9
KAG-NER-03814,Nagaland,25.9023,94.772,Clayey Loam,2.8,46.79,2465.6,26.2,0.414,15.8,4,0.25,0,172.8
KAG-NER-03815,Arunachal Pradesh,27.8202,94.8219,Sedimentary Shale,25.77,94.63,2334.5,16.3,0.437,11.2,2,0.191,0,128.9
KAG-NER-03816,Meghalaya,25.5411,90.275,Weathered Gneiss,3.39,41.43,1526.6,40.3,0.467,2.4,1,0.379,0,110.9
KAG-NER-03817,Arunachal Pradesh,27.0027,93.9207,Sedimentary Shale,11.53,34.31,266.2,32.3,0.256,10.1,6,0.333,0,124.6
KAG-NER-03818,Mizoram,23.8782,92.5369,Alluvial Sandy Silt,5.12,34.13,1619.5,40.3,0.547,7.8,5,0.356,0,145.4
KAG-NER-03819,Mizoram,23.8829,93.1917,Sedimentary Shale,9.64,36.29,1046.3,17.0,0.431,4.0,2,0.156,0,91.6
KAG-NER-03820,Meghalaya,25.4707,92.1407,Rocky Phyllite,4.26,26.35,1549.1,31.5,0.435,2.2,1,0.264,0,112.0
KAG-NER-03821,Arunachal Pradesh,27.5464,94.5526,Alluvial Sandy Silt,116.93,291.88,1840.2,34.6,0.648,2.9,0,0.787,2,207.4
KAG-NER-03822,Arunachal Pradesh,28.1224,95.9637,Weathered Gneiss,12.41,91.04,1834.0,21.3,0.522,21.0,4,0.306,0,188.0
KAG-NER-03823,Mizoram,23.3181,92.7521,Rocky Phyllite,22.3,77.54,1912.0,38.5,0.553,17.0,2,0.512,1,206.2
KAG-NER-03824,Arunachal Pradesh,27.165,92.4183,Weathered Gneiss,86.97,282.22,1927.6,6.1,0.475,20.8,1,0.52,1,215.2
KAG-NER-03825,Assam,26.7708,94.6267,Alluvial Sandy Silt,42.98,89.57,377.2,29.8,0.374,4.3,5,0.365,0,114.7
KAG-NER-03826,Assam,26.3524,91.3093,Sedimentary Shale,36.57,138.18,601.5,30.5,0.373,13.4,0,0.418,1,151.4
KAG-NER-03827,Meghalaya,25.3566,91.3831,Alluvial Sandy Silt,46.46,159.5,1795.1,27.4,0.376,3.7,0,0.429,1,156.9
KAG-NER-03828,Meghalaya,25.3616,90.8073,Sedimentary Shale,67.07,249.24,1190.2,31.2,0.199,2.5,4,0.5,1,143.3
KAG-NER-03829,Mizoram,23.904,92.3086,Clayey Loam,79.84,243.15,2155.0,12.7,0.777,11.3,2,0.508,1,199.0
KAG-NER-03830,Assam,26.5549,94.072,Clayey Loam,39.1,137.15,419.8,33.4,0.464,14.9,1,0.478,1,170.4
KAG-NER-03831,Arunachal Pradesh,27.326,94.2148,Weathered Gneiss,83.88,240.83,600.9,19.4,0.53,3.3,6,0.536,1,137.4
KAG-NER-03832,Mizoram,23.8034,93.0205,Clayey Loam,29.13,65.69,1599.0,24.1,0.191,9.3,1,0.233,0,123.1
KAG-NER-03833,Mizoram,23.4688,92.6812,Weathered Gneiss,12.34,35.3,1442.0,19.3,0.398,3.8,2,0.198,0,96.9
KAG-NER-03834,Arunachal Pradesh,28.2375,94.913,Alluvial Sandy Silt,80.59,166.45,804.6,25.0,0.608,9.2,1,0.495,1,167.0
KAG-NER-03835,Meghalaya,25.3891,90.4678,Weathered Gneiss,29.63,90.51,1190.7,30.9,0.566,11.4,2,0.428,1,164.6
KAG-NER-03836,Arunachal Pradesh,27.0149,91.9242,Weathered Gneiss,89.91,247.26,175.1,39.5,0.164,8.8,0,0.638,1,168.7
KAG-NER-03837,Tripura,23.8994,91.162,Rocky Phyllite,1.56,11.16,180.7,25.3,0.441,13.5,1,0.234,0,105.9
KAG-NER-03838,Assam,26.2717,93.8894,Rocky Phyllite,19.25,92.24,338.2,18.9,0.635,13.7,2,0.361,0,136.4
KAG-NER-03839,Tripura,23.5532,92.016,Weathered Gneiss,112.21,365.7,1648.9,25.5,0.722,8.7,2,0.812,2,226.9
KAG-NER-03840,Nagaland,26.4437,93.7687,Weathered Gneiss,10.91,27.78,2429.3,33.6,0.192,9.8,0,0.275,0,145.1
KAG-NER-03841,Meghalaya,25.7559,92.1442,Sedimentary Shale,107.9,356.89,787.8,19.9,0.602,10.8,2,0.799,2,218.3
KAG-NER-03842,Assam,26.3564,91.4469,Weathered Gneiss,116.93,247.83,172.3,22.6,0.673,9.5,0,0.737,2,190.0
KAG-NER-03843,Meghalaya,25.5691,92.5956,Weathered Gneiss,81.25,260.37,2007.5,28.5,0.379,17.2,2,0.601,1,238.1
KAG-NER-03844,Arunachal Pradesh,27.9234,92.2782,Sedimentary Shale,31.52,137.16,2406.6,17.8,0.564,4.8,5,0.336,0,137.0
KAG-NER-03845,Assam,26.7559,92.4224,Alluvial Sandy Silt,39.56,116.43,455.8,14.4,0.851,19.1,7,0.354,0,158.2
KAG-NER-03846,Nagaland,26.2281,94.5011,Alluvial Sandy Silt,77.42,190.38,1129.2,11.6,0.427,8.6,2,0.39,1,145.4
KAG-NER-03847,Sikkim,27.4605,88.7512,Alluvial Sandy Silt,56.83,184.44,511.8,20.1,0.269,16.5,2,0.456,1,161.5
KAG-NER-03848,Meghalaya,25.7499,91.7992,Weathered Gneiss,37.79,128.03,369.3,7.9,0.518,19.7,5,0.301,0,144.4
KAG-NER-03849,Manipur,24.2111,94.3375,Clayey Loam,153.21,485.55,1843.0,29.3,0.352,19.7,1,0.925,2,305.4
KAG-NER-03850,Assam,27.1103,91.1163,Weathered Gneiss,43.98,126.19,2711.7,13.0,0.248,11.0,3,0.269,0,162.1
KAG-NER-03851,Arunachal Pradesh,27.6812,92.665,Weathered Gneiss,140.92,406.0,1924.6,21.1,0.445,7.1,3,0.902,2,235.2
KAG-NER-03852,Assam,26.8563,93.7473,Sedimentary Shale,2.25,13.53,2758.7,16.8,0.259,14.1,1,0.079,0,144.7
KAG-NER-03853,Nagaland,25.5972,94.7155,Alluvial Sandy Silt,5.69,23.76,1261.6,31.2,0.567,5.7,0,0.305,0,118.9
KAG-NER-03854,Tripura,23.4172,92.0567,Weathered Gneiss,22.82,88.71,2522.2,40.0,0.379,17.8,2,0.378,0,190.6
KAG-NER-03855,Nagaland,26.0398,93.8924,Sedimentary Shale,18.47,45.5,637.8,31.3,0.511,16.2,5,0.335,0,141.1
KAG-NER-03856,Assam,26.0215,91.2543,Weathered Gneiss,58.01,219.63,400.7,27.7,0.573,17.9,3,0.532,1,185.5
KAG-NER-03857,Arunachal Pradesh,27.959,93.9769,Sedimentary Shale,6.65,43.93,1990.9,32.8,0.571,10.7,3,0.289,0,151.7
KAG-NER-03858,Meghalaya,25.2099,90.493,Rocky Phyllite,141.88,488.87,1090.2,7.2,0.257,13.1,2,0.723,2,228.9
KAG-NER-03859,Arunachal Pradesh,27.0157,94.847,Weathered Gneiss,14.38,41.18,944.1,10.9,0.564,4.1,1,0.312,0,99.5
KAG-NER-03860,Mizoram,23.8678,92.3643,Alluvial Sandy Silt,21.29,55.59,1905.9,9.8,0.443,15.8,1,0.215,0,147.9
KAG-NER-03861,Mizoram,23.6404,92.3931,Rocky Phyllite,12.21,29.64,987.1,9.9,0.594,11.7,7,0.232,0,127.1
KAG-NER-03862,Nagaland,26.6652,94.7607,Sedimentary Shale,32.91,99.36,1637.4,16.4,0.713,12.2,3,0.309,0,158.9
KAG-NER-03863,Arunachal Pradesh,28.0172,95.6679,Rocky Phyllite,2.3,13.37,894.5,27.3,0.827,18.9,3,0.232,0,141.4
KAG-NER-03864,Arunachal Pradesh,28.1983,95.2284,Weathered Gneiss,6.16,21.37,2211.8,10.6,0.29,17.4,1,0.113,0,140.8
KAG-NER-03865,Assam,26.5976,91.8773,Clayey Loam,52.05,177.02,929.7,43.4,0.389,12.7,4,0.578,1,191.9
KAG-NER-03866,Arunachal Pradesh,27.2485,92.9724,Sedimentary Shale,7.84,50.57,1535.2,40.2,0.293,9.1,4,0.315,0,121.8
KAG-NER-03867,Arunachal Pradesh,27.9056,92.277,Sedimentary Shale,10.2,31.65,143.0,44.9,0.384,10.9,2,0.326,0,116.3
KAG-NER-03868,Nagaland,25.7621,94.1021,Sedimentary Shale,59.85,211.9,2233.5,7.7,0.371,9.0,6,0.421,1,173.3
KAG-NER-03869,Nagaland,25.7263,94.283,Alluvial Sandy Silt,3.72,45.88,1767.3,40.1,0.584,5.0,2,0.337,0,129.2
KAG-NER-03870,Assam,27.0924,93.8664,Sedimentary Shale,21.86,140.66,602.9,38.1,0.562,14.9,0,0.51,1,179.6
KAG-NER-03871,Arunachal Pradesh,27.9663,94.1222,Clayey Loam,0.89,48.08,665.8,42.1,0.668,15.8,6,0.437,1,175.4
KAG-NER-03872,Assam,26.4831,91.3395,Sedimentary Shale,16.18,72.29,794.0,27.1,0.309,21.4,2,0.264,0,148.9
KAG-NER-03873,Assam,27.0526,91.6184,Sedimentary Shale,45.62,160.05,1648.2,37.5,0.295,11.1,1,0.436,1,165.3
KAG-NER-03874,Mizoram,22.937,93.125,Sedimentary Shale,3.59,12.05,1571.4,8.1,0.597,21.9,4,0.174,0,163.9
KAG-NER-03875,Assam,26.0459,92.1735,Alluvial Sandy Silt,83.31,274.72,824.9,9.0,0.392,5.7,2,0.531,1,140.1
KAG-NER-03876,Arunachal Pradesh,26.9453,92.1168,Rocky Phyllite,91.29,267.55,1967.8,10.7,0.422,15.1,2,0.531,1,206.4
KAG-NER-03877,Assam,26.0425,90.7448,Rocky Phyllite,4.21,25.44,2498.2,42.6,0.587,21.9,8,0.4,1,239.2
KAG-NER-03878,Mizoram,23.785,93.2207,Sedimentary Shale,177.89,552.79,198.4,8.4,0.259,14.8,1,0.915,2,244.9
KAG-NER-03879,Meghalaya,25.436,92.4739,Sedimentary Shale,13.42,51.75,1214.8,10.0,0.254,11.0,1,0.213,0,116.6
KAG-NER-03880,Assam,26.0987,91.9643,Alluvial Sandy Silt,3.34,25.64,1694.4,43.2,0.371,12.3,3,0.271,0,131.4
KAG-NER-03881,Meghalaya,25.2357,91.8135,Alluvial Sandy Silt,0.19,11.72,1675.1,10.3,0.645,18.9,9,0.166,0,129.1
KAG-NER-03882,Manipur,24.5878,93.9813,Weathered Gneiss,19.96,85.52,133.1,40.8,0.368,20.8,1,0.407,1,175.5
KAG-NER-03883,Sikkim,27.6332,88.5366,Clayey Loam,37.76,137.24,652.7,37.6,0.655,11.1,6,0.507,1,153.3
KAG-NER-03884,Assam,26.6787,94.7086,Sedimentary Shale,15.34,89.38,248.2,7.6,0.324,17.4,0,0.195,0,117.7
KAG-NER-03885,Tripura,23.5589,91.531,Alluvial Sandy Silt,68.87,175.77,1627.6,6.9,0.275,20.7,5,0.355,0,199.8
KAG-NER-03886,Tripura,24.0612,91.8336,Sedimentary Shale,47.91,154.31,1835.5,27.4,0.79,7.6,4,0.52,1,174.8
KAG-NER-03887,Tripura,23.4142,91.5514,Weathered Gneiss,16.38,91.89,514.5,45.9,0.087,11.9,1,0.408,1,139.8
KAG-NER-03888,Nagaland,26.055,94.0291,Weathered Gneiss,50.37,107.81,985.8,41.2,0.642,21.9,2,0.448,1,203.3
KAG-NER-03889,Nagaland,25.6496,94.7866,Rocky Phyllite,107.22,344.09,977.1,18.4,0.472,9.1,4,0.676,1,205.5
KAG-NER-03890,Arunachal Pradesh,28.1197,93.6661,Weathered Gneiss,3.71,13.74,2309.9,21.5,0.336,14.4,3,0.189,0,157.2
KAG-NER-03891,Manipur,24.9521,94.4357,Rocky Phyllite,13.89,55.86,609.5,21.5,0.211,15.1,0,0.179,0,125.6
KAG-NER-03892,Meghalaya,25.2226,90.851,Sedimentary Shale,23.65,89.32,1571.4,35.4,0.536,5.1,6,0.397,1,121.8
KAG-NER-03893,Nagaland,26.1598,94.5985,Clayey Loam,26.19,97.64,2209.6,19.6,0.964,18.1,5,0.356,0,196.9
KAG-NER-03894,Arunachal Pradesh,26.958,95.9281,Alluvial Sandy Silt,29.69,79.92,2336.5,11.9,0.49,10.3,1,0.261,0,160.1
KAG-NER-03895,Manipur,24.6369,93.5748,Clayey Loam,13.59,53.98,1893.1,35.9,0.345,12.0,1,0.308,0,159.0
KAG-NER-03896,Mizoram,23.2391,92.4918,Alluvial Sandy Silt,41.81,118.74,894.7,24.3,0.214,14.9,0,0.347,0,149.9
KAG-NER-03897,Assam,26.9082,94.7994,Alluvial Sandy Silt,39.36,116.17,2318.7,9.1,0.3,10.2,0,0.355,0,157.5
KAG-NER-03898,Mizoram,23.4205,93.3477,Alluvial Sandy Silt,32.77,116.29,2098.7,37.6,0.346,8.5,1,0.384,1,155.9
KAG-NER-03899,Meghalaya,25.8414,91.4507,Rocky Phyllite,4.59,17.53,1996.2,29.4,0.355,12.9,1,0.188,0,150.2
KAG-NER-03900,Mizoram,23.811,92.7785,Sedimentary Shale,24.63,109.32,263.2,25.6,0.731,8.9,3,0.449,1,135.0
KAG-NER-03901,Meghalaya,25.6029,90.3509,Sedimentary Shale,16.74,48.7,197.7,32.9,0.424,10.7,4,0.145,0,77.3
KAG-NER-03902,Arunachal Pradesh,28.014,91.7377,Alluvial Sandy Silt,25.66,101.95,1971.4,26.2,0.42,4.2,2,0.323,0,119.4
KAG-NER-03903,Tripura,24.1805,92.0899,Sedimentary Shale,96.87,203.93,2649.8,31.9,0.607,18.9,2,0.64,1,263.6
KAG-NER-03904,Arunachal Pradesh,27.2793,92.9565,Alluvial Sandy Silt,24.89,55.19,2184.5,40.7,0.084,10.2,0,0.28,0,143.7
KAG-NER-03905,Mizoram,23.522,92.9563,Weathered Gneiss,0.54,17.18,2341.6,30.5,0.837,3.7,4,0.33,0,139.1
KAG-NER-03906,Meghalaya,25.3586,91.7405,Sedimentary Shale,21.95,67.12,1562.4,32.4,0.763,17.8,3,0.388,1,197.9
KAG-NER-03907,Meghalaya,25.368,90.3443,Clayey Loam,65.3,246.43,908.5,30.6,0.074,2.4,2,0.426,1,128.0
KAG-NER-03908,Arunachal Pradesh,26.904,91.9552,Sedimentary Shale,57.55,190.75,1923.4,27.2,0.509,14.0,2,0.533,1,216.5
KAG-NER-03909,Meghalaya,25.813,92.6997,Sedimentary Shale,27.37,102.23,2016.6,12.9,0.615,16.1,1,0.351,0,181.9
KAG-NER-03910,Arunachal Pradesh,27.5831,93.8071,Weathered Gneiss,10.92,47.02,1917.0,19.4,0.481,5.8,0,0.213,0,121.3
KAG-NER-03911,Assam,26.0056,92.9796,Sedimentary Shale,23.77,90.7,2655.0,33.7,0.384,4.6,6,0.344,0,163.1
KAG-NER-03912,Arunachal Pradesh,27.1314,94.2505,Rocky Phyllite,31.52,101.75,1078.7,23.0,0.099,4.3,0,0.355,0,112.0
KAG-NER-03913,Assam,27.1066,91.3806,Alluvial Sandy Silt,320.0,646.39,187.9,22.2,0.345,21.9,1,1.25,2,332.1
KAG-NER-03914,Sikkim,27.6352,88.1188,Clayey Loam,39.27,133.45,2551.0,36.4,0.492,17.1,4,0.467,1,212.9
KAG-NER-03915,Sikkim,27.3628,88.1886,Alluvial Sandy Silt,45.03,110.15,516.6,6.2,0.298,8.3,1,0.339,0,112.6
KAG-NER-03916,Arunachal Pradesh,27.464,92.2809,Rocky Phyllite,25.7,67.14,1976.7,33.2,0.392,8.7,2,0.287,0,140.3
KAG-NER-03917,Manipur,24.5226,93.668,Weathered Gneiss,16.63,51.42,2455.1,25.6,0.328,15.0,3,0.188,0,148.0
KAG-NER-03918,Arunachal Pradesh,27.3809,94.4548,Sedimentary Shale,63.7,178.11,923.6,21.1,0.758,11.2,5,0.54,1,172.0
KAG-NER-03919,Nagaland,26.6864,94.0009,Sedimentary Shale,25.96,57.56,2338.7,19.6,0.321,7.4,1,0.298,0,152.2
KAG-NER-03920,Mizoram,23.0885,92.5978,Alluvial Sandy Silt,199.05,605.95,983.2,12.9,0.153,3.1,2,0.924,2,219.7
KAG-NER-03921,Sikkim,27.6978,88.5573,Weathered Gneiss,23.21,82.08,2240.4,19.4,0.677,17.7,3,0.293,0,174.4
KAG-NER-03922,Arunachal Pradesh,27.628,92.1734,Sedimentary Shale,2.68,25.4,269.9,21.7,0.28,19.8,0,0.22,0,137.3
KAG-NER-03923,Manipur,24.6296,93.4456,Sedimentary Shale,43.61,123.52,1862.3,23.5,0.927,6.1,8,0.447,1,152.6
KAG-NER-03924,Arunachal Pradesh,28.4091,95.4783,Weathered Gneiss,1.82,41.13,1921.8,32.9,0.768,3.3,3,0.341,0,122.1
KAG-NER-03925,Sikkim,27.1587,88.5133,Weathered Gneiss,10.96,59.43,1416.7,24.1,0.622,4.4,1,0.322,0,129.6
KAG-NER-03926,Assam,26.1151,92.3485,Rocky Phyllite,16.59,71.56,1948.9,37.9,0.384,10.3,1,0.394,1,173.5
KAG-NER-03927,Nagaland,26.6276,94.1913,Sedimentary Shale,51.11,127.97,2591.1,31.6,0.576,8.0,3,0.472,1,184.6
KAG-NER-03928,Nagaland,25.8679,93.7118,Weathered Gneiss,25.9,66.32,2076.1,13.6,0.418,3.5,4,0.279,0,138.3
KAG-NER-03929,Nagaland,26.5205,94.3368,Weathered Gneiss,1.1,61.78,2694.7,17.1,0.702,11.1,4,0.223,0,149.1
KAG-NER-03930,Assam,26.4553,91.4787,Sedimentary Shale,36.45,114.51,1300.2,9.2,0.307,6.1,2,0.298,0,124.5
KAG-NER-03931,Tripura,23.6011,92.2518,Alluvial Sandy Silt,20.14,42.69,1517.0,43.8,0.519,3.3,1,0.364,0,113.9
KAG-NER-03932,Assam,26.5281,92.3031,Weathered Gneiss,96.86,231.61,797.4,41.5,0.799,15.2,3,0.703,1,209.6
KAG-NER-03933,Nagaland,26.13,94.5685,Weathered Gneiss,26.31,70.21,2760.8,9.4,0.635,13.5,1,0.368,0,199.3
KAG-NER-03934,Assam,26.2762,91.3042,Alluvial Sandy Silt,46.91,143.25,230.0,29.0,0.602,18.5,3,0.55,1,199.7
KAG-NER-03935,Arunachal Pradesh,27.8359,94.4934,Sedimentary Shale,9.39,45.44,1055.4,44.4,0.499,8.0,2,0.382,1,135.6
KAG-NER-03936,Meghalaya,25.7414,92.4932,Weathered Gneiss,54.38,142.72,889.7,35.9,0.327,4.7,4,0.536,1,168.6
KAG-NER-03937,Arunachal Pradesh,27.4939,91.8391,Sedimentary Shale,48.5,146.38,1131.3,25.7,0.517,9.2,6,0.436,1,163.4
KAG-NER-03938,Assam,27.1417,92.4576,Weathered Gneiss,89.08,230.84,2576.2,15.6,0.379,17.6,4,0.521,1,225.4
KAG-NER-03939,Assam,26.6726,93.4984,Weathered Gneiss,1.31,19.07,1081.1,17.2,0.157,6.8,0,0.127,0,81.4
KAG-NER-03940,Arunachal Pradesh,27.7744,92.4237,Sedimentary Shale,22.55,54.39,2574.2,35.4,0.651,7.1,3,0.362,0,152.0
KAG-NER-03941,Manipur,25.0572,94.286,Sedimentary Shale,43.2,135.43,1231.5,37.2,0.842,5.0,10,0.458,1,140.5
KAG-NER-03942,Tripura,23.8636,91.6863,Sedimentary Shale,3.8,20.29,2405.0,27.1,0.621,21.7,2,0.271,0,196.5
KAG-NER-03943,Assam,25.9595,90.8778,Sedimentary Shale,20.09,74.54,1499.2,10.8,0.273,21.3,0,0.261,0,171.7
KAG-NER-03944,Arunachal Pradesh,27.4433,92.8988,Sedimentary Shale,108.29,221.24,926.9,43.4,0.208,15.2,1,0.68,1,216.4
KAG-NER-03945,Assam,27.1351,94.0263,Weathered Gneiss,21.76,54.83,1302.2,39.8,0.809,6.3,4,0.483,1,163.1
KAG-NER-03946,Assam,26.7239,92.8294,Sedimentary Shale,160.63,502.9,1234.3,11.6,0.862,17.3,6,0.98,2,289.1
KAG-NER-03947,Nagaland,25.6343,94.8677,Clayey Loam,2.22,23.99,787.0,8.3,0.554,13.7,5,0.141,0,110.8
KAG-NER-03948,Nagaland,25.9251,93.5604,Weathered Gneiss,48.08,154.89,867.8,27.4,0.379,17.0,3,0.446,1,180.5
KAG-NER-03949,Assam,26.4913,94.433,Alluvial Sandy Silt,33.06,98.65,587.2,17.4,0.09,19.2,0,0.239,0,141.8
KAG-NER-03950,Assam,27.0422,90.5493,Sedimentary Shale,26.38,135.75,993.9,17.3,0.275,8.4,1,0.258,0,120.3
KAG-NER-03951,Assam,27.0408,91.7217,Weathered Gneiss,134.34,452.36,1778.4,9.5,0.548,20.3,4,0.83,2,288.3
KAG-NER-03952,Mizoram,22.8585,93.2326,Alluvial Sandy Silt,5.28,42.48,1131.4,44.1,0.178,20.0,0,0.247,0,146.6
KAG-NER-03953,Sikkim,27.7047,88.577,Weathered Gneiss,86.01,233.92,2017.5,39.2,0.33,12.9,3,0.603,1,232.2
KAG-NER-03954,Assam,26.6042,94.159,Weathered Gneiss,44.66,133.48,2764.6,10.6,0.287,15.7,1,0.398,1,206.0
KAG-NER-03955,Assam,26.9008,94.5055,Clayey Loam,11.39,49.07,1105.7,41.1,0.466,10.2,2,0.388,1,139.3
KAG-NER-03956,Mizoram,23.6291,93.3644,Clayey Loam,88.14,230.67,1338.4,33.3,0.572,15.1,6,0.661,1,220.9
KAG-NER-03957,Tripura,24.3954,91.2399,Weathered Gneiss,21.31,107.76,526.4,19.0,0.277,13.0,1,0.19,0,108.5
KAG-NER-03958,Arunachal Pradesh,28.2593,93.7492,Clayey Loam,63.96,142.2,1146.8,40.9,0.459,8.5,3,0.542,1,175.4
KAG-NER-03959,Assam,26.3426,93.2588,Alluvial Sandy Silt,18.71,56.57,2057.0,29.9,0.16,8.5,1,0.219,0,137.0
KAG-NER-03960,Assam,25.8784,92.7791,Sedimentary Shale,72.33,185.06,671.3,39.9,0.5,15.0,2,0.598,1,200.6
KAG-NER-03961,Meghalaya,25.8838,90.755,Alluvial Sandy Silt,38.47,135.46,575.2,24.8,0.513,21.1,1,0.405,1,192.4
KAG-NER-03962,Arunachal Pradesh,27.5822,95.7277,Alluvial Sandy Silt,5.78,39.39,1103.7,26.0,0.647,6.0,6,0.267,0,109.5
KAG-NER-03963,Assam,26.4,92.1127,Weathered Gneiss,39.86,125.94,2306.7,17.6,0.196,9.9,0,0.357,0,164.8
KAG-NER-03964,Nagaland,26.0168,94.1792,Clayey Loam,8.07,71.67,1776.3,21.5,0.291,18.1,0,0.274,0,156.6
KAG-NER-03965,Assam,26.6848,94.1031,Weathered Gneiss,20.17,74.01,2684.6,28.7,0.699,4.5,1,0.338,0,159.1
KAG-NER-03966,Manipur,24.6329,94.308,Sedimentary Shale,7.09,36.43,2540.3,43.9,0.196,21.9,1,0.364,0,220.7
KAG-NER-03967,Arunachal Pradesh,27.754,93.0232,Alluvial Sandy Silt,0.85,23.08,491.1,30.0,0.675,15.6,6,0.257,0,123.2
KAG-NER-03968,Assam,26.7211,93.7298,Alluvial Sandy Silt,9.05,102.39,195.7,11.9,0.334,20.2,3,0.287,0,145.6
KAG-NER-03969,Nagaland,26.1813,93.4849,Clayey Loam,29.21,92.4,1165.5,6.3,0.345,18.8,3,0.226,0,148.1
KAG-NER-03970,Arunachal Pradesh,27.1718,92.7838,Sedimentary Shale,24.96,122.39,1500.1,40.0,0.425,17.5,3,0.415,1,188.4
KAG-NER-03971,Sikkim,27.2978,88.6387,Alluvial Sandy Silt,26.45,93.04,1482.4,20.6,0.627,2.7,2,0.416,1,131.0
KAG-NER-03972,Meghalaya,25.1165,92.1648,Sedimentary Shale,10.81,60.47,444.8,18.6,0.419,10.1,4,0.239,0,104.5
KAG-NER-03973,Arunachal Pradesh,27.3245,92.8951,Clayey Loam,43.92,121.4,419.5,38.0,0.675,6.0,2,0.558,1,136.9
KAG-NER-03974,Manipur,24.7391,93.3455,Alluvial Sandy Silt,46.29,169.4,207.5,43.8,0.553,19.4,6,0.507,1,179.5
KAG-NER-03975,Arunachal Pradesh,28.3152,91.8842,Alluvial Sandy Silt,16.84,38.36,2394.3,35.9,0.223,15.6,0,0.292,0,178.8
KAG-NER-03976,Tripura,23.7333,92.1193,Weathered Gneiss,80.94,253.72,2657.9,13.0,0.281,4.1,2,0.51,1,176.6
KAG-NER-03977,Arunachal Pradesh,27.8854,92.8155,Alluvial Sandy Silt,39.25,91.6,394.7,21.7,0.46,9.2,5,0.405,1,133.9
KAG-NER-03978,Meghalaya,25.4787,92.0374,Sedimentary Shale,47.44,180.18,659.7,36.4,0.259,3.4,0,0.502,1,150.5
KAG-NER-03979,Assam,27.1626,94.5191,Clayey Loam,12.34,54.49,324.4,42.3,0.587,16.8,5,0.398,1,146.1
KAG-NER-03980,Arunachal Pradesh,27.4479,95.9919,Sedimentary Shale,0.02,52.12,2466.8,45.9,0.419,10.4,2,0.37,0,159.2
KAG-NER-03981,Mizoram,22.8053,92.3304,Weathered Gneiss,76.2,159.91,2687.7,26.5,0.296,6.7,0,0.454,1,191.2
KAG-NER-03982,Mizoram,24.0358,92.5194,Weathered Gneiss,65.68,156.37,792.1,38.9,0.372,12.4,0,0.558,1,196.7
KAG-NER-03983,Assam,25.8851,91.5672,Clayey Loam,5.0,20.06,905.7,7.9,0.595,2.8,1,0.203,0,83.8
KAG-NER-03984,Assam,26.3965,93.7875,Sedimentary Shale,17.81,50.89,1066.5,17.4,0.708,7.1,3,0.276,0,113.6
KAG-NER-03985,Mizoram,23.7365,92.5614,Sedimentary Shale,41.14,119.83,1446.7,20.9,0.446,5.5,4,0.38,1,130.7
KAG-NER-03986,Tripura,23.8039,92.2115,Alluvial Sandy Silt,40.12,132.28,1936.3,45.0,0.809,20.6,6,0.606,1,248.2
KAG-NER-03987,Assam,26.941,91.9544,Weathered Gneiss,74.81,302.26,1451.9,6.1,0.309,9.5,2,0.581,1,188.5
KAG-NER-03988,Meghalaya,25.984,92.0424,Sedimentary Shale,5.74,27.66,2666.7,18.3,0.798,13.7,5,0.332,0,189.8
KAG-NER-03989,Arunachal Pradesh,26.9999,91.6582,Alluvial Sandy Silt,21.36,50.64,351.7,43.2,0.395,12.1,2,0.39,1,123.6
KAG-NER-03990,Mizoram,23.0526,93.1006,Sedimentary Shale,3.89,14.8,2252.2,18.3,0.427,15.2,2,0.208,0,158.3
KAG-NER-03991,Assam,26.0572,92.8017,Clayey Loam,18.76,59.48,989.8,15.0,0.708,7.6,1,0.297,0,110.8
KAG-NER-03992,Assam,25.9306,94.644,Weathered Gneiss,0.58,73.33,1106.9,35.2,0.126,4.4,1,0.259,0,109.1
KAG-NER-03993,Manipur,24.4815,94.453,Sedimentary Shale,86.85,185.9,2008.0,35.8,0.576,3.6,5,0.661,1,185.6
KAG-NER-03994,Assam,27.1228,90.5276,Weathered Gneiss,28.45,97.89,2607.9,24.9,0.556,5.9,4,0.402,1,171.9
KAG-NER-03995,Meghalaya,25.5177,90.2641,Sedimentary Shale,72.04,174.1,2028.1,43.9,0.484,11.7,2,0.605,1,208.9
KAG-NER-03996,Meghalaya,25.9178,91.5479,Alluvial Sandy Silt,2.35,31.86,2190.3,14.1,0.126,6.7,0,0.08,0,96.1
KAG-NER-03997,Arunachal Pradesh,27.0199,91.9962,Alluvial Sandy Silt,9.81,30.72,2122.1,42.5,0.646,10.7,2,0.378,0,175.8
KAG-NER-03998,Arunachal Pradesh,27.5136,95.7311,Weathered Gneiss,11.41,64.34,953.1,36.2,0.242,2.6,1,0.269,0,87.0
KAG-NER-03999,Meghalaya,25.7236,92.4558,Weathered Gneiss,18.58,43.35,2138.9,20.7,0.486,14.6,1,0.227,0,142.5
KAG-NER-04000,Assam,26.313,90.6945,Clayey Loam,61.71,231.05,2213.9,38.3,0.196,19.6,2,0.564,1,238.9
KAG-NER-04001,Meghalaya,25.9769,90.2446,Alluvial Sandy Silt,18.57,58.73,1530.8,11.3,0.774,3.0,4,0.31,0,110.0
KAG-NER-04002,Mizoram,24.2215,92.7055,Alluvial Sandy Silt,8.7,24.04,1540.0,11.2,0.416,6.4,2,0.14,0,84.4
KAG-NER-04003,Manipur,24.0141,94.1027,Sedimentary Shale,2.55,13.95,2146.4,43.2,0.798,8.4,3,0.379,0,164.0
KAG-NER-04004,Assam,27.1728,94.8453,Alluvial Sandy Silt,3.15,14.87,2302.3,9.8,0.732,7.7,2,0.226,0,135.7
KAG-NER-04005,Assam,26.0253,91.3156,Weathered Gneiss,54.24,199.17,997.2,6.2,0.318,2.8,3,0.374,0,116.0
KAG-NER-04006,Arunachal Pradesh,27.8049,94.3679,Weathered Gneiss,22.36,81.21,2260.2,21.6,0.725,4.1,4,0.381,1,153.0
KAG-NER-04007,Arunachal Pradesh,28.0831,92.3147,Rocky Phyllite,49.22,151.78,2294.6,10.2,0.382,20.2,1,0.32,0,180.2
KAG-NER-04008,Arunachal Pradesh,28.4344,94.3743,Sedimentary Shale,43.57,133.59,716.8,40.5,0.255,16.2,3,0.465,1,168.4
KAG-NER-04009,Nagaland,26.5859,94.2101,Sedimentary Shale,5.53,22.78,2030.1,42.9,0.053,21.2,1,0.252,0,183.1
KAG-NER-04010,Assam,26.38,94.8973,Weathered Gneiss,5.86,11.89,587.4,25.3,0.719,10.8,4,0.323,0,133.5
KAG-NER-04011,Assam,26.615,94.4009,Weathered Gneiss,53.5,215.69,333.1,23.0,0.066,19.6,1,0.45,1,177.3
KAG-NER-04012,Arunachal Pradesh,28.4253,94.5391,Weathered Gneiss,48.55,188.6,1642.8,27.6,0.448,18.3,5,0.597,1,236.8
KAG-NER-04013,Nagaland,26.1685,93.4053,Weathered Gneiss,18.04,34.65,2551.5,15.0,0.706,19.5,6,0.336,0,196.7
KAG-NER-04014,Assam,25.856,91.4038,Clayey Loam,3.06,21.48,176.4,17.9,0.444,2.8,2,0.206,0,60.1
KAG-NER-04015,Nagaland,25.6604,93.7821,Clayey Loam,0.46,23.66,2328.1,10.0,0.368,15.1,2,0.14,0,141.1
KAG-NER-04016,Arunachal Pradesh,27.3879,93.1203,Clayey Loam,12.92,32.4,1457.6,23.9,0.233,13.3,3,0.182,0,125.9
KAG-NER-04017,Tripura,23.7046,91.2186,Weathered Gneiss,0.35,19.72,2421.6,30.5,0.293,12.9,0,0.189,0,133.5
KAG-NER-04018,Tripura,23.2508,91.9087,Weathered Gneiss,9.94,46.94,2374.3,43.2,0.484,12.1,3,0.38,1,179.9
KAG-NER-04019,Arunachal Pradesh,27.7597,93.4986,Alluvial Sandy Silt,20.67,50.77,2460.8,35.6,0.18,17.9,1,0.31,0,189.4
KAG-NER-04020,Assam,26.6882,94.2246,Sedimentary Shale,4.92,13.71,2171.3,34.9,0.511,21.4,4,0.405,1,208.7
KAG-NER-04021,Arunachal Pradesh,27.5843,94.385,Clayey Loam,4.18,41.37,2372.9,18.3,0.827,18.6,6,0.267,0,175.7
KAG-NER-04022,Assam,27.135,94.2783,Weathered Gneiss,86.17,217.78,558.8,41.5,0.24,19.4,1,0.579,1,206.4
KAG-NER-04023,Nagaland,25.9964,94.3671,Clayey Loam,33.46,113.19,906.5,43.9,0.307,11.7,6,0.45,1,164.1
KAG-NER-04024,Mizoram,23.0656,92.9166,Clayey Loam,103.55,318.31,739.6,43.3,0.38,15.8,2,0.741,2,227.2
KAG-NER-04025,Nagaland,26.7739,94.1775,Weathered Gneiss,16.13,68.81,2099.4,7.6,0.239,10.3,1,0.188,0,132.2
KAG-NER-04026,Mizoram,24.1915,92.7481,Sedimentary Shale,42.96,121.18,497.9,30.2,0.518,9.2,4,0.422,1,136.0
KAG-NER-04027,Arunachal Pradesh,28.4982,94.1065,Rocky Phyllite,8.7,74.27,575.7,31.7,0.068,19.9,1,0.234,0,140.9
KAG-NER-04028,Assam,25.8592,93.1404,Weathered Gneiss,36.6,98.16,2470.8,17.8,0.762,20.1,3,0.414,1,222.9
KAG-NER-04029,Manipur,24.3844,93.052,Weathered Gneiss,5.27,20.58,2000.0,45.7,0.31,15.6,2,0.295,0,181.3
KAG-NER-04030,Arunachal Pradesh,28.2134,92.7408,Rocky Phyllite,0.08,12.53,2461.0,17.6,0.744,18.8,6,0.232,0,189.7
KAG-NER-04031,Nagaland,26.5152,93.8323,Rocky Phyllite,101.89,368.02,459.0,14.7,0.296,9.2,1,0.654,1,170.9
KAG-NER-04032,Arunachal Pradesh,27.2109,95.8827,Sedimentary Shale,30.76,69.32,1165.2,25.4,0.551,10.7,4,0.36,0,127.6
KAG-NER-04033,Assam,26.3063,93.2062,Sedimentary Shale,99.43,215.97,850.2,18.9,0.367,18.4,3,0.529,1,201.7
KAG-NER-04034,Sikkim,27.527,88.5484,Sedimentary Shale,15.44,61.51,106.3,43.0,0.513,10.0,2,0.378,0,122.2
KAG-NER-04035,Assam,27.0806,93.535,Weathered Gneiss,15.09,45.43,853.9,23.6,0.316,2.8,4,0.291,0,95.6
KAG-NER-04036,Sikkim,27.3826,88.7899,Alluvial Sandy Silt,19.45,76.02,1112.5,22.4,0.541,9.1,3,0.332,0,135.3
KAG-NER-04037,Sikkim,27.2267,88.5354,Sedimentary Shale,46.52,106.89,330.8,31.0,0.354,10.0,2,0.397,1,128.5
KAG-NER-04038,Manipur,25.3308,94.0006,Sedimentary Shale,31.7,64.9,1620.8,9.2,0.707,5.1,5,0.343,0,118.1
KAG-NER-04039,Nagaland,26.5438,94.3803,Weathered Gneiss,98.61,265.67,1122.2,36.3,0.694,8.9,5,0.757,2,203.4
KAG-NER-04040,Meghalaya,25.8554,92.6557,Sedimentary Shale,0.98,19.97,206.4,36.7,0.278,20.7,2,0.31,0,141.3
KAG-NER-04041,Mizoram,23.2094,92.4866,Clayey Loam,46.8,149.52,1994.8,25.0,0.188,19.2,0,0.414,1,208.9
KAG-NER-04042,Arunachal Pradesh,27.6744,94.6584,Alluvial Sandy Silt,15.24,59.46,2063.6,44.2,0.272,10.9,1,0.4,1,187.8
KAG-NER-04043,Meghalaya,25.3045,90.2107,Clayey Loam,7.55,37.89,2349.8,29.2,0.49,16.2,2,0.275,0,170.5
KAG-NER-04044,Nagaland,25.8801,94.8533,Clayey Loam,27.14,152.58,1400.7,33.8,0.658,5.0,3,0.437,1,164.9
KAG-NER-04045,Arunachal Pradesh,28.0119,93.306,Weathered Gneiss,26.73,66.66,2714.8,43.0,0.595,17.1,2,0.475,1,208.1
KAG-NER-04046,Arunachal Pradesh,27.2081,93.1024,Weathered Gneiss,5.6,18.63,2566.3,32.7,0.415,11.5,4,0.304,0,163.6
KAG-NER-04047,Arunachal Pradesh,27.1717,91.9784,Rocky Phyllite,8.57,27.28,1579.7,23.3,0.282,16.5,3,0.208,0,147.0
KAG-NER-04048,Meghalaya,25.9161,92.7939,Clayey Loam,19.93,57.92,1290.3,7.0,0.439,14.9,3,0.169,0,105.6
KAG-NER-04049,Mizoram,23.0462,92.36,Clayey Loam,19.97,71.58,88.3,35.1,0.424,6.7,3,0.37,0,120.5
KAG-NER-04050,Assam,26.2616,92.5775,Alluvial Sandy Silt,14.52,33.31,2013.9,44.6,0.694,18.7,3,0.435,1,200.7
KAG-NER-04051,Tripura,23.4458,91.4617,Weathered Gneiss,6.11,16.87,1616.7,24.8,0.641,13.4,0,0.224,0,138.8
KAG-NER-04052,Nagaland,25.6812,94.5614,Clayey Loam,0.17,8.02,2630.1,19.6,0.319,17.7,4,0.183,0,171.9
KAG-NER-04053,Mizoram,23.8689,92.9984,Clayey Loam,133.55,374.38,1696.3,26.8,0.105,3.9,2,0.78,2,198.7
KAG-NER-04054,Meghalaya,25.4485,92.5635,Weathered Gneiss,109.19,252.64,2780.6,35.1,0.644,14.3,6,0.687,1,274.7
KAG-NER-04055,Manipur,25.3573,93.2778,Sedimentary Shale,25.12,86.63,2402.4,6.0,0.658,7.8,2,0.303,0,151.8
KAG-NER-04056,Assam,26.1122,92.8653,Sedimentary Shale,201.73,673.41,2673.8,41.5,0.092,19.2,1,1.23,2,371.0
KAG-NER-04057,Mizoram,22.9369,92.7801,Alluvial Sandy Silt,42.55,131.89,971.2,41.5,0.264,21.0,1,0.508,1,196.6
KAG-NER-04058,Assam,26.6145,92.8493,Sedimentary Shale,2.71,5.83,486.2,27.7,0.271,3.1,0,0.128,0,59.9
KAG-NER-04059,Tripura,23.5971,91.7509,Sedimentary Shale,4.76,22.02,2247.5,10.9,0.516,16.5,2,0.228,0,151.5
KAG-NER-04060,Sikkim,27.7712,88.2648,Sedimentary Shale,94.17,214.9,2218.5,32.9,0.746,4.1,4,0.674,1,204.6
KAG-NER-04061,Arunachal Pradesh,27.9477,91.6953,Sedimentary Shale,37.79,126.11,655.1,11.5,0.746,19.2,2,0.368,0,176.4
KAG-NER-04062,Assam,25.893,92.9832,Clayey Loam,70.4,214.78,2160.1,26.3,0.204,4.5,1,0.59,1,197.2
KAG-NER-04063,Manipur,24.1469,93.0358,Sedimentary Shale,86.85,259.49,1663.0,9.7,0.274,5.9,2,0.5,1,160.4
KAG-NER-04064,Arunachal Pradesh,27.1744,94.0418,Clayey Loam,22.58,71.94,377.9,29.6,0.558,7.0,5,0.348,0,109.6
KAG-NER-04065,Mizoram,23.855,92.5227,Sedimentary Shale,1.89,14.66,1444.9,18.7,0.559,16.6,1,0.252,0,155.6
KAG-NER-04066,Assam,26.7356,91.3211,Clayey Loam,7.93,38.21,2612.7,39.2,0.491,7.9,2,0.408,1,184.6
KAG-NER-04067,Assam,26.6588,92.3538,Clayey Loam,2.62,14.75,1457.6,38.0,0.562,13.9,3,0.326,0,168.4
KAG-NER-04068,Sikkim,27.5577,88.896,Clayey Loam,7.95,79.44,2225.3,45.9,0.544,13.4,3,0.392,1,196.9
KAG-NER-04069,Nagaland,26.7129,93.4064,Clayey Loam,20.08,84.64,158.6,16.3,0.392,10.0,2,0.271,0,95.7
KAG-NER-04070,Mizoram,24.1282,92.3731,Weathered Gneiss,4.78,53.17,2060.4,8.5,0.535,12.8,4,0.242,0,155.4
KAG-NER-04071,Arunachal Pradesh,28.4249,92.7682,Rocky Phyllite,6.93,54.67,2655.4,23.7,0.327,4.4,1,0.227,0,118.2
KAG-NER-04072,Nagaland,25.9348,93.5375,Sedimentary Shale,22.43,67.38,1438.7,9.3,0.254,19.5,3,0.242,0,156.1
KAG-NER-04073,Nagaland,25.5572,94.4901,Rocky Phyllite,15.8,55.62,998.6,13.1,0.492,6.1,4,0.235,0,91.4
KAG-NER-04074,Nagaland,26.7221,94.3161,Weathered Gneiss,23.96,45.56,1838.9,29.9,0.684,19.6,7,0.301,0,170.9
KAG-NER-04075,Nagaland,26.4022,94.543,Sedimentary Shale,21.31,80.74,2572.2,29.7,0.123,12.4,0,0.341,0,179.9
KAG-NER-04076,Meghalaya,25.3365,90.3176,Clayey Loam,39.3,85.37,560.8,7.7,0.212,14.3,1,0.247,0,117.2
KAG-NER-04077,Arunachal Pradesh,26.903,93.0779,Clayey Loam,105.17,221.57,1178.0,23.7,0.226,7.1,2,0.61,1,181.8
KAG-NER-04078,Arunachal Pradesh,27.2863,91.7804,Sedimentary Shale,4.34,22.54,505.1,27.2,0.15,6.4,1,0.204,0,75.5
KAG-NER-04079,Manipur,24.2513,93.1992,Clayey Loam,3.97,41.17,1430.9,16.7,0.48,11.8,2,0.22,0,131.6
KAG-NER-04080,Assam,27.0808,91.1312,Sedimentary Shale,72.81,221.91,1549.9,40.9,0.678,7.3,1,0.698,1,201.7
KAG-NER-04081,Nagaland,26.1527,94.2897,Sedimentary Shale,26.83,94.94,2648.2,12.4,0.249,10.5,2,0.236,0,150.5
KAG-NER-04082,Assam,26.5609,90.9458,Clayey Loam,55.26,128.34,1202.0,16.2,0.676,10.8,3,0.509,1,163.7
KAG-NER-04083,Nagaland,25.8463,93.4769,Sedimentary Shale,9.22,59.03,1622.1,12.3,0.611,7.4,4,0.246,0,129.3
KAG-NER-04084,Manipur,24.5539,93.3018,Sedimentary Shale,67.08,172.09,2487.9,10.7,0.317,7.8,2,0.469,1,185.2
KAG-NER-04085,Assam,26.5863,93.6176,Rocky Phyllite,97.85,332.85,954.2,41.2,0.47,21.5,2,0.79,2,264.7
KAG-NER-04086,Assam,26.545,92.4541,Alluvial Sandy Silt,38.35,83.08,1913.7,17.1,0.8,13.7,4,0.299,0,150.2
KAG-NER-04087,Assam,26.3423,94.2876,Weathered Gneiss,4.25,58.81,2139.5,34.9,0.538,18.6,6,0.294,0,187.5
KAG-NER-04088,Nagaland,25.7071,94.5013,Weathered Gneiss,85.75,261.23,979.0,23.1,0.675,2.9,2,0.671,1,171.9
KAG-NER-04089,Mizoram,23.9362,92.7611,Alluvial Sandy Silt,59.76,146.19,527.0,31.4,0.834,2.0,3,0.531,1,127.9
KAG-NER-04090,Assam,26.2162,92.6174,Clayey Loam,52.81,169.42,1447.9,43.1,0.588,12.4,2,0.523,1,198.9
KAG-NER-04091,Manipur,24.1305,93.0735,Alluvial Sandy Silt,1.42,44.33,1050.5,39.8,0.518,18.5,2,0.389,1,179.0
KAG-NER-04092,Arunachal Pradesh,27.0786,92.3422,Alluvial Sandy Silt,60.96,215.68,804.8,8.8,0.328,14.2,2,0.342,0,149.5
KAG-NER-04093,Meghalaya,25.5538,92.4078,Sedimentary Shale,5.64,24.75,2727.7,39.8,0.263,14.4,2,0.314,0,167.6
KAG-NER-04094,Tripura,23.4828,92.2222,Weathered Gneiss,9.56,83.24,1445.9,24.1,0.529,4.8,2,0.293,0,125.4
KAG-NER-04095,Arunachal Pradesh,28.4279,95.8151,Alluvial Sandy Silt,32.71,102.99,2409.6,20.0,0.08,21.6,0,0.294,0,202.1
KAG-NER-04096,Meghalaya,25.8538,91.1459,Alluvial Sandy Silt,11.7,39.07,611.3,32.9,0.638,12.6,3,0.358,0,148.7
KAG-NER-04097,Assam,25.9018,93.0597,Sedimentary Shale,41.15,173.6,2635.3,44.0,0.8,4.1,9,0.517,1,178.1
KAG-NER-04098,Assam,26.5822,94.3249,Rocky Phyllite,35.59,132.62,2240.9,9.8,0.514,10.3,2,0.317,0,152.8
KAG-NER-04099,Arunachal Pradesh,28.4936,93.7867,Sedimentary Shale,4.35,14.19,2279.6,36.7,0.652,3.4,4,0.325,0,149.1
KAG-NER-04100,Assam,26.2833,91.3366,Sedimentary Shale,40.55,103.31,1140.2,14.1,0.357,10.4,6,0.327,0,144.2
KAG-NER-04101,Nagaland,25.4067,94.1637,Sedimentary Shale,97.9,306.01,1400.9,21.2,0.116,16.2,0,0.589,1,201.7
KAG-NER-04102,Arunachal Pradesh,27.7888,95.2122,Clayey Loam,6.68,57.24,1693.9,41.0,0.705,8.5,5,0.392,1,154.4
KAG-NER-04103,Meghalaya,25.5541,92.5828,Sedimentary Shale,34.54,108.63,2228.2,27.8,0.192,8.3,1,0.29,0,154.1
KAG-NER-04104,Assam,26.6793,94.2815,Rocky Phyllite,15.9,62.62,2389.4,8.7,0.684,12.3,2,0.281,0,163.7
KAG-NER-04105,Arunachal Pradesh,27.1373,95.349,Rocky Phyllite,23.39,100.48,292.3,26.3,0.603,12.0,7,0.413,1,135.7
KAG-NER-04106,Nagaland,26.3452,93.6553,Sedimentary Shale,12.85,54.21,2539.0,37.6,0.614,11.3,5,0.393,1,177.9
KAG-NER-04107,Sikkim,27.2328,88.8412,Weathered Gneiss,16.61,71.93,2630.0,27.2,0.702,12.3,4,0.358,0,182.7
KAG-NER-04108,Assam,25.8451,92.5814,Sedimentary Shale,1.11,34.27,1692.7,12.7,0.536,3.0,3,0.183,0,102.8
KAG-NER-04109,Tripura,23.5762,91.8981,Weathered Gneiss,151.73,285.71,588.0,23.8,0.475,11.5,1,0.735,2,198.0
KAG-NER-04110,Meghalaya,25.8557,91.137,Weathered Gneiss,37.25,106.66,2306.1,43.0,0.292,21.8,2,0.446,1,209.1
KAG-NER-04111,Meghalaya,25.4842,92.753,Clayey Loam,26.39,88.62,1572.2,32.3,0.213,17.3,1,0.337,0,169.6
KAG-NER-04112,Meghalaya,25.8055,92.5327,Sedimentary Shale,18.39,61.95,2302.8,35.2,0.173,7.8,0,0.331,0,157.1
KAG-NER-04113,Assam,26.4143,91.5533,Rocky Phyllite,29.46,79.62,2296.3,37.4,0.315,15.6,2,0.351,0,190.6
KAG-NER-04114,Assam,26.3766,93.7224,Rocky Phyllite,18.17,64.32,315.9,9.6,0.579,8.6,3,0.257,0,90.6
KAG-NER-04115,Nagaland,25.5532,93.8057,Alluvial Sandy Silt,16.95,46.23,1731.1,29.3,0.502,5.8,7,0.267,0,123.9
KAG-NER-04116,Arunachal Pradesh,26.9746,93.4456,Weathered Gneiss,23.69,51.83,1394.2,21.0,0.401,17.5,3,0.264,0,150.6
KAG-NER-04117,Tripura,24.1929,91.1296,Alluvial Sandy Silt,12.27,56.16,2653.4,11.6,0.675,6.2,3,0.239,0,144.0
KAG-NER-04118,Arunachal Pradesh,27.9805,95.6962,Sedimentary Shale,7.54,26.91,886.9,14.1,0.796,19.2,5,0.309,0,158.1
KAG-NER-04119,Assam,26.1317,93.6214,Alluvial Sandy Silt,30.91,105.51,640.3,37.2,0.395,9.6,3,0.481,1,158.7
KAG-NER-04120,Manipur,25.3651,94.5396,Weathered Gneiss,70.3,221.43,2520.1,12.5,0.655,17.1,5,0.468,1,218.7
KAG-NER-04121,Arunachal Pradesh,27.2759,91.9515,Sedimentary Shale,6.3,55.13,484.5,18.5,0.469,7.2,2,0.277,0,105.1
KAG-NER-04122,Meghalaya,25.2335,92.0253,Weathered Gneiss,1.26,4.01,1947.3,17.4,0.572,15.1,6,0.234,0,150.0
KAG-NER-04123,Nagaland,26.4161,94.4114,Sedimentary Shale,10.77,36.01,896.1,7.9,0.322,6.3,2,0.133,0,73.8
KAG-NER-04124,Tripura,23.6033,91.3037,Alluvial Sandy Silt,148.13,472.01,1624.5,24.5,0.185,2.4,3,0.812,2,208.6
KAG-NER-04125,Manipur,24.8131,93.7739,Alluvial Sandy Silt,67.06,148.51,1756.1,36.6,0.128,18.3,1,0.441,1,205.1
KAG-NER-04126,Nagaland,26.4204,94.062,Weathered Gneiss,34.43,158.31,1215.2,6.9,0.568,19.1,3,0.326,0,189.8
KAG-NER-04127,Nagaland,25.8741,93.8402,Weathered Gneiss,100.65,257.49,2731.9,10.5,0.384,19.6,1,0.534,1,254.2
KAG-NER-04128,Sikkim,27.248,88.3126,Clayey Loam,22.39,46.39,438.6,34.8,0.555,2.7,3,0.364,0,112.8
KAG-NER-04129,Arunachal Pradesh,27.0517,93.0609,Alluvial Sandy Silt,155.47,419.4,1144.6,29.7,0.42,17.2,1,0.875,2,264.5
KAG-NER-04130,Assam,25.8512,91.3389,Alluvial Sandy Silt,13.35,47.13,1250.7,34.6,0.532,18.7,4,0.376,0,174.1
KAG-NER-04131,Arunachal Pradesh,28.0948,92.9646,Alluvial Sandy Silt,10.44,74.53,1796.4,15.2,0.728,8.2,7,0.32,0,124.3
KAG-NER-04132,Assam,26.7355,93.726,Sedimentary Shale,38.62,215.05,1187.7,38.2,0.605,11.4,6,0.549,1,178.6
KAG-NER-04133,Nagaland,26.2137,94.838,Sedimentary Shale,18.05,103.26,343.9,25.2,0.211,10.2,0,0.262,0,95.0
KAG-NER-04134,Nagaland,25.43,94.508,Weathered Gneiss,37.41,153.22,2657.0,30.4,0.126,10.8,0,0.351,0,182.3
KAG-NER-04135,Nagaland,26.7423,94.6934,Rocky Phyllite,13.83,68.7,1211.7,9.7,0.342,18.9,1,0.216,0,146.2
KAG-NER-04136,Assam,26.035,91.9707,Weathered Gneiss,36.56,105.62,1012.1,14.2,0.605,10.4,3,0.355,0,128.4
KAG-NER-04137,Manipur,24.2414,93.9621,Clayey Loam,12.26,71.76,1295.1,36.9,0.456,8.0,3,0.364,0,142.9
KAG-NER-04138,Arunachal Pradesh,28.0395,92.9268,Sedimentary Shale,1.99,10.6,669.1,15.0,0.813,4.6,4,0.284,0,99.8
KAG-NER-04139,Nagaland,26.1553,94.4364,Alluvial Sandy Silt,92.41,291.77,352.6,9.7,0.462,15.5,1,0.563,1,173.4
KAG-NER-04140,Meghalaya,25.4792,92.4204,Sedimentary Shale,81.6,249.74,484.1,29.9,0.478,3.7,2,0.669,1,175.1
KAG-NER-04141,Arunachal Pradesh,28.1345,91.791,Weathered Gneiss,134.27,414.93,533.3,27.9,0.287,3.2,0,0.727,2,167.4
KAG-NER-04142,Assam,26.6696,91.559,Sedimentary Shale,47.9,179.92,617.7,30.3,0.284,15.6,0,0.396,1,161.9
KAG-NER-04143,Assam,26.5805,94.806,Alluvial Sandy Silt,43.62,150.26,1222.3,30.7,0.248,15.9,1,0.485,1,187.2
KAG-NER-04144,Mizoram,24.1186,92.745,Weathered Gneiss,31.11,81.35,1777.0,26.0,0.445,6.0,4,0.334,0,149.2
KAG-NER-04145,Tripura,23.5498,91.3813,Weathered Gneiss,5.12,38.33,1790.6,25.8,0.075,21.1,0,0.195,0,171.9
KAG-NER-04146,Nagaland,26.1455,93.5714,Sedimentary Shale,7.97,105.49,80.3,43.0,0.757,17.8,6,0.51,1,165.9
KAG-NER-04147,Assam,26.569,90.506,Sedimentary Shale,12.99,41.85,2585.0,27.4,0.865,15.7,5,0.384,1,212.9
KAG-NER-04148,Arunachal Pradesh,27.4182,92.4897,Sedimentary Shale,83.93,214.34,2318.1,30.7,0.452,17.1,2,0.629,1,233.9
KAG-NER-04149,Manipur,25.3597,94.1636,Alluvial Sandy Silt,7.22,30.74,2701.9,16.7,0.145,10.2,1,0.176,0,133.2
KAG-NER-04150,Manipur,24.4895,93.1486,Sedimentary Shale,97.37,214.47,1059.2,40.8,0.755,11.1,3,0.775,2,235.5
KAG-NER-04151,Assam,26.5235,91.4605,Sedimentary Shale,28.11,123.18,1888.3,7.0,0.476,19.4,3,0.303,0,180.8
KAG-NER-04152,Assam,26.551,94.2591,Weathered Gneiss,47.78,116.16,537.0,28.3,0.565,2.5,2,0.478,1,126.2
KAG-NER-04153,Manipur,24.8621,94.0141,Sedimentary Shale,4.44,21.1,2302.3,21.4,0.943,18.0,8,0.298,0,187.5
KAG-NER-04154,Arunachal Pradesh,27.7656,95.6727,Alluvial Sandy Silt,11.91,49.21,518.9,30.2,0.438,11.0,4,0.322,0,115.4
KAG-NER-04155,Arunachal Pradesh,28.391,93.8073,Sedimentary Shale,120.94,365.42,966.7,20.4,0.153,11.3,0,0.674,1,217.0
KAG-NER-04156,Assam,26.2281,92.5681,Rocky Phyllite,11.76,42.52,1415.1,34.7,0.382,8.5,3,0.304,0,149.2
KAG-NER-04157,Meghalaya,25.2679,91.8545,Alluvial Sandy Silt,13.37,43.99,1697.1,6.8,0.246,14.1,1,0.079,0,100.2
KAG-NER-04158,Mizoram,23.5501,92.4136,Weathered Gneiss,8.37,74.24,1602.2,22.2,0.523,15.5,4,0.271,0,151.1
KAG-NER-04159,Sikkim,27.2384,88.4837,Rocky Phyllite,5.25,19.33,357.7,39.3,0.358,5.2,2,0.289,0,98.9
KAG-NER-04160,Meghalaya,25.8988,91.6726,Clayey Loam,10.09,37.14,1227.0,16.0,0.2,13.3,1,0.232,0,130.2
KAG-NER-04161,Meghalaya,25.7134,91.0815,Weathered Gneiss,39.07,197.5,2590.3,8.1,0.142,11.3,2,0.29,0,160.4
KAG-NER-04162,Assam,26.6,92.5132,Sedimentary Shale,23.09,128.6,2452.8,25.9,0.63,17.6,2,0.412,1,212.3
KAG-NER-04163,Meghalaya,25.6932,90.3315,Sedimentary Shale,30.66,119.99,1686.9,45.1,0.447,12.9,2,0.527,1,201.0
KAG-NER-04164,Arunachal Pradesh,27.6893,92.832,Sedimentary Shale,4.96,28.67,1636.7,8.6,0.278,10.6,2,0.081,0,115.1
KAG-NER-04165,Nagaland,25.8567,94.8414,Clayey Loam,61.56,171.6,383.8,8.8,0.207,12.6,0,0.336,0,115.8
KAG-NER-04166,Arunachal Pradesh,27.1923,92.9006,Weathered Gneiss,58.25,123.0,624.7,29.8,0.279,11.8,3,0.464,1,148.3
KAG-NER-04167,Assam,26.5138,94.3836,Clayey Loam,0.83,4.76,767.2,16.0,0.349,20.7,1,0.254,0,145.6
KAG-NER-04168,Assam,26.3833,93.8474,Weathered Gneiss,18.38,90.24,1407.9,22.4,0.6,8.2,2,0.26,0,141.2
KAG-NER-04169,Arunachal Pradesh,28.2702,92.8951,Clayey Loam,2.71,17.7,2069.3,39.2,0.372,2.7,3,0.285,0,133.6
KAG-NER-04170,Assam,26.3499,92.1045,Weathered Gneiss,59.69,189.78,1333.2,14.0,0.705,15.2,7,0.511,1,195.4
KAG-NER-04171,Assam,26.966,90.6996,Alluvial Sandy Silt,50.79,143.6,422.9,34.8,0.53,14.1,7,0.535,1,172.9
KAG-NER-04172,Sikkim,27.3159,88.6435,Alluvial Sandy Silt,88.26,245.89,1275.0,26.2,0.701,20.2,3,0.743,2,257.4
KAG-NER-04173,Meghalaya,25.6089,91.3344,Clayey Loam,10.25,42.6,522.4,42.2,0.456,4.3,1,0.331,0,111.4
KAG-NER-04174,Meghalaya,25.586,90.7137,Clayey Loam,23.16,94.66,2123.1,44.9,0.607,12.5,2,0.458,1,188.6
KAG-NER-04175,Mizoram,23.4461,92.8519,Sedimentary Shale,7.75,27.05,532.9,25.4,0.17,5.0,0,0.133,0,69.3
KAG-NER-04176,Sikkim,27.7308,88.3087,Weathered Gneiss,17.63,69.25,1392.5,29.4,0.323,11.1,3,0.307,0,138.3
KAG-NER-04177,Nagaland,26.615,94.3664,Sedimentary Shale,28.07,80.35,1966.1,35.8,0.508,18.0,5,0.424,1,189.4
KAG-NER-04178,Mizoram,22.8305,93.0971,Alluvial Sandy Silt,2.08,8.34,700.7,18.7,0.753,19.1,6,0.339,0,146.4
KAG-NER-04179,Arunachal Pradesh,26.9569,95.9882,Sedimentary Shale,47.68,172.07,286.8,15.1,0.751,18.7,3,0.528,1,180.3
KAG-NER-04180,Arunachal Pradesh,28.2962,92.838,Weathered Gneiss,29.78,82.94,1612.2,44.6,0.22,12.9,0,0.456,1,177.8
KAG-NER-04181,Arunachal Pradesh,27.3119,93.2165,Clayey Loam,67.1,159.45,227.4,23.3,0.161,14.7,0,0.391,1,147.7
KAG-NER-04182,Nagaland,25.8986,93.9585,Weathered Gneiss,12.05,84.05,1678.7,6.1,0.183,13.0,0,0.172,0,130.7
KAG-NER-04183,Nagaland,25.8456,94.3317,Sedimentary Shale,88.78,239.96,2129.5,39.5,0.356,13.2,2,0.663,1,221.3
KAG-NER-04184,Arunachal Pradesh,27.1628,95.3069,Alluvial Sandy Silt,252.36,490.31,975.7,30.0,0.146,19.7,2,1.137,2,320.5
KAG-NER-04185,Assam,26.9374,92.6442,Rocky Phyllite,95.65,231.19,1408.3,12.7,0.463,6.2,1,0.543,1,164.0
KAG-NER-04186,Nagaland,26.5938,93.7707,Sedimentary Shale,57.17,196.66,2606.2,7.2,0.39,10.8,7,0.433,1,188.4
KAG-NER-04187,Assam,25.8246,93.2864,Clayey Loam,63.58,133.41,1361.4,17.7,0.306,14.2,1,0.379,0,165.7
KAG-NER-04188,Meghalaya,25.5121,91.6746,Sedimentary Shale,32.4,118.73,2790.6,43.1,0.489,17.3,5,0.487,1,238.5
KAG-NER-04189,Nagaland,26.6591,94.8549,Weathered Gneiss,8.01,47.77,507.0,43.3,0.702,17.2,5,0.468,1,170.5
KAG-NER-04190,Manipur,24.8882,94.2225,Weathered Gneiss,42.95,125.32,2008.3,18.4,0.655,4.3,4,0.499,1,180.1
KAG-NER-04191,Manipur,24.1173,93.2571,Alluvial Sandy Silt,47.4,150.62,1855.1,39.4,0.475,6.4,2,0.477,1,156.3
KAG-NER-04192,Mizoram,23.8998,92.7745,Rocky Phyllite,160.58,482.24,2452.7,23.7,0.595,20.2,2,0.979,2,317.7
KAG-NER-04193,Meghalaya,25.5014,91.0024,Sedimentary Shale,29.62,87.4,331.4,32.2,0.532,9.2,2,0.417,1,130.7
KAG-NER-04194,Manipur,24.8503,93.2963,Alluvial Sandy Silt,12.03,58.98,842.2,19.4,0.234,2.1,1,0.263,0,78.5
KAG-NER-04195,Nagaland,26.2777,93.6607,Weathered Gneiss,43.74,154.97,439.5,26.6,0.261,6.0,1,0.463,1,120.7
KAG-NER-04196,Assam,25.8894,91.9866,Rocky Phyllite,147.49,370.99,2618.0,17.8,0.592,21.4,2,0.803,2,299.8
KAG-NER-04197,Assam,26.1236,94.5005,Sedimentary Shale,7.41,66.71,1240.4,8.4,0.209,8.2,0,0.146,0,85.9
KAG-NER-04198,Arunachal Pradesh,26.9879,92.2948,Alluvial Sandy Silt,14.99,44.98,2555.4,11.6,0.258,14.3,3,0.18,0,146.1
KAG-NER-04199,Meghalaya,25.5938,91.4508,Sedimentary Shale,29.66,63.65,880.8,17.6,0.665,16.5,5,0.355,0,157.7
KAG-NER-04200,Nagaland,25.4642,93.4109,Rocky Phyllite,7.09,50.55,423.7,45.1,0.752,14.9,5,0.461,1,176.4
KAG-NER-04201,Mizoram,24.2821,93.0247,Sedimentary Shale,0.85,27.93,886.6,44.6,0.607,9.6,3,0.352,0,131.2
KAG-NER-04202,Assam,26.3116,92.6169,Sedimentary Shale,15.62,67.29,1704.3,39.1,0.779,10.6,3,0.51,1,185.6
KAG-NER-04203,Assam,26.1732,92.0519,Alluvial Sandy Silt,76.2,261.31,2379.0,15.3,0.494,18.8,2,0.467,1,211.3
KAG-NER-04204,Sikkim,27.5543,88.8062,Clayey Loam,1.69,14.59,1128.3,23.7,0.374,15.3,3,0.16,0,113.7
KAG-NER-04205,Assam,26.0578,94.2816,Rocky Phyllite,21.29,57.37,2568.3,23.6,0.043,2.5,0,0.242,0,104.9
KAG-NER-04206,Meghalaya,25.2094,90.759,Sedimentary Shale,54.58,168.77,744.3,21.5,0.321,6.1,2,0.413,1,120.8
KAG-NER-04207,Nagaland,25.452,93.6112,Weathered Gneiss,116.34,236.89,1966.4,7.8,0.628,7.7,2,0.583,1,199.9
KAG-NER-04208,Meghalaya,25.9256,91.3945,Clayey Loam,160.81,459.35,2081.1,27.4,0.52,9.3,3,0.983,2,273.4
KAG-NER-04209,Assam,25.9087,94.8188,Sedimentary Shale,20.83,39.95,825.2,8.9,0.082,13.5,1,0.171,0,112.5
KAG-NER-04210,Assam,27.0306,93.8961,Alluvial Sandy Silt,114.13,306.29,153.4,38.1,0.377,9.3,1,0.801,2,202.9
KAG-NER-04211,Assam,27.1069,91.4906,Weathered Gneiss,1.37,16.14,1073.4,33.7,0.403,18.5,2,0.222,0,150.3
KAG-NER-04212,Nagaland,26.5709,94.435,Alluvial Sandy Silt,52.06,236.4,202.9,20.1,0.526,11.5,4,0.529,1,171.5
KAG-NER-04213,Meghalaya,25.8828,92.272,Weathered Gneiss,39.11,164.51,2530.1,31.9,0.804,12.0,3,0.561,1,222.5
KAG-NER-04214,Assam,26.2851,93.9848,Alluvial Sandy Silt,10.91,136.57,2673.6,15.3,0.408,10.5,5,0.241,0,152.7
KAG-NER-04215,Nagaland,25.7674,93.8929,Alluvial Sandy Silt,26.9,98.52,2080.2,16.6,0.293,8.2,2,0.276,0,146.2
KAG-NER-04216,Mizoram,22.9619,93.3286,Alluvial Sandy Silt,5.27,15.38,2056.6,18.6,0.258,16.5,1,0.207,0,158.3
KAG-NER-04217,Assam,26.2074,92.8428,Alluvial Sandy Silt,78.0,224.11,735.2,37.9,0.482,6.6,1,0.682,1,163.5
KAG-NER-04218,Meghalaya,25.4522,92.6958,Alluvial Sandy Silt,16.83,59.63,281.1,14.4,0.153,15.8,1,0.179,0,99.4
KAG-NER-04219,Nagaland,25.8691,94.5678,Alluvial Sandy Silt,37.38,121.77,2261.7,28.5,0.342,12.6,3,0.341,0,170.1
KAG-NER-04220,Arunachal Pradesh,28.2687,93.4602,Clayey Loam,6.57,29.46,1600.9,14.0,0.528,4.0,3,0.273,0,109.0
KAG-NER-04221,Arunachal Pradesh,27.5051,94.8649,Clayey Loam,8.77,27.94,1934.0,17.4,0.276,2.4,2,0.184,0,97.1
KAG-NER-04222,Nagaland,26.6781,94.5324,Clayey Loam,183.27,619.92,2200.6,15.4,0.252,5.4,1,0.922,2,235.6
KAG-NER-04223,Tripura,23.4726,92.166,Weathered Gneiss,53.15,126.54,1193.7,31.8,0.702,17.2,3,0.504,1,202.8
KAG-NER-04224,Mizoram,23.3814,92.9339,Alluvial Sandy Silt,124.24,396.91,473.2,27.1,0.475,9.7,4,0.849,2,218.2
KAG-NER-04225,Nagaland,26.564,93.6826,Rocky Phyllite,13.33,46.07,2242.5,34.9,0.496,18.1,2,0.289,0,191.1
KAG-NER-04226,Manipur,25.0983,93.9539,Weathered Gneiss,6.83,23.61,1314.2,14.8,0.532,12.0,6,0.218,0,125.9
KAG-NER-04227,Arunachal Pradesh,28.3293,92.2739,Clayey Loam,26.57,93.23,2329.2,6.4,0.273,2.7,3,0.202,0,112.8
KAG-NER-04228,Nagaland,25.989,94.6493,Sedimentary Shale,25.94,105.49,1270.5,33.2,0.631,18.9,5,0.427,1,180.9
KAG-NER-04229,Meghalaya,25.1173,90.4917,Sedimentary Shale,7.31,19.14,670.3,10.6,0.308,20.7,0,0.128,0,116.0
KAG-NER-04230,Assam,27.1868,91.7618,Weathered Gneiss,50.21,127.04,545.1,15.9,0.189,3.5,0,0.345,0,103.2
KAG-NER-04231,Manipur,25.3658,93.2921,Clayey Loam,17.06,36.76,2103.5,18.2,0.455,6.2,0,0.239,0,126.0
KAG-NER-04232,Meghalaya,25.425,92.1575,Weathered Gneiss,7.84,32.0,1643.7,35.9,0.311,16.3,1,0.309,0,152.4
KAG-NER-04233,Arunachal Pradesh,27.9524,94.1151,Sedimentary Shale,15.33,51.18,1180.5,31.0,0.403,21.9,0,0.293,0,180.2
KAG-NER-04234,Tripura,23.8359,92.1121,Sedimentary Shale,31.51,135.73,1418.6,13.4,0.373,19.5,0,0.357,0,181.7
KAG-NER-04235,Assam,26.1289,92.4911,Sedimentary Shale,49.26,138.29,1575.0,29.9,0.48,4.0,3,0.46,1,144.3
KAG-NER-04236,Arunachal Pradesh,27.1487,94.1817,Alluvial Sandy Silt,24.99,87.23,731.2,34.3,0.371,14.1,5,0.318,0,132.5
KAG-NER-04237,Assam,26.1508,92.0023,Sedimentary Shale,28.34,101.69,1108.6,21.6,0.278,15.3,0,0.268,0,148.4
KAG-NER-04238,Manipur,24.6598,93.0428,Rocky Phyllite,5.68,24.22,875.4,15.8,0.411,14.6,2,0.146,0,106.0
KAG-NER-04239,Manipur,24.1287,94.0975,Weathered Gneiss,93.54,325.14,1136.5,33.2,0.493,13.4,5,0.671,1,214.4
KAG-NER-04240,Arunachal Pradesh,27.5864,95.3916,Weathered Gneiss,100.37,289.17,1441.5,30.4,0.641,7.8,2,0.669,1,197.6
KAG-NER-04241,Nagaland,26.3725,93.4122,Weathered Gneiss,43.71,125.81,551.5,9.1,0.394,15.4,3,0.273,0,127.0
KAG-NER-04242,Arunachal Pradesh,27.8867,91.9218,Rocky Phyllite,0.68,5.3,1150.4,32.7,0.698,16.6,5,0.308,0,145.1
KAG-NER-04243,Manipur,25.0933,94.5864,Weathered Gneiss,29.27,101.9,1128.5,25.5,0.488,13.5,3,0.396,1,171.1
KAG-NER-04244,Meghalaya,25.5781,91.9752,Alluvial Sandy Silt,37.7,101.74,857.9,36.1,0.488,11.9,5,0.385,1,138.9
KAG-NER-04245,Arunachal Pradesh,27.2797,93.4692,Clayey Loam,198.8,482.61,2795.9,13.6,0.408,6.4,1,0.926,2,265.6
KAG-NER-04246,Tripura,24.2273,91.3009,Sedimentary Shale,210.46,605.06,280.3,16.3,0.546,12.9,4,1.146,2,293.1
KAG-NER-04247,Arunachal Pradesh,27.3249,93.5045,Sedimentary Shale,74.07,216.98,1828.8,27.7,0.368,4.6,3,0.534,1,169.3
KAG-NER-04248,Assam,26.7971,92.1915,Weathered Gneiss,2.51,15.93,554.5,25.3,0.564,3.5,3,0.188,0,74.9
KAG-NER-04249,Nagaland,26.6988,93.5417,Alluvial Sandy Silt,116.41,277.4,2363.5,21.5,0.87,17.6,7,0.753,2,282.3
KAG-NER-04250,Sikkim,27.3596,88.6672,Sedimentary Shale,36.04,128.22,2566.6,35.8,0.424,15.5,4,0.454,1,222.6
KAG-NER-04251,Arunachal Pradesh,27.2616,94.4539,Weathered Gneiss,61.33,177.4,1172.0,28.6,0.568,15.0,3,0.539,1,189.7
KAG-NER-04252,Assam,26.0299,90.7519,Alluvial Sandy Silt,19.87,118.74,2319.9,34.4,0.21,20.6,2,0.435,1,228.9
KAG-NER-04253,Arunachal Pradesh,27.0936,95.6849,Rocky Phyllite,14.64,36.15,759.8,12.1,0.874,9.6,5,0.265,0,100.9
KAG-NER-04254,Meghalaya,25.5966,92.2705,Alluvial Sandy Silt,23.64,77.53,461.0,35.2,0.169,10.0,4,0.364,0,113.2
KAG-NER-04255,Assam,26.2657,93.167,Weathered Gneiss,6.04,84.39,939.2,24.5,0.178,10.3,1,0.231,0,114.0
KAG-NER-04256,Nagaland,26.0929,94.8186,Sedimentary Shale,16.79,121.01,1009.4,7.4,0.477,11.3,2,0.276,0,126.8
KAG-NER-04257,Sikkim,27.6233,88.6844,Weathered Gneiss,74.07,211.52,1160.8,15.4,0.845,12.3,5,0.544,1,190.2
KAG-NER-04258,Meghalaya,25.1417,91.6291,Weathered Gneiss,1.47,30.54,1094.4,7.0,0.401,17.6,2,0.114,0,125.2
KAG-NER-04259,Arunachal Pradesh,27.6472,95.6753,Weathered Gneiss,6.21,26.14,1198.3,24.3,0.138,6.4,1,0.132,0,91.9
KAG-NER-04260,Arunachal Pradesh,27.3117,92.7143,Clayey Loam,5.08,36.6,2011.3,19.0,0.39,10.7,1,0.152,0,136.5
KAG-NER-04261,Assam,26.3759,91.5952,Clayey Loam,19.61,97.63,748.0,45.5,0.533,12.1,4,0.476,1,178.3
KAG-NER-04262,Tripura,23.355,92.1289,Clayey Loam,220.58,515.88,130.5,40.7,0.346,5.4,0,1.135,2,256.8
KAG-NER-04263,Arunachal Pradesh,27.7932,95.3761,Sedimentary Shale,7.23,24.0,1411.9,39.0,0.37,16.0,0,0.405,1,177.6
KAG-NER-04264,Arunachal Pradesh,28.2298,92.7692,Weathered Gneiss,5.97,17.12,1299.4,26.0,0.593,3.1,3,0.256,0,98.9
KAG-NER-04265,Nagaland,26.1668,93.5248,Sedimentary Shale,93.7,305.9,243.4,38.3,0.129,13.7,1,0.681,1,196.1
KAG-NER-04266,Meghalaya,25.9237,91.2511,Clayey Loam,81.22,206.33,443.9,16.7,0.198,6.0,2,0.462,1,126.7
KAG-NER-04267,Nagaland,25.9511,93.8541,Alluvial Sandy Silt,1.25,39.69,1467.0,28.4,0.513,2.2,2,0.203,0,98.0
KAG-NER-04268,Assam,26.4449,91.6329,Sedimentary Shale,52.94,153.3,718.5,21.7,0.103,8.3,0,0.308,0,124.7
KAG-NER-04269,Mizoram,23.3623,93.1799,Weathered Gneiss,40.49,98.24,2467.1,12.9,0.276,10.6,1,0.224,0,141.8
KAG-NER-04270,Sikkim,27.684,88.3433,Sedimentary Shale,55.48,150.83,551.4,8.9,0.648,18.3,3,0.47,1,178.2
KAG-NER-04271,Nagaland,26.0566,94.7107,Rocky Phyllite,25.92,91.39,134.7,28.3,0.435,10.2,2,0.406,1,114.6
KAG-NER-04272,Sikkim,27.1369,88.8113,Weathered Gneiss,180.64,352.05,1297.4,9.9,0.212,20.3,2,0.842,2,272.9
KAG-NER-04273,Assam,26.1069,93.5534,Weathered Gneiss,1.7,4.63,2762.4,34.7,0.594,18.9,1,0.211,0,181.0
KAG-NER-04274,Meghalaya,25.6243,91.6376,Weathered Gneiss,10.15,39.14,1804.1,42.9,0.158,5.9,1,0.243,0,110.0
KAG-NER-04275,Nagaland,26.6031,93.5524,Weathered Gneiss,19.19,50.78,1043.0,12.5,0.176,5.1,1,0.203,0,87.7
KAG-NER-04276,Nagaland,25.8858,94.2074,Rocky Phyllite,22.7,99.93,125.9,24.8,0.111,6.9,1,0.24,0,75.9
KAG-NER-04277,Arunachal Pradesh,28.1981,92.474,Sedimentary Shale,96.63,251.43,1399.1,35.6,0.36,9.2,1,0.683,1,193.0
KAG-NER-04278,Arunachal Pradesh,28.1847,93.2984,Sedimentary Shale,31.2,88.99,641.6,17.5,0.706,13.7,6,0.347,0,153.1
KAG-NER-04279,Assam,26.0645,93.9154,Weathered Gneiss,1.75,26.72,1841.9,42.8,0.294,4.5,0,0.274,0,108.2
KAG-NER-04280,Arunachal Pradesh,27.0454,93.8165,Sedimentary Shale,19.91,68.65,1665.8,41.5,0.337,12.6,3,0.298,0,151.7
KAG-NER-04281,Assam,25.8894,92.1039,Alluvial Sandy Silt,20.47,45.96,801.4,10.2,0.277,13.6,3,0.164,0,117.5
KAG-NER-04282,Manipur,24.8415,93.8898,Weathered Gneiss,127.93,356.71,267.4,7.1,0.382,15.2,4,0.68,1,213.3
KAG-NER-04283,Assam,26.3665,92.4307,Alluvial Sandy Silt,34.74,140.05,2133.7,45.1,0.375,13.0,3,0.442,1,181.2
KAG-NER-04284,Assam,26.1175,92.5515,Alluvial Sandy Silt,38.37,73.16,1672.5,44.3,0.308,18.5,1,0.427,1,206.8
KAG-NER-04285,Meghalaya,25.9579,92.4112,Sedimentary Shale,47.47,120.4,2370.6,22.9,0.674,14.8,0,0.404,1,195.6
KAG-NER-04286,Nagaland,25.6033,93.4447,Alluvial Sandy Silt,55.85,158.26,786.7,8.0,0.463,20.5,8,0.345,0,173.2
KAG-NER-04287,Mizoram,24.2003,92.8794,Weathered Gneiss,38.3,126.77,1855.8,30.8,0.159,16.0,1,0.337,0,188.7
KAG-NER-04288,Meghalaya,25.5841,92.2299,Sedimentary Shale,10.29,37.46,402.8,17.7,0.676,10.7,2,0.293,0,120.1
KAG-NER-04289,Arunachal Pradesh,27.4035,93.6686,Sedimentary Shale,78.73,208.61,873.7,43.5,0.569,6.2,1,0.698,1,178.7
KAG-NER-04290,Mizoram,24.253,93.0394,Weathered Gneiss,50.05,141.37,1865.8,37.8,0.419,2.2,1,0.564,1,151.7
KAG-NER-04291,Meghalaya,25.2384,90.5464,Weathered Gneiss,51.46,159.77,2325.6,32.0,0.255,3.8,0,0.476,1,172.5
KAG-NER-04292,Assam,26.086,93.9502,Weathered Gneiss,215.51,465.21,952.9,17.4,0.581,5.8,3,1.053,2,257.1
KAG-NER-04293,Meghalaya,25.3658,90.2556,Alluvial Sandy Silt,61.64,209.01,2252.9,34.1,0.568,6.3,5,0.648,1,201.1
KAG-NER-04294,Tripura,24.333,91.3037,Sedimentary Shale,67.15,282.67,1923.5,17.6,0.665,16.8,4,0.59,1,228.6
KAG-NER-04295,Arunachal Pradesh,26.9153,92.5671,Alluvial Sandy Silt,114.92,263.62,1028.4,7.5,0.357,9.7,2,0.59,1,170.9
KAG-NER-04296,Arunachal Pradesh,27.276,93.399,Clayey Loam,6.23,42.19,2463.8,26.3,0.222,8.5,2,0.259,0,148.9
KAG-NER-04297,Assam,27.0885,94.4563,Sedimentary Shale,26.17,81.96,1465.1,25.5,0.168,3.0,0,0.288,0,99.2
KAG-NER-04298,Assam,26.4397,92.349,Weathered Gneiss,33.02,84.86,1843.2,36.5,0.343,12.8,3,0.386,1,181.6
KAG-NER-04299,Meghalaya,25.5995,90.833,Sedimentary Shale,15.18,64.49,1428.1,40.6,0.425,14.3,2,0.363,0,180.5
KAG-NER-04300,Nagaland,25.4731,94.8088,Weathered Gneiss,69.5,217.18,1311.4,20.2,0.303,19.6,0,0.456,1,200.2
KAG-NER-04301,Assam,26.0614,91.3928,Alluvial Sandy Silt,54.62,193.77,2386.5,24.0,0.518,12.1,2,0.469,1,200.2
KAG-NER-04302,Tripura,23.767,91.6899,Sedimentary Shale,48.49,142.78,881.6,24.8,0.29,2.2,3,0.44,1,127.4
KAG-NER-04303,Manipur,24.0258,93.2367,Sedimentary Shale,222.69,722.26,179.6,19.0,0.468,3.3,2,1.18,2,254.3
KAG-NER-04304,Nagaland,25.9294,94.4256,Alluvial Sandy Silt,11.41,35.49,2473.0,35.7,0.47,7.4,1,0.33,0,147.1
KAG-NER-04305,Mizoram,23.1426,92.7653,Alluvial Sandy Silt,50.53,143.62,2324.1,26.9,0.345,4.8,1,0.423,1,172.0
KAG-NER-04306,Assam,26.5803,94.4987,Weathered Gneiss,30.46,82.99,1077.0,42.6,0.297,17.4,2,0.346,0,167.6
KAG-NER-04307,Meghalaya,25.3935,90.5473,Weathered Gneiss,14.27,33.83,584.4,32.0,0.442,4.2,1,0.34,0,108.8
KAG-NER-04308,Nagaland,26.085,94.5201,Sedimentary Shale,6.65,39.83,1917.5,14.5,0.383,5.2,1,0.139,0,107.5
KAG-NER-04309,Mizoram,22.9648,92.7672,Weathered Gneiss,85.97,299.76,294.2,12.6,0.497,15.3,0,0.547,1,185.4
KAG-NER-04310,Manipur,24.0249,93.0537,Weathered Gneiss,34.39,90.17,1232.6,20.9,0.333,6.8,0,0.312,0,132.8
KAG-NER-04311,Arunachal Pradesh,27.6727,92.8419,Alluvial Sandy Silt,66.22,205.79,313.5,19.9,0.487,21.4,2,0.558,1,205.5
KAG-NER-04312,Sikkim,27.6916,88.5817,Alluvial Sandy Silt,29.95,100.4,1706.3,22.3,0.586,19.3,1,0.391,1,186.3
KAG-NER-04313,Assam,26.4355,92.3357,Alluvial Sandy Silt,9.44,41.89,154.0,13.3,0.329,16.9,2,0.197,0,117.0
KAG-NER-04314,Mizoram,23.5459,92.3445,Alluvial Sandy Silt,15.65,45.45,1791.5,45.1,0.061,8.9,0,0.361,0,151.7
KAG-NER-04315,Sikkim,27.725,88.8986,Weathered Gneiss,18.26,66.66,1911.1,11.8,0.391,3.1,2,0.217,0,99.5
KAG-NER-04316,Assam,26.0541,91.0417,Weathered Gneiss,137.16,324.29,1405.0,32.1,0.587,8.7,4,0.91,2,258.8
KAG-NER-04317,Manipur,24.201,94.0576,Weathered Gneiss,0.21,10.77,556.0,6.5,0.377,9.5,3,0.136,0,83.3
KAG-NER-04318,Assam,26.726,94.3157,Clayey Loam,161.31,337.04,355.8,22.3,0.662,4.5,3,0.866,2,202.6
KAG-NER-04319,Arunachal Pradesh,28.1029,93.5236,Alluvial Sandy Silt,149.54,291.8,932.2,18.4,0.447,4.4,2,0.667,1,169.3
KAG-NER-04320,Meghalaya,25.6516,91.9895,Weathered Gneiss,211.28,619.0,1345.4,21.3,0.247,15.4,1,1.13,2,311.2
KAG-NER-04321,Nagaland,26.1178,94.1135,Sedimentary Shale,24.6,89.15,1826.8,25.9,0.575,6.6,7,0.387,1,157.1
KAG-NER-04322,Tripura,23.9741,91.769,Alluvial Sandy Silt,126.12,345.15,83.4,30.0,0.226,15.6,0,0.727,2,224.4
KAG-NER-04323,Nagaland,26.3015,94.3193,Alluvial Sandy Silt,19.13,41.75,2014.1,29.3,0.671,13.0,3,0.335,0,155.0
KAG-NER-04324,Meghalaya,25.7473,91.8713,Alluvial Sandy Silt,1.01,105.08,2018.6,31.2,0.177,20.0,1,0.35,0,195.1
KAG-NER-04325,Mizoram,23.5796,93.05,Sedimentary Shale,9.65,50.08,1289.1,39.8,0.089,17.9,0,0.243,0,126.1
KAG-NER-04326,Sikkim,27.4146,88.2933,Weathered Gneiss,110.42,365.86,1014.1,41.5,0.48,5.0,2,0.836,2,207.9
KAG-NER-04327,Assam,25.802,93.0198,Weathered Gneiss,0.53,7.84,2371.1,35.5,0.581,14.2,2,0.302,0,173.6
KAG-NER-04328,Sikkim,27.5135,88.8776,Clayey Loam,30.01,75.6,2214.1,9.2,0.629,15.1,2,0.323,0,177.7
KAG-NER-04329,Assam,26.3061,92.2736,Rocky Phyllite,2.99,55.54,2754.5,44.5,0.182,19.2,0,0.228,0,198.4
KAG-NER-04330,Mizoram,23.1027,92.3776,Weathered Gneiss,12.82,44.2,1091.7,43.9,0.205,14.8,0,0.349,0,153.8
KAG-NER-04331,Arunachal Pradesh,28.1365,92.6236,Alluvial Sandy Silt,3.5,31.9,2546.6,34.5,0.195,4.8,1,0.306,0,156.0
KAG-NER-04332,Assam,26.6525,93.595,Sedimentary Shale,74.58,167.37,317.7,26.7,0.413,7.2,3,0.434,1,129.2
KAG-NER-04333,Meghalaya,25.5241,92.4785,Sedimentary Shale,33.98,114.15,1199.2,16.0,0.356,14.8,2,0.274,0,139.5
KAG-NER-04334,Nagaland,26.0213,93.8274,Sedimentary Shale,88.31,258.01,1345.8,36.3,0.438,20.2,3,0.682,1,245.5
KAG-NER-04335,Arunachal Pradesh,28.3336,95.377,Alluvial Sandy Silt,44.3,150.02,1279.2,41.1,0.452,19.8,3,0.501,1,207.8
KAG-NER-04336,Assam,26.0297,90.6168,Sedimentary Shale,134.58,395.86,1780.3,32.6,0.689,9.2,8,0.925,2,261.5
KAG-NER-04337,Nagaland,25.526,93.8298,Clayey Loam,27.1,63.7,543.0,31.2,0.659,18.6,3,0.426,1,166.3
KAG-NER-04338,Tripura,24.3667,91.7702,Weathered Gneiss,38.69,107.3,2436.7,13.7,0.282,12.2,2,0.301,0,161.1
KAG-NER-04339,Arunachal Pradesh,27.4972,95.4992,Clayey Loam,32.63,134.11,1580.8,20.3,0.243,11.3,1,0.393,1,171.1
KAG-NER-04340,Assam,26.4344,91.9186,Clayey Loam,25.16,100.41,2539.4,34.9,0.258,9.0,1,0.387,1,182.2
KAG-NER-04341,Meghalaya,25.9471,92.4087,Clayey Loam,71.08,226.96,87.2,6.7,0.301,15.6,2,0.368,0,133.3
KAG-NER-04342,Assam,26.9811,92.8053,Weathered Gneiss,39.3,141.01,1793.6,31.7,0.279,14.0,0,0.435,1,183.3
KAG-NER-04343,Mizoram,23.9842,92.4973,Clayey Loam,61.41,187.94,1201.9,36.7,0.634,9.5,4,0.586,1,187.1
KAG-NER-04344,Mizoram,23.6598,93.3822,Alluvial Sandy Silt,58.65,148.01,1453.9,19.4,0.454,17.3,3,0.452,1,198.5
KAG-NER-04345,Nagaland,25.8073,94.5915,Sedimentary Shale,8.06,26.14,2103.1,9.0,0.477,9.6,10,0.225,0,137.0
KAG-NER-04346,Arunachal Pradesh,27.6848,91.6791,Weathered Gneiss,39.91,103.66,697.9,38.8,0.126,13.7,0,0.451,1,171.5
KAG-NER-04347,Manipur,25.0682,93.2697,Rocky Phyllite,8.46,30.1,637.3,11.7,0.35,9.8,2,0.173,0,93.7
KAG-NER-04348,Meghalaya,25.6683,90.4227,Clayey Loam,33.27,93.24,1992.2,20.8,0.386,4.3,1,0.359,0,152.0
KAG-NER-04349,Mizoram,24.2203,92.6209,Sedimentary Shale,43.0,144.03,1498.1,34.3,0.207,5.2,2,0.373,0,155.0
KAG-NER-04350,Nagaland,25.7171,93.5937,Sedimentary Shale,223.85,632.36,715.5,38.7,0.187,15.1,3,1.186,2,308.2
KAG-NER-04351,Manipur,25.3244,94.139,Sedimentary Shale,1.18,28.1,1396.5,40.5,0.346,18.2,4,0.272,0,163.0
KAG-NER-04352,Nagaland,26.4383,94.1491,Weathered Gneiss,3.64,38.04,1330.0,27.2,0.714,11.4,3,0.356,0,142.3
KAG-NER-04353,Arunachal Pradesh,27.6596,91.9951,Rocky Phyllite,3.05,14.48,1960.7,25.0,0.608,8.5,7,0.333,0,147.7
KAG-NER-04354,Sikkim,27.4919,88.2975,Weathered Gneiss,19.31,61.04,87.2,39.9,0.515,8.7,3,0.519,1,145.4
KAG-NER-04355,Meghalaya,25.9794,92.2711,Weathered Gneiss,65.5,156.53,1676.0,28.5,0.212,14.0,0,0.484,1,196.7
KAG-NER-04356,Nagaland,25.9782,93.627,Sedimentary Shale,70.61,300.93,1727.4,29.1,0.309,11.4,4,0.632,1,209.4
KAG-NER-04357,Assam,26.8995,91.0492,Clayey Loam,50.75,155.41,2107.8,23.4,0.841,2.0,5,0.445,1,156.2
KAG-NER-04358,Nagaland,25.6651,93.7173,Rocky Phyllite,86.33,191.32,2498.7,20.9,0.768,17.4,4,0.525,1,226.4
KAG-NER-04359,Meghalaya,25.6012,92.2463,Weathered Gneiss,14.82,63.99,1277.3,25.2,0.232,4.8,2,0.218,0,107.0
KAG-NER-04360,Assam,26.24,90.881,Alluvial Sandy Silt,3.51,38.96,1011.7,20.6,0.314,15.5,2,0.152,0,122.2
KAG-NER-04361,Assam,26.4504,93.8665,Rocky Phyllite,2.28,14.5,358.3,19.7,0.373,8.9,0,0.209,0,94.6
KAG-NER-04362,Nagaland,25.7103,93.7299,Weathered Gneiss,72.63,234.11,996.2,45.7,0.21,13.6,2,0.677,1,207.7
KAG-NER-04363,Manipur,25.3261,94.5266,Weathered Gneiss,49.82,157.31,266.3,19.4,0.412,19.1,2,0.409,1,163.6
KAG-NER-04364,Meghalaya,25.9914,92.2999,Weathered Gneiss,45.58,168.3,2263.7,16.3,0.322,5.1,2,0.346,0,142.9
KAG-NER-04365,Assam,26.0635,91.4539,Sedimentary Shale,15.77,47.1,2275.1,20.2,0.76,17.6,7,0.335,0,195.9
KAG-NER-04366,Nagaland,25.8763,93.8772,Weathered Gneiss,18.16,35.4,1214.9,29.6,0.738,2.8,2,0.335,0,101.4
KAG-NER-04367,Assam,27.1391,94.0508,Alluvial Sandy Silt,120.57,231.31,786.2,42.4,0.126,20.4,0,0.662,1,223.0
KAG-NER-04368,Meghalaya,25.7516,90.6835,Rocky Phyllite,2.51,19.63,401.0,37.5,0.26,6.0,1,0.252,0,100.0
KAG-NER-04369,Assam,27.0733,94.2254,Alluvial Sandy Silt,56.47,106.1,2395.4,39.7,0.616,17.9,0,0.545,1,234.1
KAG-NER-04370,Assam,26.0291,94.4203,Sedimentary Shale,14.08,68.44,2466.8,40.4,0.411,3.3,2,0.299,0,144.9
KAG-NER-04371,Assam,26.1811,90.8639,Weathered Gneiss,1.51,55.17,804.3,42.8,0.445,8.5,3,0.265,0,117.4
KAG-NER-04372,Arunachal Pradesh,27.9509,94.4421,Weathered Gneiss,51.57,130.8,1771.2,15.4,0.398,14.7,4,0.336,0,175.1
KAG-NER-04373,Assam,25.9329,91.9348,Sedimentary Shale,15.27,50.38,783.5,24.3,0.207,15.2,3,0.256,0,135.8
KAG-NER-04374,Arunachal Pradesh,28.4885,94.5529,Weathered Gneiss,48.67,144.13,692.3,21.4,0.429,16.0,2,0.359,0,147.7
KAG-NER-04375,Meghalaya,25.7571,90.7536,Weathered Gneiss,46.73,164.39,137.7,21.3,0.461,9.0,1,0.498,1,142.8
KAG-NER-04376,Meghalaya,25.1709,90.9199,Sedimentary Shale,29.08,93.34,1649.9,32.1,0.108,15.3,0,0.351,0,160.1
KAG-NER-04377,Arunachal Pradesh,27.2982,92.5554,Weathered Gneiss,57.09,161.3,487.8,22.1,0.207,10.6,2,0.427,1,140.6
KAG-NER-04378,Mizoram,23.0891,92.9322,Sedimentary Shale,33.06,94.44,113.6,30.7,0.265,13.3,1,0.385,1,131.2
KAG-NER-04379,Assam,26.2593,94.1916,Alluvial Sandy Silt,12.84,26.49,365.2,21.3,0.384,12.9,1,0.249,0,99.1
KAG-NER-04380,Meghalaya,25.2656,91.408,Alluvial Sandy Silt,50.34,189.93,933.5,18.4,0.632,5.4,2,0.492,1,148.7
KAG-NER-04381,Assam,25.8191,92.6676,Alluvial Sandy Silt,33.8,97.39,1900.1,20.1,0.645,18.9,5,0.428,1,205.8
KAG-NER-04382,Assam,25.8782,94.8998,Sedimentary Shale,0.49,28.83,631.1,38.2,0.483,19.3,5,0.349,0,172.0
KAG-NER-04383,Meghalaya,25.8115,91.4743,Sedimentary Shale,88.13,284.64,2494.2,30.0,0.888,6.1,4,0.749,2,221.2
KAG-NER-04384,Meghalaya,25.1779,91.7404,Sedimentary Shale,29.98,142.19,864.7,45.0,0.104,10.3,0,0.494,1,170.7
KAG-NER-04385,Mizoram,23.9381,92.5098,Sedimentary Shale,77.13,249.52,980.9,39.3,0.556,11.3,1,0.669,1,182.8
KAG-NER-04386,Meghalaya,25.6114,92.3169,Sedimentary Shale,81.45,263.22,672.9,25.4,0.287,13.0,2,0.544,1,175.8
KAG-NER-04387,Sikkim,27.6378,88.7424,Sedimentary Shale,22.37,72.26,770.4,15.7,0.386,2.4,1,0.2,0,91.6
KAG-NER-04388,Assam,27.0311,94.7196,Alluvial Sandy Silt,26.93,116.56,281.6,33.0,0.696,17.2,2,0.421,1,159.8
KAG-NER-04389,Assam,26.3677,93.0595,Alluvial Sandy Silt,20.42,85.86,881.8,35.1,0.213,19.2,2,0.375,0,166.0
KAG-NER-04390,Assam,26.9069,93.6371,Sedimentary Shale,22.68,134.61,2418.2,24.6,0.84,4.8,6,0.439,1,165.3
KAG-NER-04391,Assam,27.1937,90.5615,Sedimentary Shale,85.7,273.26,1952.5,15.2,0.414,19.9,3,0.573,1,242.4
KAG-NER-04392,Meghalaya,25.4196,90.9307,Sedimentary Shale,58.97,180.9,2460.7,28.3,0.028,19.0,0,0.417,1,211.6
KAG-NER-04393,Nagaland,25.7672,93.7338,Weathered Gneiss,5.14,23.07,365.2,16.2,0.289,12.8,1,0.119,0,92.0
KAG-NER-04394,Assam,26.7928,90.8814,Sedimentary Shale,35.81,106.48,1319.3,43.6,0.629,7.5,3,0.492,1,164.5
KAG-NER-04395,Sikkim,27.6191,88.6547,Sedimentary Shale,208.94,469.14,703.6,31.2,0.944,6.1,4,1.134,2,269.5
KAG-NER-04396,Mizoram,23.1762,92.5781,Alluvial Sandy Silt,34.4,75.61,2041.7,17.7,0.113,11.8,1,0.228,0,150.9
KAG-NER-04397,Arunachal Pradesh,27.9062,94.9298,Clayey Loam,58.56,130.57,2719.0,14.6,0.689,12.1,6,0.405,1,208.4
KAG-NER-04398,Assam,27.0271,94.3346,Weathered Gneiss,55.69,141.06,2297.8,34.7,0.472,15.0,1,0.518,1,215.8
KAG-NER-04399,Assam,27.1508,93.1162,Sedimentary Shale,16.39,44.98,176.0,34.3,0.452,18.0,1,0.365,0,152.7
KAG-NER-04400,Assam,27.0721,94.1383,Alluvial Sandy Silt,17.67,73.14,941.3,29.9,0.784,20.7,2,0.401,1,173.9
KAG-NER-04401,Assam,27.0525,90.5523,Weathered Gneiss,48.93,152.63,157.7,30.6,0.413,17.9,3,0.379,0,159.6
KAG-NER-04402,Meghalaya,25.9693,91.4312,Rocky Phyllite,26.34,66.11,189.3,30.2,0.351,20.2,3,0.275,0,152.0
KAG-NER-04403,Assam,26.9175,91.0724,Weathered Gneiss,32.12,141.01,296.3,20.4,0.07,12.0,0,0.318,0,127.5
KAG-NER-04404,Arunachal Pradesh,27.5335,92.7216,Clayey Loam,47.42,232.41,831.6,43.5,0.622,2.8,3,0.588,1,141.0
KAG-NER-04405,Sikkim,27.3042,88.1986,Sedimentary Shale,57.12,192.9,907.4,25.2,0.253,3.0,1,0.417,1,118.9
KAG-NER-04406,Nagaland,26.5281,93.4139,Alluvial Sandy Silt,12.04,55.8,1169.2,6.8,0.519,7.4,4,0.209,0,104.3
KAG-NER-04407,Sikkim,27.3188,88.2395,Sedimentary Shale,6.03,27.88,1181.4,19.9,0.573,14.3,7,0.217,0,123.7
KAG-NER-04408,Assam,26.6247,91.6441,Weathered Gneiss,13.11,172.74,2178.2,11.2,0.704,8.7,2,0.266,0,158.9
KAG-NER-04409,Arunachal Pradesh,27.3144,93.6975,Rocky Phyllite,26.92,73.17,464.6,20.5,0.909,5.3,5,0.363,0,113.6
KAG-NER-04410,Meghalaya,25.6874,90.5154,Alluvial Sandy Silt,15.91,48.29,509.1,30.3,0.11,19.0,0,0.229,0,142.6
KAG-NER-04411,Assam,26.0457,91.6123,Rocky Phyllite,31.93,96.27,1784.3,6.9,0.382,21.7,1,0.232,0,181.0
KAG-NER-04412,Assam,27.1632,92.2872,Weathered Gneiss,2.09,14.21,1635.1,40.8,0.415,2.3,5,0.33,0,120.0
KAG-NER-04413,Nagaland,26.2386,93.7623,Alluvial Sandy Silt,27.09,85.34,498.9,30.4,0.357,3.8,0,0.351,0,93.7
KAG-NER-04414,Nagaland,26.0866,93.5112,Weathered Gneiss,17.44,76.24,2398.2,17.8,0.237,12.0,0,0.232,0,158.4
KAG-NER-04415,Arunachal Pradesh,26.9556,93.6093,Weathered Gneiss,29.07,107.37,975.0,18.4,0.224,8.8,0,0.328,0,143.3
KAG-NER-04416,Meghalaya,25.4588,90.5559,Alluvial Sandy Silt,20.87,65.45,1078.2,24.6,0.331,17.6,2,0.222,0,138.4
KAG-NER-04417,Arunachal Pradesh,28.0002,95.9681,Sedimentary Shale,12.71,40.63,1223.7,15.9,0.608,15.1,1,0.322,0,150.0
KAG-NER-04418,Assam,26.3539,93.3105,Sedimentary Shale,89.09,277.88,957.7,6.2,0.363,3.4,3,0.576,1,161.3
KAG-NER-04419,Arunachal Pradesh,28.4408,95.2419,Sedimentary Shale,7.76,25.76,1596.3,7.1,0.206,12.9,1,0.108,0,121.5
KAG-NER-04420,Assam,26.449,93.8187,Weathered Gneiss,43.46,105.7,1137.1,20.3,0.449,8.7,2,0.353,0,144.6
KAG-NER-04421,Assam,25.9794,92.8045,Weathered Gneiss,98.25,347.8,785.7,11.0,0.441,21.3,2,0.674,1,233.0
KAG-NER-04422,Sikkim,27.2953,88.2289,Alluvial Sandy Silt,29.4,143.25,2540.2,6.9,0.45,11.5,3,0.285,0,162.3
KAG-NER-04423,Nagaland,25.9968,93.5965,Sedimentary Shale,79.45,241.8,918.7,40.4,0.831,20.6,0,0.74,2,225.8
KAG-NER-04424,Manipur,24.9786,93.73,Alluvial Sandy Silt,5.07,32.64,1979.9,17.0,0.326,2.6,4,0.196,0,102.6
KAG-NER-04425,Arunachal Pradesh,27.7498,92.1587,Sedimentary Shale,25.87,88.61,1024.5,26.1,0.328,4.1,1,0.34,0,109.2
KAG-NER-04426,Arunachal Pradesh,27.1236,94.1254,Weathered Gneiss,23.21,96.44,1263.8,13.2,0.682,9.7,10,0.281,0,110.6
KAG-NER-04427,Assam,27.179,90.9331,Alluvial Sandy Silt,0.31,1.79,721.8,7.9,0.702,19.7,6,0.199,0,152.0
KAG-NER-04428,Assam,26.2,94.4126,Alluvial Sandy Silt,22.25,83.06,2126.3,35.8,0.772,12.9,4,0.409,1,184.9
KAG-NER-04429,Assam,25.9012,94.4415,Sedimentary Shale,17.5,56.23,2085.2,11.0,0.738,18.5,3,0.26,0,159.5
KAG-NER-04430,Manipur,24.734,93.6532,Alluvial Sandy Silt,42.11,90.63,140.5,7.0,0.198,7.7,2,0.275,0,98.0
KAG-NER-04431,Nagaland,25.8336,93.8457,Alluvial Sandy Silt,105.87,298.25,243.7,29.5,0.403,4.2,1,0.668,1,174.4
KAG-NER-04432,Meghalaya,25.3752,92.5005,Rocky Phyllite,3.41,91.07,2588.9,6.5,0.151,6.9,2,0.11,0,124.5
KAG-NER-04433,Meghalaya,25.7514,91.9413,Alluvial Sandy Silt,15.08,36.28,2497.6,23.5,0.368,14.9,2,0.26,0,177.7
KAG-NER-04434,Tripura,24.1585,91.4085,Alluvial Sandy Silt,22.31,119.29,1456.6,17.6,0.262,19.4,3,0.331,0,167.1
KAG-NER-04435,Assam,26.6653,92.5703,Clayey Loam,23.08,56.99,1421.9,18.8,0.428,11.1,2,0.37,0,149.2
KAG-NER-04436,Arunachal Pradesh,28.1519,92.8917,Sedimentary Shale,56.65,169.61,2289.8,6.2,0.197,5.9,0,0.369,0,146.7
KAG-NER-04437,Arunachal Pradesh,27.9291,95.47,Alluvial Sandy Silt,22.26,80.1,456.6,44.6,0.229,14.8,2,0.423,1,155.7
KAG-NER-04438,Manipur,24.563,93.1066,Weathered Gneiss,1.05,5.51,1858.1,26.7,0.687,5.9,3,0.276,0,132.9
KAG-NER-04439,Sikkim,27.4612,88.3768,Clayey Loam,47.05,107.41,1374.7,28.9,0.189,13.4,1,0.471,1,183.5
KAG-NER-04440,Assam,26.7411,94.7796,Weathered Gneiss,82.13,209.11,2101.9,32.6,0.194,4.0,3,0.551,1,170.2
KAG-NER-04441,Mizoram,23.5284,92.8128,Alluvial Sandy Silt,27.41,71.27,161.9,37.9,0.333,18.2,1,0.37,0,149.9
KAG-NER-04442,Mizoram,23.7819,92.4138,Sedimentary Shale,33.07,73.9,1692.2,30.3,0.731,18.1,6,0.443,1,206.9
KAG-NER-04443,Assam,26.1549,94.6354,Alluvial Sandy Silt,6.76,25.61,1594.3,36.5,0.418,12.8,1,0.311,0,156.4
KAG-NER-04444,Arunachal Pradesh,27.9719,91.5605,Sedimentary Shale,9.47,43.16,2367.1,23.9,0.17,2.8,1,0.154,0,106.5
KAG-NER-04445,Arunachal Pradesh,27.2274,94.5728,Alluvial Sandy Silt,10.19,53.5,1921.0,20.9,0.56,7.6,4,0.25,0,122.2
KAG-NER-04446,Sikkim,27.6351,88.7719,Sedimentary Shale,21.41,74.84,2474.0,38.9,0.638,4.8,3,0.441,1,168.6
KAG-NER-04447,Assam,26.209,94.6896,Sedimentary Shale,100.06,307.26,2493.4,40.6,0.659,12.5,2,0.756,2,246.3
KAG-NER-04448,Manipur,24.7741,94.1145,Sedimentary Shale,28.03,118.4,1190.2,11.5,0.361,4.0,3,0.306,0,104.2
KAG-NER-04449,Arunachal Pradesh,27.8548,92.0523,Weathered Gneiss,8.11,16.81,453.8,27.7,0.399,19.4,7,0.251,0,127.6
KAG-NER-04450,Manipur,25.3484,93.1966,Weathered Gneiss,11.76,27.1,1794.4,33.3,0.554,19.0,6,0.362,0,202.5
KAG-NER-04451,Arunachal Pradesh,27.3078,95.1613,Sedimentary Shale,18.41,68.83,2456.6,9.3,0.464,5.1,1,0.227,0,141.7
KAG-NER-04452,Meghalaya,25.6567,92.3792,Sedimentary Shale,37.1,108.05,283.9,43.2,0.018,15.9,0,0.403,1,143.9
KAG-NER-04453,Mizoram,23.5736,92.7147,Clayey Loam,22.04,52.46,1597.6,26.8,0.785,15.9,1,0.308,0,156.7
KAG-NER-04454,Mizoram,24.1828,92.3399,Weathered Gneiss,18.94,52.94,392.8,31.8,0.483,9.9,4,0.273,0,105.8
KAG-NER-04455,Mizoram,24.0842,92.5539,Alluvial Sandy Silt,31.61,109.93,153.4,13.1,0.196,5.1,1,0.225,0,86.1
KAG-NER-04456,Assam,26.9882,91.1264,Sedimentary Shale,10.52,39.69,1928.6,16.6,0.659,4.6,6,0.28,0,129.2
KAG-NER-04457,Nagaland,26.2123,94.7322,Clayey Loam,3.12,12.78,1934.6,10.8,0.561,16.8,2,0.152,0,154.9
KAG-NER-04458,Assam,26.463,93.8596,Alluvial Sandy Silt,0.94,49.77,1713.8,16.6,0.397,6.4,4,0.229,0,129.8
KAG-NER-04459,Arunachal Pradesh,28.1875,94.8142,Clayey Loam,11.0,45.03,2417.1,25.7,0.558,14.1,5,0.313,0,179.3
KAG-NER-04460,Meghalaya,25.9328,91.3618,Weathered Gneiss,3.65,20.41,300.0,39.3,0.537,19.3,5,0.309,0,149.2
KAG-NER-04461,Arunachal Pradesh,27.177,91.7151,Clayey Loam,15.58,71.12,366.3,27.3,0.527,13.9,2,0.338,0,145.1
KAG-NER-04462,Meghalaya,25.3218,90.5723,Weathered Gneiss,56.34,160.71,2431.5,15.8,0.428,21.5,1,0.393,1,226.1
KAG-NER-04463,Sikkim,27.4906,88.248,Alluvial Sandy Silt,47.87,126.26,1448.9,7.8,0.549,14.9,3,0.363,0,175.1
KAG-NER-04464,Assam,25.8545,90.662,Alluvial Sandy Silt,35.87,99.04,822.7,30.9,0.563,8.3,7,0.401,1,139.9
KAG-NER-04465,Nagaland,26.5642,94.2872,Rocky Phyllite,72.73,176.9,2087.8,22.8,0.236,19.0,4,0.473,1,224.7
KAG-NER-04466,Arunachal Pradesh,27.4729,95.524,Sedimentary Shale,12.59,45.87,2512.8,45.4,0.751,8.2,7,0.494,1,188.3
KAG-NER-04467,Assam,25.8983,94.9114,Sedimentary Shale,82.21,228.32,1955.7,37.2,0.195,21.4,0,0.53,1,228.4
KAG-NER-04468,Assam,26.6628,91.3256,Weathered Gneiss,19.36,59.47,2234.1,38.3,0.426,11.6,1,0.337,0,164.0
KAG-NER-04469,Sikkim,27.5753,88.7107,Rocky Phyllite,19.47,79.74,848.4,6.5,0.31,21.1,1,0.171,0,157.1
KAG-NER-04470,Mizoram,23.444,93.2478,Sedimentary Shale,19.75,60.81,865.5,37.1,0.24,5.7,0,0.335,0,106.8
KAG-NER-04471,Tripura,23.3809,91.4346,Sedimentary Shale,3.92,9.94,2430.4,13.8,0.316,2.2,1,0.182,0,115.6
KAG-NER-04472,Sikkim,27.1654,88.2687,Sedimentary Shale,140.93,485.79,1752.4,29.4,0.239,5.9,3,0.801,2,239.9
KAG-NER-04473,Assam,26.1342,94.6293,Weathered Gneiss,5.67,17.88,716.9,23.9,0.119,4.0,0,0.162,0,76.0
KAG-NER-04474,Arunachal Pradesh,27.025,93.4234,Sedimentary Shale,15.84,42.22,1505.7,28.9,0.776,16.7,3,0.368,0,172.5
KAG-NER-04475,Nagaland,26.1454,94.748,Clayey Loam,14.62,62.47,1945.5,11.3,0.534,7.3,3,0.277,0,138.2
KAG-NER-04476,Meghalaya,25.9979,92.1588,Sedimentary Shale,2.95,44.95,674.5,24.3,0.195,14.8,1,0.164,0,107.2
KAG-NER-04477,Arunachal Pradesh,28.4533,95.042,Weathered Gneiss,6.28,58.69,1861.3,7.5,0.507,15.4,2,0.224,0,143.7
KAG-NER-04478,Arunachal Pradesh,28.4411,94.6827,Sedimentary Shale,1.74,33.81,194.6,7.6,0.38,15.8,2,0.154,0,113.1
KAG-NER-04479,Nagaland,25.5117,94.0029,Clayey Loam,13.14,40.53,906.0,32.3,0.366,18.7,1,0.365,0,178.7
KAG-NER-04480,Meghalaya,25.6819,91.1119,Alluvial Sandy Silt,76.56,214.72,1913.2,44.1,0.383,5.0,4,0.717,1,205.6
KAG-NER-04481,Assam,26.1827,93.0983,Alluvial Sandy Silt,15.76,57.67,486.2,37.1,0.466,3.0,2,0.388,1,103.4
KAG-NER-04482,Meghalaya,25.9402,90.291,Alluvial Sandy Silt,5.02,16.2,684.4,24.8,0.027,2.6,0,0.142,0,65.1
KAG-NER-04483,Meghalaya,25.7923,92.0791,Rocky Phyllite,39.43,104.61,2471.1,8.2,0.691,4.1,5,0.366,0,149.8
KAG-NER-04484,Meghalaya,25.9676,92.6198,Weathered Gneiss,216.0,538.77,1914.2,7.8,0.448,9.6,4,1.041,2,279.8
KAG-NER-04485,Assam,26.8671,92.8418,Clayey Loam,10.05,33.1,1437.1,12.3,0.208,21.3,2,0.171,0,140.8
KAG-NER-04486,Manipur,24.286,93.8724,Sedimentary Shale,12.46,42.51,653.6,45.0,0.621,9.1,3,0.426,1,128.2
KAG-NER-04487,Assam,26.8715,94.5305,Weathered Gneiss,135.66,325.7,1008.6,21.9,0.691,11.1,4,0.818,2,219.9
KAG-NER-04488,Arunachal Pradesh,28.1635,92.3787,Sedimentary Shale,7.48,66.99,1642.2,39.7,0.238,18.3,2,0.354,0,172.8
KAG-NER-04489,Manipur,24.8396,93.5315,Sedimentary Shale,27.2,80.6,502.5,34.2,0.571,20.4,1,0.494,1,192.0
KAG-NER-04490,Meghalaya,25.1083,90.7206,Weathered Gneiss,10.41,47.23,1390.3,30.2,0.102,21.4,0,0.157,0,143.2
KAG-NER-04491,Arunachal Pradesh,27.0812,95.2922,Rocky Phyllite,102.35,323.12,1192.4,43.9,0.784,18.5,5,0.898,2,269.3
KAG-NER-04492,Nagaland,25.7619,93.827,Weathered Gneiss,151.66,303.42,1376.6,15.2,0.414,12.1,2,0.735,2,215.3
KAG-NER-04493,Meghalaya,25.9639,91.1856,Alluvial Sandy Silt,64.06,137.87,367.1,24.2,0.858,6.6,2,0.509,1,130.6
KAG-NER-04494,Manipur,24.0134,93.4542,Clayey Loam,14.36,37.72,369.7,40.6,0.321,14.0,1,0.273,0,112.3
KAG-NER-04495,Manipur,24.167,93.1645,Weathered Gneiss,19.63,46.09,2702.4,28.1,0.215,5.9,0,0.274,0,144.3
KAG-NER-04496,Nagaland,25.5085,94.2899,Sedimentary Shale,10.54,43.86,2743.9,15.9,0.285,3.1,1,0.194,0,128.7
KAG-NER-04497,Meghalaya,25.2704,91.1392,Alluvial Sandy Silt,84.14,188.88,1239.2,14.4,0.416,20.4,2,0.443,1,208.9
KAG-NER-04498,Assam,27.0068,92.4095,Sedimentary Shale,93.48,322.32,2226.1,36.1,0.201,11.7,0,0.668,1,230.4
KAG-NER-04499,Arunachal Pradesh,28.3651,93.7407,Alluvial Sandy Silt,20.63,74.07,1863.8,6.5,0.747,12.2,6,0.325,0,167.0
KAG-NER-04500,Arunachal Pradesh,27.5381,94.8768,Sedimentary Shale,40.61,122.17,398.0,42.6,0.422,14.2,2,0.541,1,168.4
KAG-NER-04501,Nagaland,25.5024,93.5342,Sedimentary Shale,6.88,50.87,887.0,6.7,0.295,11.0,0,0.15,0,104.3
KAG-NER-04502,Meghalaya,25.6868,91.466,Alluvial Sandy Silt,21.69,73.49,933.1,31.2,0.721,10.9,3,0.408,1,142.4
KAG-NER-04503,Arunachal Pradesh,28.1647,95.6232,Rocky Phyllite,37.94,123.25,1700.5,30.2,0.08,20.3,0,0.368,0,196.0
KAG-NER-04504,Assam,26.3437,93.1838,Sedimentary Shale,18.5,89.03,1657.5,29.1,0.573,18.3,0,0.414,1,186.5
KAG-NER-04505,Meghalaya,25.5506,92.7522,Alluvial Sandy Silt,16.82,70.61,2591.9,25.0,0.078,6.3,0,0.238,0,130.7
KAG-NER-04506,Arunachal Pradesh,28.2297,95.6028,Weathered Gneiss,0.04,9.93,2228.9,40.1,0.318,7.8,3,0.285,0,143.0
KAG-NER-04507,Manipur,24.3561,94.236,Clayey Loam,61.98,135.32,2410.6,32.4,0.726,15.2,7,0.532,1,233.9
KAG-NER-04508,Assam,26.1717,91.4393,Weathered Gneiss,83.65,299.64,2504.1,37.3,0.39,13.4,2,0.667,1,249.0
KAG-NER-04509,Nagaland,26.722,93.429,Rocky Phyllite,132.58,524.64,2259.5,10.6,0.298,17.3,2,0.771,2,264.8
KAG-NER-04510,Sikkim,27.7758,88.2194,Sedimentary Shale,48.27,153.92,985.4,8.0,0.6,16.6,2,0.341,0,149.7
KAG-NER-04511,Assam,26.9472,91.7417,Rocky Phyllite,30.24,106.84,664.8,7.1,0.293,16.2,0,0.193,0,115.0
KAG-NER-04512,Meghalaya,25.4156,90.7636,Clayey Loam,11.92,34.23,1635.2,11.9,0.49,19.6,1,0.175,0,157.0
KAG-NER-04513,Assam,26.6197,92.0664,Clayey Loam,276.02,678.54,1955.6,32.7,0.198,17.3,4,1.25,2,356.7
KAG-NER-04514,Nagaland,26.3204,93.4235,Clayey Loam,33.86,141.62,1131.5,25.8,0.283,6.9,0,0.378,0,138.5
KAG-NER-04515,Meghalaya,25.1579,90.4591,Clayey Loam,43.44,130.94,2387.5,36.1,0.37,19.5,0,0.467,1,219.2
KAG-NER-04516,Arunachal Pradesh,27.5704,95.1666,Clayey Loam,43.59,124.36,2692.7,13.7,0.582,8.7,4,0.358,0,173.4
KAG-NER-04517,Meghalaya,25.8994,90.8365,Clayey Loam,70.91,198.32,1628.8,20.7,0.531,20.2,2,0.483,1,214.6
KAG-NER-04518,Tripura,23.8892,92.022,Weathered Gneiss,0.37,8.65,1321.9,41.5,0.578,18.5,6,0.416,1,196.9
KAG-NER-04519,Assam,26.2044,92.3405,Rocky Phyllite,9.45,71.79,2372.7,43.4,0.539,3.5,5,0.381,1,161.7
KAG-NER-04520,Assam,26.5336,91.1069,Weathered Gneiss,41.62,157.6,146.0,42.9,0.426,17.4,3,0.485,1,177.4
KAG-NER-04521,Mizoram,22.839,92.4681,Alluvial Sandy Silt,85.7,283.87,430.9,38.7,0.806,12.0,5,0.695,1,206.8
KAG-NER-04522,Meghalaya,25.6642,90.3914,Alluvial Sandy Silt,43.94,127.71,2380.2,33.5,0.416,21.5,2,0.465,1,230.2
KAG-NER-04523,Tripura,23.4276,91.5054,Clayey Loam,20.28,105.47,2071.1,42.5,0.36,11.2,2,0.48,1,183.4
KAG-NER-04524,Nagaland,25.509,93.6875,Alluvial Sandy Silt,17.05,84.83,1211.9,34.6,0.52,3.3,1,0.37,0,120.7
KAG-NER-04525,Mizoram,24.1669,92.3212,Sedimentary Shale,50.89,173.93,2497.7,44.2,0.454,7.9,3,0.541,1,196.9
KAG-NER-04526,Arunachal Pradesh,27.9455,93.2298,Alluvial Sandy Silt,51.37,162.46,1036.0,7.0,0.445,10.6,1,0.371,0,141.9
KAG-NER-04527,Manipur,24.9417,93.9419,Sedimentary Shale,35.5,162.29,1804.1,42.9,0.274,13.8,3,0.48,1,192.7
KAG-NER-04528,Tripura,23.4682,92.1167,Weathered Gneiss,13.09,42.19,1805.4,28.2,0.154,5.0,2,0.133,0,93.7
KAG-NER-04529,Meghalaya,25.5427,92.3386,Clayey Loam,98.51,261.78,581.4,10.5,0.398,12.3,3,0.575,1,174.6
KAG-NER-04530,Assam,26.3684,94.9311,Clayey Loam,30.5,138.96,854.8,14.6,0.602,11.7,6,0.439,1,155.2
KAG-NER-04531,Arunachal Pradesh,28.1328,95.8468,Clayey Loam,59.39,174.95,2571.5,40.1,0.364,18.7,2,0.539,1,244.8
KAG-NER-04532,Assam,26.5201,92.6316,Alluvial Sandy Silt,9.17,38.49,578.9,26.2,0.256,8.0,1,0.227,0,89.9
KAG-NER-04533,Assam,26.8576,94.4613,Sedimentary Shale,16.02,48.75,552.1,45.3,0.461,11.0,3,0.423,1,154.8
KAG-NER-04534,Arunachal Pradesh,28.4426,92.9605,Weathered Gneiss,78.89,248.1,1384.6,10.7,0.619,9.8,7,0.566,1,193.8
KAG-NER-04535,Meghalaya,25.8188,90.7477,Weathered Gneiss,1.95,16.06,330.8,22.5,0.369,14.6,3,0.209,0,112.4
KAG-NER-04536,Nagaland,26.1638,93.6698,Weathered Gneiss,27.29,95.3,2513.4,19.3,0.874,18.7,5,0.434,1,198.1
KAG-NER-04537,Arunachal Pradesh,27.4558,95.6911,Weathered Gneiss,24.97,93.82,352.4,26.6,0.351,15.5,2,0.362,0,126.9
KAG-NER-04538,Nagaland,25.6045,94.3486,Clayey Loam,52.87,156.73,1757.0,31.3,0.722,11.3,4,0.489,1,185.2
KAG-NER-04539,Assam,26.6301,91.0433,Weathered Gneiss,12.58,52.79,1004.2,32.5,0.356,14.8,3,0.255,0,141.0
KAG-NER-04540,Assam,26.2564,93.0334,Alluvial Sandy Silt,9.4,43.42,2267.6,6.1,0.481,8.4,4,0.128,0,130.7
KAG-NER-04541,Assam,26.0621,94.1028,Weathered Gneiss,99.01,244.53,1684.3,9.6,0.588,4.9,2,0.51,1,160.4
KAG-NER-04542,Meghalaya,25.9749,90.7584,Alluvial Sandy Silt,32.22,111.86,1136.2,7.4,0.596,8.4,5,0.344,0,128.4
KAG-NER-04543,Assam,26.0617,92.5472,Sedimentary Shale,4.2,57.88,2756.1,40.6,0.524,10.9,1,0.391,1,176.4
KAG-NER-04544,Arunachal Pradesh,28.0964,92.7672,Rocky Phyllite,8.15,33.34,260.1,18.5,0.31,10.8,1,0.215,0,102.3
KAG-NER-04545,Arunachal Pradesh,26.9318,93.9355,Weathered Gneiss,256.4,589.31,1651.6,20.7,0.403,16.8,0,1.25,2,346.2
KAG-NER-04546,Mizoram,24.2349,92.7304,Alluvial Sandy Silt,8.27,34.95,2771.6,24.0,0.321,20.7,4,0.216,0,184.8
KAG-NER-04547,Assam,26.3882,94.8601,Alluvial Sandy Silt,35.83,92.86,1959.4,40.0,0.842,9.8,8,0.491,1,183.7
KAG-NER-04548,Nagaland,26.3725,94.4788,Clayey Loam,20.71,76.63,2092.2,6.6,0.224,3.7,0,0.186,0,105.9
KAG-NER-04549,Nagaland,26.1878,94.8619,Sedimentary Shale,82.39,274.96,167.3,10.7,0.315,2.7,0,0.551,1,137.7
KAG-NER-04550,Manipur,24.9644,94.4321,Rocky Phyllite,53.47,135.43,138.1,33.4,0.397,2.1,1,0.444,1,103.5
KAG-NER-04551,Tripura,24.0393,91.9821,Clayey Loam,34.53,68.39,178.2,44.6,0.858,20.8,4,0.601,1,204.9
KAG-NER-04552,Assam,26.2066,91.8657,Clayey Loam,0.41,21.3,2777.5,31.7,0.504,21.9,0,0.273,0,210.6
KAG-NER-04553,Assam,26.8962,91.8352,Weathered Gneiss,80.51,231.11,2744.3,16.4,0.146,3.0,0,0.485,1,173.3
KAG-NER-04554,Tripura,23.8753,91.3992,Clayey Loam,22.35,135.14,989.9,26.8,0.462,9.2,2,0.381,1,133.3
KAG-NER-04555,Meghalaya,25.8353,90.4873,Alluvial Sandy Silt,101.92,277.41,871.5,45.0,0.55,15.4,2,0.755,2,219.8
KAG-NER-04556,Meghalaya,25.8465,91.7671,Weathered Gneiss,26.0,86.54,477.0,27.1,0.158,5.6,0,0.326,0,96.2
KAG-NER-04557,Nagaland,25.6617,94.2131,Clayey Loam,45.03,127.12,975.3,20.9,0.784,13.9,6,0.318,0,138.8
KAG-NER-04558,Nagaland,25.7955,93.8852,Alluvial Sandy Silt,2.73,34.28,1086.8,21.3,0.386,18.3,2,0.201,0,147.6
KAG-NER-04559,Tripura,23.6218,91.176,Sedimentary Shale,51.95,201.48,2115.3,44.7,0.172,19.2,1,0.555,1,227.0
KAG-NER-04560,Sikkim,27.7902,88.1252,Weathered Gneiss,15.67,42.57,2436.3,34.8,0.292,16.1,2,0.241,0,167.7
KAG-NER-04561,Manipur,24.9275,93.594,Alluvial Sandy Silt,16.45,70.01,2111.1,33.5,0.636,3.6,7,0.355,0,130.7
KAG-NER-04562,Arunachal Pradesh,27.9336,93.1031,Rocky Phyllite,4.8,22.15,1838.4,15.3,0.703,9.0,5,0.224,0,127.8
KAG-NER-04563,Mizoram,23.8106,93.1022,Rocky Phyllite,6.04,47.75,2163.2,28.4,0.52,21.3,4,0.281,0,192.1
KAG-NER-04564,Assam,26.7668,91.0128,Clayey Loam,7.81,91.97,2088.7,20.3,0.764,5.9,3,0.314,0,141.5
KAG-NER-04565,Assam,26.7197,91.7599,Sedimentary Shale,15.12,99.04,1374.0,15.6,0.388,11.1,1,0.221,0,138.1
KAG-NER-04566,Tripura,23.2346,91.5978,Weathered Gneiss,84.56,182.31,993.5,41.8,0.744,8.7,3,0.683,1,194.7
KAG-NER-04567,Arunachal Pradesh,27.5937,93.6023,Weathered Gneiss,17.45,51.52,849.2,21.3,0.453,6.1,1,0.307,0,113.4
KAG-NER-04568,Assam,26.7868,91.8898,Weathered Gneiss,48.97,174.88,1927.8,17.3,0.437,8.5,2,0.428,1,161.8
KAG-NER-04569,Assam,26.2414,90.7725,Sedimentary Shale,3.28,13.94,2689.3,43.3,0.211,5.8,4,0.317,0,169.7
KAG-NER-04570,Mizoram,23.8302,92.9246,Sedimentary Shale,33.98,75.58,1660.5,13.9,0.705,19.5,5,0.336,0,189.4
KAG-NER-04571,Meghalaya,25.4145,92.0335,Sedimentary Shale,24.99,58.33,2562.1,35.8,0.383,5.5,0,0.406,1,172.3
KAG-NER-04572,Nagaland,26.1523,94.1039,Alluvial Sandy Silt,144.96,430.19,118.7,32.1,0.783,14.5,8,0.912,2,248.6
KAG-NER-04573,Assam,26.5159,93.3636,Weathered Gneiss,71.14,191.84,2241.0,42.8,0.626,20.8,4,0.695,1,274.3
KAG-NER-04574,Manipur,24.924,93.4623,Weathered Gneiss,23.05,79.15,2401.8,39.3,0.099,21.1,1,0.37,0,220.1
KAG-NER-04575,Manipur,24.197,93.2506,Weathered Gneiss,56.71,172.23,1796.3,34.2,0.516,14.0,1,0.466,1,189.1
KAG-NER-04576,Arunachal Pradesh,27.923,95.4279,Weathered Gneiss,8.15,50.29,2620.6,18.6,0.455,7.4,4,0.258,0,163.4
KAG-NER-04577,Arunachal Pradesh,27.5552,92.2628,Clayey Loam,31.4,142.17,1684.6,25.8,0.433,7.0,4,0.385,1,135.0
KAG-NER-04578,Assam,26.8592,94.2462,Sedimentary Shale,2.95,28.86,734.3,43.8,0.136,16.9,2,0.269,0,138.2
KAG-NER-04579,Sikkim,27.7164,88.5855,Sedimentary Shale,16.26,33.18,666.8,6.9,0.416,21.6,1,0.182,0,153.0
KAG-NER-04580,Nagaland,26.605,93.4231,Alluvial Sandy Silt,9.73,33.1,1591.9,37.8,0.463,3.6,3,0.303,0,116.0
KAG-NER-04581,Tripura,23.3287,91.2111,Sedimentary Shale,48.23,234.09,2545.6,16.1,0.351,17.8,1,0.468,1,226.2
KAG-NER-04582,Arunachal Pradesh,28.0402,91.8131,Alluvial Sandy Silt,25.59,59.29,276.8,13.4,0.219,4.5,1,0.213,0,70.8
KAG-NER-04583,Manipur,24.6949,93.7563,Sedimentary Shale,52.84,148.12,1723.9,15.3,0.126,8.0,0,0.286,0,136.5
KAG-NER-04584,Manipur,24.435,94.3926,Sedimentary Shale,27.52,91.5,2173.9,8.4,0.654,13.3,9,0.301,0,162.1
KAG-NER-04585,Nagaland,25.6386,93.9287,Sedimentary Shale,3.44,10.86,393.9,45.7,0.614,7.9,3,0.348,0,124.7
KAG-NER-04586,Sikkim,27.6419,88.1243,Sedimentary Shale,50.52,193.69,397.6,40.8,0.429,15.0,3,0.571,1,185.5
KAG-NER-04587,Arunachal Pradesh,27.9767,95.1738,Weathered Gneiss,68.06,163.3,1075.9,26.8,0.5,10.3,4,0.457,1,145.8
KAG-NER-04588,Assam,27.1052,94.4433,Weathered Gneiss,88.86,174.36,825.0,34.6,0.238,6.4,0,0.633,1,166.8
KAG-NER-04589,Nagaland,25.8471,94.2795,Weathered Gneiss,32.25,97.54,619.4,28.3,0.559,12.6,4,0.403,1,139.8
KAG-NER-04590,Manipur,24.1082,93.4126,Alluvial Sandy Silt,53.23,241.61,620.4,38.5,0.208,2.5,4,0.481,1,137.3
KAG-NER-04591,Meghalaya,25.1848,91.0195,Weathered Gneiss,52.99,132.04,435.4,39.8,0.487,16.8,2,0.506,1,168.4
KAG-NER-04592,Assam,27.0253,92.0623,Weathered Gneiss,6.43,55.51,1741.5,15.3,0.643,12.4,5,0.241,0,138.7
KAG-NER-04593,Meghalaya,25.6057,91.3268,Rocky Phyllite,6.82,31.28,1951.7,24.4,0.624,20.9,2,0.253,0,195.3
KAG-NER-04594,Arunachal Pradesh,27.6343,95.8631,Sedimentary Shale,2.79,50.22,1992.0,31.4,0.911,4.1,10,0.399,1,156.1
KAG-NER-04595,Arunachal Pradesh,27.3738,94.323,Sedimentary Shale,14.65,136.48,1528.0,45.1,0.529,16.6,2,0.552,1,203.6
KAG-NER-04596,Nagaland,25.9881,93.4917,Clayey Loam,24.38,81.92,2671.9,33.3,0.71,8.0,5,0.499,1,187.3
KAG-NER-04597,Manipur,24.6851,94.3013,Weathered Gneiss,234.26,612.84,2475.0,41.9,0.302,9.5,1,1.25,2,330.2
KAG-NER-04598,Assam,25.9383,90.8132,Clayey Loam,21.43,67.57,2684.8,39.8,0.588,9.0,0,0.384,1,178.0
KAG-NER-04599,Arunachal Pradesh,27.1458,94.9398,Weathered Gneiss,49.23,158.85,1137.5,29.3,0.882,9.2,6,0.562,1,172.9
KAG-NER-04600,Arunachal Pradesh,28.0584,94.0426,Sedimentary Shale,44.92,93.5,2467.6,41.7,0.489,10.6,2,0.508,1,202.8
KAG-NER-04601,Assam,26.4555,94.4975,Weathered Gneiss,8.69,30.21,2155.0,21.1,0.428,2.4,2,0.241,0,116.4
KAG-NER-04602,Manipur,25.0734,94.2991,Alluvial Sandy Silt,2.29,10.96,1004.7,21.2,0.433,18.9,2,0.235,0,147.4
KAG-NER-04603,Tripura,24.1759,91.8713,Weathered Gneiss,30.01,88.55,369.9,37.2,0.564,19.6,4,0.45,1,177.5
KAG-NER-04604,Arunachal Pradesh,27.6328,95.391,Weathered Gneiss,45.79,148.51,1936.7,11.4,0.494,2.8,0,0.38,1,137.6
KAG-NER-04605,Manipur,25.2964,93.0381,Rocky Phyllite,241.27,750.0,451.2,18.2,0.204,17.5,0,1.182,2,303.4
KAG-NER-04606,Tripura,23.2619,92.2505,Weathered Gneiss,16.88,85.9,879.1,30.3,0.492,3.4,4,0.346,0,97.8
KAG-NER-04607,Mizoram,23.2157,93.2607,Alluvial Sandy Silt,86.14,229.58,1441.0,22.8,0.717,18.2,6,0.699,1,242.3
KAG-NER-04608,Assam,26.3443,91.036,Alluvial Sandy Silt,18.28,68.82,1929.3,43.6,0.611,14.3,7,0.452,1,185.3
KAG-NER-04609,Sikkim,27.1563,88.2252,Sedimentary Shale,44.43,139.51,2599.3,44.3,0.727,8.1,2,0.617,1,223.5
KAG-NER-04610,Arunachal Pradesh,27.2998,93.6983,Alluvial Sandy Silt,34.65,145.5,1693.6,26.1,0.325,14.3,2,0.461,1,178.2
KAG-NER-04611,Arunachal Pradesh,28.0224,95.9388,Rocky Phyllite,2.07,22.05,1906.2,27.6,0.417,12.1,0,0.195,0,131.7
KAG-NER-04612,Assam,26.4181,92.8318,Clayey Loam,3.1,22.67,923.2,35.0,0.473,14.7,1,0.397,1,161.9
KAG-NER-04613,Meghalaya,25.5696,91.6025,Weathered Gneiss,0.8,24.06,1949.4,24.3,0.489,11.5,3,0.277,0,159.1
KAG-NER-04614,Assam,26.5248,90.5395,Weathered Gneiss,17.61,76.08,1270.8,13.6,0.672,17.5,9,0.344,0,165.1
KAG-NER-04615,Assam,25.8024,90.9395,Weathered Gneiss,52.05,156.33,2410.9,35.9,0.597,2.9,3,0.505,1,172.9
KAG-NER-04616,Arunachal Pradesh,27.0625,94.672,Alluvial Sandy Silt,7.21,28.54,1147.5,35.5,0.933,8.9,4,0.43,1,155.9
KAG-NER-04617,Mizoram,23.1074,93.2842,Sedimentary Shale,35.38,80.66,1353.7,15.8,0.75,13.2,2,0.337,0,159.4
KAG-NER-04618,Mizoram,24.1929,93.3735,Sedimentary Shale,12.95,41.52,1256.6,39.3,0.216,13.8,2,0.306,0,150.2
KAG-NER-04619,Arunachal Pradesh,28.4025,92.7235,Weathered Gneiss,60.59,151.64,2286.3,30.5,0.335,5.4,0,0.483,1,187.9
KAG-NER-04620,Mizoram,23.5647,92.493,Weathered Gneiss,60.86,168.26,2674.1,15.5,0.098,3.5,0,0.35,0,146.6
KAG-NER-04621,Mizoram,24.0093,93.2773,Alluvial Sandy Silt,56.75,119.23,970.2,32.1,0.283,2.4,1,0.481,1,147.2
KAG-NER-04622,Manipur,25.1918,93.6934,Clayey Loam,28.28,127.64,1372.1,15.3,0.242,10.3,4,0.262,0,134.3
KAG-NER-04623,Assam,26.8621,90.9391,Sedimentary Shale,12.72,31.58,2000.1,16.6,0.511,8.6,3,0.157,0,118.8
KAG-NER-04624,Nagaland,25.4563,94.5299,Sedimentary Shale,63.0,224.16,2515.4,39.9,0.21,13.4,1,0.539,1,220.4
KAG-NER-04625,Sikkim,27.3977,88.8964,Clayey Loam,7.82,34.87,1422.9,43.2,0.366,11.0,2,0.382,1,163.0
KAG-NER-04626,Nagaland,25.5362,94.6834,Clayey Loam,13.0,35.24,376.2,16.3,0.209,9.9,0,0.277,0,102.7
KAG-NER-04627,Arunachal Pradesh,27.668,95.2222,Clayey Loam,7.72,31.89,1082.8,43.1,0.511,18.9,3,0.411,1,183.0
KAG-NER-04628,Meghalaya,25.8354,92.5816,Sedimentary Shale,42.62,125.03,1577.0,15.6,0.402,14.4,6,0.389,1,170.7
KAG-NER-04629,Nagaland,25.817,94.8247,Sedimentary Shale,44.05,152.59,1215.7,10.7,0.327,14.9,4,0.315,0,165.2
KAG-NER-04630,Meghalaya,25.2365,90.4131,Weathered Gneiss,40.17,118.09,587.4,8.3,0.343,9.6,2,0.38,1,126.7
KAG-NER-04631,Assam,26.4043,94.2275,Clayey Loam,20.41,100.09,180.6,15.7,0.418,17.5,4,0.308,0,153.7
KAG-NER-04632,Arunachal Pradesh,27.6575,95.2318,Sedimentary Shale,4.01,36.3,1949.8,21.4,0.777,5.0,6,0.327,0,131.5
KAG-NER-04633,Mizoram,23.8945,92.5304,Rocky Phyllite,92.0,254.79,2780.2,43.1,0.523,10.0,4,0.742,2,239.2
KAG-NER-04634,Mizoram,24.2233,92.3669,Sedimentary Shale,26.93,73.37,2580.2,15.7,0.804,2.9,3,0.308,0,130.9
KAG-NER-04635,Assam,27.0576,91.87,Sedimentary Shale,19.86,61.75,1938.5,20.6,0.453,4.3,3,0.299,0,120.2
KAG-NER-04636,Sikkim,27.4501,88.4379,Sedimentary Shale,33.77,162.53,2369.0,35.4,0.862,3.6,4,0.486,1,182.8
KAG-NER-04637,Arunachal Pradesh,27.1749,93.1117,Sedimentary Shale,8.14,24.37,775.6,18.1,0.321,10.8,1,0.224,0,99.9
KAG-NER-04638,Nagaland,25.6701,93.7058,Clayey Loam,5.4,17.44,1773.0,33.4,0.525,15.9,2,0.31,0,170.0
KAG-NER-04639,Manipur,24.2619,93.7824,Weathered Gneiss,19.76,69.48,244.8,23.3,0.269,8.3,1,0.241,0,104.6
KAG-NER-04640,Mizoram,23.9969,92.9259,Sedimentary Shale,9.79,52.28,2003.5,13.9,0.238,2.5,0,0.222,0,129.6
KAG-NER-04641,Sikkim,27.7252,88.6092,Sedimentary Shale,10.64,24.5,2718.1,35.4,0.48,16.1,2,0.301,0,186.2
KAG-NER-04642,Arunachal Pradesh,28.0029,94.5042,Weathered Gneiss,84.75,227.06,2421.4,7.1,0.573,6.1,7,0.496,1,182.6
KAG-NER-04643,Mizoram,23.4742,93.0583,Sedimentary Shale,28.75,76.06,1533.7,17.7,0.184,16.5,0,0.268,0,146.6
KAG-NER-04644,Assam,25.8976,94.3693,Sedimentary Shale,25.1,110.81,2225.4,20.2,0.168,2.1,0,0.272,0,117.3
KAG-NER-04645,Manipur,25.0889,93.3924,Sedimentary Shale,44.44,111.97,2647.4,24.3,0.313,8.2,1,0.377,0,189.1
KAG-NER-04646,Manipur,25.0752,93.0202,Sedimentary Shale,115.03,370.67,667.6,33.2,0.694,14.4,3,0.879,2,252.7
KAG-NER-04647,Nagaland,25.7041,93.4977,Rocky Phyllite,4.52,14.67,2237.7,24.4,0.343,19.4,0,0.182,0,175.5
KAG-NER-04648,Arunachal Pradesh,28.1484,94.9014,Weathered Gneiss,68.13,140.15,814.0,29.8,0.308,17.1,3,0.437,1,179.5
KAG-NER-04649,Mizoram,24.0205,92.3049,Alluvial Sandy Silt,33.33,108.13,2465.3,29.8,0.76,11.0,5,0.447,1,199.2
KAG-NER-04650,Assam,26.5017,93.6718,Alluvial Sandy Silt,6.0,76.16,347.5,20.9,0.356,16.4,2,0.242,0,140.0
KAG-NER-04651,Assam,26.0176,93.4241,Clayey Loam,13.4,40.42,564.8,43.4,0.634,12.8,4,0.429,1,148.3
KAG-NER-04652,Manipur,24.1178,93.2901,Sedimentary Shale,25.02,74.62,2040.1,44.2,0.794,18.3,9,0.569,1,236.7
KAG-NER-04653,Meghalaya,25.5282,91.8993,Weathered Gneiss,44.65,105.01,555.4,29.3,0.547,17.4,2,0.433,1,163.8
KAG-NER-04654,Mizoram,23.0188,92.5037,Weathered Gneiss,10.56,30.47,509.9,8.9,0.589,21.5,1,0.21,0,124.3
KAG-NER-04655,Arunachal Pradesh,27.2271,92.5742,Weathered Gneiss,29.09,93.99,1590.9,25.6,0.552,4.1,4,0.348,0,129.9
KAG-NER-04656,Assam,26.1172,92.2782,Weathered Gneiss,43.86,92.8,2351.2,13.4,0.191,8.8,3,0.243,0,142.6
KAG-NER-04657,Mizoram,23.7807,92.7818,Sedimentary Shale,22.63,123.92,810.2,25.3,0.752,5.8,4,0.446,1,134.9
KAG-NER-04658,Meghalaya,25.7984,92.0701,Alluvial Sandy Silt,75.54,217.73,2367.9,13.5,0.428,14.6,1,0.487,1,204.0
KAG-NER-04659,Assam,25.9771,90.7198,Sedimentary Shale,77.37,161.75,2277.6,34.2,0.337,15.3,0,0.584,1,229.2
KAG-NER-04660,Manipur,25.2291,93.1277,Clayey Loam,24.17,70.67,1655.2,9.2,0.355,6.1,3,0.269,0,124.9
KAG-NER-04661,Meghalaya,25.2335,90.2575,Sedimentary Shale,137.15,377.61,1838.7,44.1,0.459,10.4,2,0.937,2,283.7
KAG-NER-04662,Nagaland,26.2797,94.2736,Alluvial Sandy Silt,2.99,36.73,190.0,13.8,0.544,14.0,3,0.153,0,100.0
KAG-NER-04663,Meghalaya,25.9882,92.506,Clayey Loam,0.13,38.41,1078.6,32.4,0.648,15.2,8,0.347,0,161.0
KAG-NER-04664,Mizoram,23.4163,92.7087,Sedimentary Shale,18.21,98.36,796.4,42.7,0.539,4.1,3,0.397,1,113.5
KAG-NER-04665,Mizoram,23.2453,92.4676,Rocky Phyllite,34.92,95.04,488.0,15.9,0.359,20.4,1,0.225,0,131.5
KAG-NER-04666,Manipur,24.1933,93.2117,Weathered Gneiss,37.7,100.88,1139.9,43.4,0.259,2.7,0,0.438,1,122.0
KAG-NER-04667,Assam,25.9598,91.5823,Rocky Phyllite,24.59,80.15,1045.3,21.5,0.631,21.5,2,0.403,1,186.4
KAG-NER-04668,Mizoram,23.26,93.3577,Sedimentary Shale,5.07,90.35,2062.6,44.4,0.351,8.3,1,0.397,1,163.3
KAG-NER-04669,Nagaland,26.2099,94.8814,Alluvial Sandy Silt,7.1,72.67,1706.8,44.9,0.653,8.3,7,0.388,1,155.0
KAG-NER-04670,Nagaland,25.9215,94.0864,Sedimentary Shale,72.64,240.96,2563.6,13.5,0.405,10.9,1,0.602,1,215.6
KAG-NER-04671,Arunachal Pradesh,27.4193,92.323,Weathered Gneiss,76.92,175.36,475.5,39.2,0.646,15.9,1,0.663,1,187.7
KAG-NER-04672,Mizoram,23.0147,93.3396,Weathered Gneiss,42.58,162.54,242.5,13.7,0.147,5.2,1,0.28,0,85.9
KAG-NER-04673,Manipur,25.3815,93.0719,Weathered Gneiss,41.47,115.2,1534.1,15.1,0.289,7.1,1,0.23,0,122.6
KAG-NER-04674,Assam,26.0105,92.4059,Weathered Gneiss,34.6,134.91,82.8,9.4,0.165,21.2,1,0.249,0,134.5
KAG-NER-04675,Arunachal Pradesh,27.1981,93.1375,Clayey Loam,8.62,26.18,2222.6,12.3,0.577,19.5,4,0.137,0,156.7
KAG-NER-04676,Tripura,23.3549,91.6478,Clayey Loam,21.24,62.02,1456.2,31.3,0.094,6.2,1,0.228,0,97.1
KAG-NER-04677,Assam,26.1804,92.0836,Weathered Gneiss,45.23,121.37,1407.5,24.0,0.167,13.5,3,0.278,0,145.1
KAG-NER-04678,Sikkim,27.166,88.4425,Weathered Gneiss,29.28,100.45,1066.0,37.6,0.33,6.1,3,0.364,0,129.8
KAG-NER-04679,Nagaland,26.7766,93.8932,Weathered Gneiss,0.71,42.94,1099.9,19.3,0.629,13.0,2,0.233,0,122.7
KAG-NER-04680,Nagaland,26.627,94.6648,Alluvial Sandy Silt,116.64,364.17,1252.7,44.7,0.391,9.3,0,0.799,2,232.7
KAG-NER-04681,Arunachal Pradesh,28.4233,95.0555,Sedimentary Shale,70.8,169.03,123.6,8.0,0.655,9.2,3,0.549,1,161.9
KAG-NER-04682,Assam,26.7234,94.3546,Clayey Loam,11.47,45.37,307.2,8.5,0.442,14.7,3,0.183,0,123.3
KAG-NER-04683,Sikkim,27.153,88.4703,Clayey Loam,36.42,133.2,1453.7,34.1,0.277,7.0,2,0.459,1,149.1
KAG-NER-04684,Arunachal Pradesh,28.4828,94.9632,Alluvial Sandy Silt,97.55,235.42,488.3,41.5,0.513,10.1,1,0.729,2,199.8
KAG-NER-04685,Manipur,25.3469,94.2474,Alluvial Sandy Silt,3.84,27.03,2198.2,37.8,0.359,20.5,3,0.281,0,178.1
KAG-NER-04686,Arunachal Pradesh,28.2998,94.6794,Rocky Phyllite,26.57,62.94,826.6,25.6,0.262,17.1,3,0.268,0,147.5
KAG-NER-04687,Assam,26.8647,92.8543,Rocky Phyllite,23.15,89.26,346.3,16.8,0.495,9.7,5,0.355,0,125.7
KAG-NER-04688,Assam,27.0939,94.2127,Alluvial Sandy Silt,20.06,116.26,719.8,6.5,0.657,6.6,2,0.252,0,84.2
KAG-NER-04689,Meghalaya,25.8595,91.9498,Weathered Gneiss,68.6,224.64,1051.3,26.4,0.335,15.2,1,0.494,1,185.9
KAG-NER-04690,Sikkim,27.3132,88.1285,Weathered Gneiss,18.2,85.48,176.1,25.0,0.311,18.2,3,0.265,0,130.0
KAG-NER-04691,Arunachal Pradesh,28.397,94.1375,Weathered Gneiss,2.5,59.57,465.4,19.8,0.698,19.2,3,0.29,0,137.0
KAG-NER-04692,Arunachal Pradesh,27.377,92.1711,Weathered Gneiss,2.59,29.75,960.9,29.1,0.247,13.3,0,0.186,0,114.0
KAG-NER-04693,Arunachal Pradesh,28.2272,95.2643,Alluvial Sandy Silt,1.66,28.42,924.5,35.2,0.497,12.3,4,0.337,0,157.3
KAG-NER-04694,Meghalaya,25.8331,91.8772,Rocky Phyllite,20.0,67.59,2257.1,34.0,0.537,16.4,3,0.415,1,204.2
KAG-NER-04695,Meghalaya,25.4294,90.9906,Sedimentary Shale,48.16,146.04,2373.7,16.5,0.674,5.5,2,0.405,1,154.5
KAG-NER-04696,Mizoram,22.8128,93.217,Sedimentary Shale,8.66,36.79,606.1,29.4,0.469,19.0,5,0.308,0,149.8
KAG-NER-04697,Meghalaya,25.1787,91.84,Sedimentary Shale,39.51,153.95,417.1,12.0,0.337,3.5,2,0.296,0,74.4
KAG-NER-04698,Meghalaya,25.5537,91.5694,Clayey Loam,44.15,132.97,1804.9,10.9,0.435,14.1,3,0.346,0,159.5
KAG-NER-04699,Assam,27.0974,90.6423,Weathered Gneiss,11.2,84.71,2268.6,37.4,0.427,13.8,2,0.406,1,202.2
KAG-NER-04700,Sikkim,27.6414,88.1416,Weathered Gneiss,34.87,91.87,2701.3,33.7,0.428,8.2,3,0.405,1,185.4
KAG-NER-04701,Assam,25.8534,92.4342,Weathered Gneiss,43.88,146.1,98.5,36.7,0.31,2.7,0,0.448,1,112.7
KAG-NER-04702,Assam,25.8883,94.0511,Clayey Loam,23.88,102.65,1205.2,12.1,0.654,16.4,3,0.412,1,178.8
KAG-NER-04703,Nagaland,26.1414,93.4436,Weathered Gneiss,15.6,60.63,2076.4,42.6,0.566,2.5,3,0.42,1,157.8
KAG-NER-04704,Nagaland,25.4567,94.319,Alluvial Sandy Silt,36.68,150.21,2333.7,11.3,0.052,5.6,1,0.226,0,129.0
KAG-NER-04705,Arunachal Pradesh,28.1898,93.4701,Sedimentary Shale,144.77,428.45,249.4,40.8,0.534,12.9,1,0.918,2,236.0
KAG-NER-04706,Arunachal Pradesh,27.7873,95.0992,Alluvial Sandy Silt,21.15,103.27,1931.3,20.1,0.727,20.8,3,0.46,1,216.1
KAG-NER-04707,Manipur,24.8547,93.3596,Sedimentary Shale,18.89,71.77,865.9,10.2,0.159,3.3,0,0.149,0,69.1
KAG-NER-04708,Assam,26.6583,93.3273,Clayey Loam,23.72,93.93,282.9,17.5,0.893,13.6,4,0.36,0,133.4
KAG-NER-04709,Mizoram,23.9012,92.983,Clayey Loam,3.01,142.54,1410.4,13.3,0.817,8.6,5,0.34,0,152.0
KAG-NER-04710,Nagaland,26.7569,93.6959,Sedimentary Shale,30.61,97.6,510.2,25.6,0.659,15.4,5,0.43,1,151.9
KAG-NER-04711,Arunachal Pradesh,28.4217,93.9225,Sedimentary Shale,15.14,67.49,2084.7,44.0,0.212,21.1,2,0.296,0,185.9
KAG-NER-04712,Meghalaya,25.7048,90.4586,Sedimentary Shale,4.92,13.1,2096.2,19.1,0.403,7.4,3,0.186,0,105.4
KAG-NER-04713,Arunachal Pradesh,27.5089,94.9622,Sedimentary Shale,23.86,104.45,2370.4,30.5,0.328,21.1,3,0.295,0,204.3
KAG-NER-04714,Manipur,24.9897,93.0642,Alluvial Sandy Silt,0.13,20.25,1107.0,41.7,0.342,19.4,1,0.285,0,163.2
KAG-NER-04715,Meghalaya,25.5919,90.4295,Rocky Phyllite,19.52,108.38,116.2,31.2,0.226,14.1,2,0.357,0,147.2
KAG-NER-04716,Arunachal Pradesh,28.4934,95.5378,Alluvial Sandy Silt,4.25,51.97,786.5,20.5,0.57,17.2,4,0.253,0,134.1
KAG-NER-04717,Nagaland,25.4295,94.688,Sedimentary Shale,0.93,3.97,1352.4,45.6,0.51,19.3,3,0.414,1,183.5
KAG-NER-04718,Sikkim,27.7436,88.3828,Alluvial Sandy Silt,66.12,207.83,1967.7,13.5,0.385,18.1,5,0.413,1,189.6
KAG-NER-04719,Meghalaya,25.7476,91.3495,Clayey Loam,94.24,271.68,1119.2,26.9,0.825,8.5,6,0.722,2,208.2
KAG-NER-04720,Tripura,23.9863,91.5084,Rocky Phyllite,8.85,32.13,1538.1,37.9,0.524,18.3,5,0.39,1,182.8
KAG-NER-04721,Arunachal Pradesh,27.4161,93.41,Sedimentary Shale,29.45,79.21,1506.0,6.0,0.493,8.3,1,0.294,0,133.3
KAG-NER-04722,Assam,26.0038,94.2401,Weathered Gneiss,12.38,31.09,528.8,34.1,0.405,19.3,3,0.408,1,167.4
KAG-NER-04723,Assam,26.2882,92.3007,Weathered Gneiss,25.85,84.56,1774.7,16.7,0.283,7.1,1,0.274,0,140.1
KAG-NER-04724,Arunachal Pradesh,28.3305,93.7348,Weathered Gneiss,21.81,54.47,1274.8,12.8,0.302,13.4,3,0.178,0,132.5
KAG-NER-04725,Assam,26.562,94.8042,Weathered Gneiss,11.91,84.72,2277.5,17.0,0.458,15.9,1,0.268,0,170.8
KAG-NER-04726,Assam,27.0414,91.2626,Weathered Gneiss,45.8,121.66,1958.5,44.7,0.544,10.5,3,0.492,1,194.9
KAG-NER-04727,Tripura,23.7679,92.2656,Weathered Gneiss,5.14,48.73,383.2,41.7,0.409,17.7,1,0.342,0,147.9
KAG-NER-04728,Mizoram,23.3585,92.7087,Sedimentary Shale,2.07,6.91,1409.4,14.6,0.076,20.5,0,0.147,0,144.4
KAG-NER-04729,Manipur,24.273,93.1829,Weathered Gneiss,55.47,186.04,1990.8,10.7,0.404,5.7,2,0.424,1,139.7
KAG-NER-04730,Assam,26.8364,93.9651,Clayey Loam,41.66,104.39,316.7,20.6,0.132,2.7,1,0.297,0,89.0
KAG-NER-04731,Assam,27.1566,93.9804,Sedimentary Shale,26.23,183.68,2235.6,29.7,0.463,14.5,2,0.406,1,190.8
KAG-NER-04732,Assam,26.1407,90.6805,Alluvial Sandy Silt,23.97,54.03,683.9,40.7,0.387,14.0,2,0.388,1,158.4
KAG-NER-04733,Manipur,25.3796,93.5447,Sedimentary Shale,26.14,77.23,1448.4,44.6,0.568,8.8,3,0.474,1,171.4
KAG-NER-04734,Tripura,23.5744,92.1871,Weathered Gneiss,21.83,46.85,2638.3,36.0,0.201,17.7,2,0.255,0,176.2
KAG-NER-04735,Meghalaya,25.6266,90.7587,Rocky Phyllite,18.96,84.24,1634.0,30.0,0.531,18.5,3,0.32,0,173.8
KAG-NER-04736,Assam,27.0447,94.9701,Alluvial Sandy Silt,26.32,75.05,1233.4,11.7,0.098,8.6,0,0.181,0,100.9
KAG-NER-04737,Meghalaya,25.178,92.4419,Alluvial Sandy Silt,28.57,77.24,98.5,9.0,0.394,15.6,3,0.192,0,115.4
KAG-NER-04738,Arunachal Pradesh,27.5248,93.8583,Alluvial Sandy Silt,44.74,131.69,442.9,29.8,0.629,14.8,1,0.401,1,163.9
KAG-NER-04739,Arunachal Pradesh,28.3637,95.8802,Weathered Gneiss,47.2,182.53,1654.0,27.6,0.548,8.9,2,0.447,1,171.5
KAG-NER-04740,Nagaland,25.767,93.7193,Alluvial Sandy Silt,18.02,66.29,1423.2,39.8,0.533,21.4,7,0.411,1,214.2
KAG-NER-04741,Manipur,24.1127,93.8989,Weathered Gneiss,20.28,70.52,1069.6,18.9,0.497,8.9,3,0.296,0,128.0
KAG-NER-04742,Assam,25.819,92.3535,Clayey Loam,17.78,76.13,2591.1,7.6,0.283,14.4,3,0.173,0,145.9
KAG-NER-04743,Assam,25.9027,92.3235,Alluvial Sandy Silt,29.22,84.07,984.4,22.9,0.675,9.6,2,0.341,0,121.8
KAG-NER-04744,Sikkim,27.128,88.7682,Clayey Loam,22.95,90.15,1541.1,44.8,0.73,2.2,5,0.503,1,142.1
KAG-NER-04745,Assam,26.0936,91.9774,Clayey Loam,83.74,285.54,1626.9,37.8,0.143,3.8,2,0.63,1,177.6
KAG-NER-04746,Assam,27.0181,93.8582,Clayey Loam,45.29,176.51,1514.7,7.4,0.614,6.6,4,0.441,1,147.6
KAG-NER-04747,Assam,26.1067,90.8235,Weathered Gneiss,86.99,173.1,1379.0,41.0,0.533,18.2,1,0.538,1,210.6
KAG-NER-04748,Assam,26.8019,92.2582,Weathered Gneiss,46.93,145.93,996.8,24.9,0.796,10.8,6,0.427,1,152.7
KAG-NER-04749,Arunachal Pradesh,28.1257,93.5038,Clayey Loam,134.53,417.78,2551.8,20.6,0.307,13.8,0,0.814,2,273.0
KAG-NER-04750,Mizoram,23.319,92.7963,Sedimentary Shale,38.38,133.55,1306.2,19.9,0.15,20.9,2,0.333,0,198.7
KAG-NER-04751,Arunachal Pradesh,28.0977,95.56,Sedimentary Shale,125.85,402.94,1517.4,29.8,0.498,4.9,3,0.867,2,235.0
KAG-NER-04752,Meghalaya,25.1448,91.5627,Sedimentary Shale,6.54,15.47,1865.6,27.2,0.46,19.2,6,0.219,0,166.0
KAG-NER-04753,Nagaland,25.446,94.1026,Sedimentary Shale,2.05,60.86,264.0,32.3,0.34,9.6,2,0.262,0,110.6
KAG-NER-04754,Meghalaya,25.8968,91.1401,Alluvial Sandy Silt,32.89,88.02,2205.1,28.9,0.261,8.7,3,0.285,0,139.8
KAG-NER-04755,Mizoram,24.1987,92.9937,Rocky Phyllite,155.95,493.89,1474.0,11.8,0.525,14.5,3,0.787,2,239.4
KAG-NER-04756,Mizoram,24.2012,93.1329,Sedimentary Shale,20.54,71.42,1867.5,16.3,0.499,20.0,4,0.286,0,186.6
KAG-NER-04757,Assam,25.9448,91.5402,Clayey Loam,9.06,124.66,2179.9,39.6,0.337,9.0,1,0.432,1,174.4
KAG-NER-04758,Manipur,24.5518,93.2722,Weathered Gneiss,28.01,63.21,2457.6,32.5,0.799,17.2,6,0.426,1,210.1
KAG-NER-04759,Meghalaya,25.5454,91.4256,Alluvial Sandy Silt,39.76,83.23,1146.8,23.9,0.359,2.4,2,0.315,0,96.5
KAG-NER-04760,Sikkim,27.7694,88.447,Clayey Loam,14.39,48.05,2287.1,13.3,0.77,14.5,4,0.244,0,156.9
KAG-NER-04761,Meghalaya,25.8071,92.649,Alluvial Sandy Silt,47.67,165.65,784.0,6.3,0.623,14.6,1,0.43,1,160.3
KAG-NER-04762,Sikkim,27.7139,88.2669,Sedimentary Shale,140.35,343.31,1876.1,18.5,0.258,13.1,3,0.72,1,233.5
KAG-NER-04763,Manipur,24.6944,93.5564,Sedimentary Shale,86.36,218.93,359.4,8.2,0.139,20.8,1,0.432,1,193.8
KAG-NER-04764,Assam,26.3598,92.1236,Rocky Phyllite,13.1,57.83,134.5,25.3,0.371,20.8,2,0.215,0,147.5
KAG-NER-04765,Meghalaya,25.8437,91.3756,Sedimentary Shale,15.03,89.89,340.5,38.9,0.563,8.8,0,0.37,0,130.6
KAG-NER-04766,Sikkim,27.4666,88.886,Sedimentary Shale,17.65,80.41,948.7,17.4,0.544,11.1,2,0.324,0,135.2
KAG-NER-04767,Mizoram,22.89,92.8368,Weathered Gneiss,19.07,58.06,164.6,39.9,0.168,17.8,1,0.298,0,131.8
KAG-NER-04768,Assam,26.8837,91.1802,Clayey Loam,4.02,38.9,1794.9,34.2,0.68,18.9,5,0.318,0,171.6
KAG-NER-04769,Manipur,24.8561,93.3831,Alluvial Sandy Silt,54.54,159.53,941.0,11.0,0.719,10.4,3,0.541,1,175.4
KAG-NER-04770,Arunachal Pradesh,28.2878,92.9719,Alluvial Sandy Silt,17.28,62.73,2082.9,31.8,0.648,9.0,3,0.376,0,171.9
KAG-NER-04771,Assam,26.2607,93.1919,Alluvial Sandy Silt,80.51,185.99,204.9,12.1,0.364,18.4,1,0.447,1,173.9
KAG-NER-04772,Arunachal Pradesh,27.1937,92.782,Clayey Loam,99.43,181.82,669.4,32.2,0.616,9.5,5,0.641,1,183.6
KAG-NER-04773,Assam,26.3833,92.0914,Sedimentary Shale,0.94,12.77,1189.8,11.7,0.29,10.1,0,0.101,0,99.0
KAG-NER-04774,Mizoram,23.5873,92.9596,Sedimentary Shale,169.7,361.54,1120.8,21.7,0.446,4.7,1,0.849,2,214.8
KAG-NER-04775,Arunachal Pradesh,27.8067,94.4438,Sedimentary Shale,47.04,109.06,436.3,28.7,0.1,12.9,0,0.429,1,147.1
KAG-NER-04776,Mizoram,23.2616,92.4391,Sedimentary Shale,27.92,151.21,2784.1,8.0,0.584,8.5,2,0.346,0,161.7
KAG-NER-04777,Assam,26.8651,94.3285,Sedimentary Shale,18.75,64.57,853.7,12.1,0.26,13.8,1,0.139,0,104.2
KAG-NER-04778,Arunachal Pradesh,27.3112,93.3319,Alluvial Sandy Silt,27.77,101.94,2041.2,18.8,0.752,11.0,0,0.365,0,168.1
KAG-NER-04779,Assam,26.498,92.9,Clayey Loam,14.91,59.67,678.5,24.5,0.567,17.0,6,0.317,0,145.0
KAG-NER-04780,Assam,26.7233,90.6872,Alluvial Sandy Silt,37.04,104.03,2467.8,40.3,0.578,7.6,4,0.418,1,163.7
KAG-NER-04781,Assam,26.8101,90.7789,Sedimentary Shale,3.71,31.43,1134.7,13.5,0.252,5.4,1,0.13,0,82.2
KAG-NER-04782,Assam,26.4556,94.2245,Alluvial Sandy Silt,36.88,176.76,2530.5,19.9,0.473,16.1,4,0.368,0,197.8
KAG-NER-04783,Meghalaya,25.5061,90.5876,Weathered Gneiss,12.24,37.99,1009.8,25.0,0.108,9.7,0,0.187,0,101.6
KAG-NER-04784,Arunachal Pradesh,28.4761,95.5018,Clayey Loam,0.68,17.0,103.5,17.8,0.455,13.3,5,0.197,0,99.2
KAG-NER-04785,Arunachal Pradesh,28.1341,93.3518,Rocky Phyllite,30.57,69.34,1486.3,31.0,0.336,20.8,4,0.371,0,169.9
KAG-NER-04786,Arunachal Pradesh,27.1942,95.7364,Alluvial Sandy Silt,32.82,90.72,1507.4,16.3,0.523,11.7,4,0.281,0,146.6
KAG-NER-04787,Mizoram,23.5985,93.2376,Weathered Gneiss,21.13,74.44,405.9,36.9,0.205,5.0,2,0.325,0,103.1
KAG-NER-04788,Tripura,23.6105,91.5023,Weathered Gneiss,2.85,49.13,719.1,26.2,0.558,10.5,2,0.271,0,128.6
KAG-NER-04789,Meghalaya,25.987,91.5568,Clayey Loam,85.05,231.92,2211.1,9.5,0.431,11.6,2,0.489,1,193.5
KAG-NER-04790,Arunachal Pradesh,27.1251,92.4885,Sedimentary Shale,35.92,87.67,180.0,31.1,0.15,17.3,1,0.299,0,141.0
KAG-NER-04791,Assam,26.4747,90.6911,Sedimentary Shale,4.67,63.08,1411.5,28.8,0.804,5.9,10,0.359,0,141.9
KAG-NER-04792,Sikkim,27.4238,88.4352,Weathered Gneiss,27.18,66.19,1522.7,19.5,0.46,8.9,5,0.32,0,138.7
KAG-NER-04793,Assam,26.8911,92.0972,Alluvial Sandy Silt,26.13,108.48,1953.3,6.4,0.838,3.0,7,0.283,0,122.2
KAG-NER-04794,Arunachal Pradesh,28.4721,92.3135,Sedimentary Shale,2.37,20.18,181.9,14.0,0.06,16.0,0,0.171,0,107.4
KAG-NER-04795,Arunachal Pradesh,27.8456,91.9036,Weathered Gneiss,35.48,154.44,1673.0,22.2,0.23,16.9,1,0.388,1,170.5
KAG-NER-04796,Arunachal Pradesh,28.0742,95.9764,Weathered Gneiss,62.77,189.93,88.4,14.0,0.254,11.1,1,0.34,0,121.7
KAG-NER-04797,Assam,26.9468,93.0007,Weathered Gneiss,52.53,220.31,801.3,29.1,0.526,12.8,4,0.588,1,179.9
KAG-NER-04798,Manipur,24.6786,94.336,Weathered Gneiss,8.62,34.39,1439.1,34.5,0.385,17.0,0,0.355,0,165.4
KAG-NER-04799,Assam,27.1104,94.9514,Alluvial Sandy Silt,75.34,240.62,2558.7,40.2,0.044,7.4,0,0.538,1,201.1
KAG-NER-04800,Nagaland,25.9552,94.8864,Alluvial Sandy Silt,15.94,80.22,424.3,31.9,0.321,14.1,1,0.326,0,144.6
KAG-NER-04801,Assam,26.0183,91.641,Rocky Phyllite,111.27,320.56,540.5,33.6,0.735,21.3,5,0.807,2,260.1
KAG-NER-04802,Assam,25.9246,91.7228,Sedimentary Shale,2.83,24.75,1900.4,30.3,0.533,15.2,6,0.228,0,156.3
KAG-NER-04803,Tripura,24.1215,92.1235,Weathered Gneiss,25.31,79.47,1099.6,45.4,0.544,3.6,1,0.493,1,145.3
KAG-NER-04804,Assam,26.8904,93.3398,Weathered Gneiss,34.55,123.67,1775.7,16.4,0.47,7.8,1,0.27,0,137.4
KAG-NER-04805,Mizoram,23.5709,93.0796,Sedimentary Shale,10.81,38.84,2793.1,16.7,0.392,12.4,2,0.226,0,174.5
KAG-NER-04806,Meghalaya,25.4518,92.3874,Sedimentary Shale,56.08,212.89,2764.3,11.1,0.684,3.5,1,0.538,1,182.8
KAG-NER-04807,Assam,26.7481,93.6401,Weathered Gneiss,37.46,140.42,1042.1,25.4,0.399,15.5,1,0.327,0,148.6
KAG-NER-04808,Sikkim,27.4752,88.8082,Alluvial Sandy Silt,0.69,3.97,1450.7,9.8,0.247,15.1,2,0.091,0,121.4
KAG-NER-04809,Assam,26.1528,92.2152,Sedimentary Shale,35.62,150.17,2540.8,16.8,0.566,19.5,6,0.433,1,206.9
KAG-NER-04810,Mizoram,23.9665,92.842,Sedimentary Shale,25.7,87.45,330.7,25.3,0.379,12.0,2,0.341,0,126.5
KAG-NER-04811,Assam,27.0449,92.0588,Alluvial Sandy Silt,8.29,27.44,1310.3,44.3,0.264,15.8,4,0.347,0,165.8
KAG-NER-04812,Mizoram,23.354,93.2776,Alluvial Sandy Silt,207.5,575.19,1107.0,44.6,0.13,5.6,1,1.116,2,264.4
KAG-NER-04813,Assam,26.4501,92.8226,Sedimentary Shale,86.43,250.4,882.1,35.7,0.142,2.1,0,0.55,1,128.0
KAG-NER-04814,Meghalaya,25.3995,90.9193,Rocky Phyllite,13.15,62.25,2784.2,21.6,0.616,5.4,4,0.298,0,160.6
KAG-NER-04815,Manipur,24.9183,93.1917,Sedimentary Shale,29.6,104.76,2075.3,40.6,0.276,3.2,0,0.413,1,143.0
KAG-NER-04816,Tripura,24.2551,92.035,Sedimentary Shale,14.46,70.98,1137.4,41.0,0.522,10.6,2,0.418,1,150.0
KAG-NER-04817,Tripura,23.4289,91.9328,Weathered Gneiss,56.77,161.05,2334.9,42.4,0.326,11.4,1,0.542,1,218.0
KAG-NER-04818,Mizoram,23.7039,92.503,Sedimentary Shale,101.23,237.02,1411.9,31.6,0.314,14.9,4,0.666,1,199.5
KAG-NER-04819,Tripura,23.5278,91.5908,Sedimentary Shale,16.89,53.66,2454.1,14.1,0.452,4.8,0,0.243,0,141.6
KAG-NER-04820,Assam,26.7789,93.3743,Alluvial Sandy Silt,62.23,158.66,804.6,9.6,0.508,6.3,3,0.366,0,139.8
KAG-NER-04821,Arunachal Pradesh,27.7516,94.9578,Clayey Loam,26.22,108.01,688.2,42.6,0.561,18.0,3,0.409,1,162.5
KAG-NER-04822,Arunachal Pradesh,28.1127,94.2804,Weathered Gneiss,19.2,62.7,752.6,8.2,0.218,13.5,3,0.205,0,112.2
KAG-NER-04823,Arunachal Pradesh,28.1592,93.0042,Weathered Gneiss,105.92,289.93,1544.7,17.8,0.806,2.6,0,0.745,2,200.7
KAG-NER-04824,Arunachal Pradesh,28.31,94.2671,Rocky Phyllite,27.14,68.05,872.4,25.5,0.399,19.0,1,0.398,1,177.1
KAG-NER-04825,Meghalaya,25.8401,91.6203,Sedimentary Shale,23.94,68.8,480.2,6.9,0.56,14.6,3,0.348,0,149.2
KAG-NER-04826,Assam,26.1058,92.9408,Weathered Gneiss,42.41,107.36,2785.4,42.3,0.664,5.7,2,0.559,1,204.1
KAG-NER-04827,Nagaland,25.9196,94.4462,Sedimentary Shale,11.51,45.11,2529.2,17.5,0.129,7.0,0,0.187,0,135.1
KAG-NER-04828,Assam,26.4661,94.2625,Weathered Gneiss,14.92,35.27,1807.2,7.1,0.738,13.1,3,0.227,0,169.4
KAG-NER-04829,Arunachal Pradesh,27.9849,94.5804,Weathered Gneiss,102.18,372.71,2505.0,45.7,0.381,13.2,2,0.775,2,249.1
KAG-NER-04830,Meghalaya,25.2954,92.759,Weathered Gneiss,43.12,124.32,2624.5,18.5,0.826,18.1,4,0.45,1,231.1
KAG-NER-04831,Manipur,25.1783,94.2624,Weathered Gneiss,66.59,130.81,1919.0,41.1,0.758,9.2,10,0.602,1,213.4
KAG-NER-04832,Manipur,24.4623,93.857,Rocky Phyllite,12.02,93.59,1490.8,24.1,0.73,13.0,5,0.438,1,166.0
KAG-NER-04833,Nagaland,25.5919,94.2077,Sedimentary Shale,29.82,101.92,2479.0,32.5,0.583,13.7,1,0.445,1,193.9
KAG-NER-04834,Assam,26.0042,92.9887,Clayey Loam,135.06,421.23,1624.4,15.6,0.334,13.2,0,0.752,2,242.0
KAG-NER-04835,Meghalaya,25.6838,91.2145,Sedimentary Shale,14.58,53.2,424.9,26.1,0.548,3.5,1,0.277,0,76.4
KAG-NER-04836,Assam,26.498,94.4404,Weathered Gneiss,6.65,19.52,1077.8,16.3,0.496,10.2,1,0.232,0,111.6
KAG-NER-04837,Arunachal Pradesh,27.0737,95.0628,Sedimentary Shale,27.18,82.91,1292.9,44.0,0.367,8.8,2,0.422,1,154.1
KAG-NER-04838,Arunachal Pradesh,27.1732,91.6652,Rocky Phyllite,18.65,64.35,2624.2,8.4,0.364,21.9,2,0.186,0,178.3
KAG-NER-04839,Assam,26.0598,93.9427,Alluvial Sandy Silt,6.61,61.87,1873.0,17.0,0.238,11.3,1,0.165,0,123.4
KAG-NER-04840,Arunachal Pradesh,27.5482,95.4263,Weathered Gneiss,83.38,301.24,2460.8,41.7,0.492,10.7,3,0.739,2,238.1
KAG-NER-04841,Sikkim,27.4673,88.1178,Rocky Phyllite,177.85,424.09,2140.6,25.2,0.14,11.7,5,0.856,2,256.1
KAG-NER-04842,Sikkim,27.6017,88.1882,Alluvial Sandy Silt,31.95,83.32,922.8,30.0,0.221,20.4,2,0.315,0,169.4
KAG-NER-04843,Arunachal Pradesh,28.163,92.2565,Rocky Phyllite,56.63,196.31,2034.9,32.1,0.486,14.2,1,0.511,1,204.2
KAG-NER-04844,Assam,26.2836,93.9257,Alluvial Sandy Silt,74.45,215.35,611.2,8.8,0.471,9.8,1,0.579,1,171.7
KAG-NER-04845,Assam,27.1359,92.1715,Sedimentary Shale,45.88,84.38,1190.2,6.7,0.337,20.3,2,0.274,0,168.9
KAG-NER-04846,Arunachal Pradesh,28.227,92.3586,Alluvial Sandy Silt,1.72,12.9,2272.6,43.5,0.646,20.6,3,0.327,0,199.8
KAG-NER-04847,Sikkim,27.665,88.626,Rocky Phyllite,6.52,35.74,1744.4,16.9,0.337,7.3,1,0.09,0,90.9
KAG-NER-04848,Assam,26.0698,91.8613,Sedimentary Shale,2.8,6.46,2325.1,21.2,0.124,9.9,1,0.076,0,106.2
KAG-NER-04849,Manipur,24.1845,93.6127,Clayey Loam,0.38,2.71,772.8,33.3,0.175,21.3,1,0.193,0,146.0
KAG-NER-04850,Assam,26.0851,93.398,Sedimentary Shale,13.88,37.95,2119.3,15.5,0.572,12.8,5,0.319,0,181.3
KAG-NER-04851,Sikkim,27.7962,88.1096,Weathered Gneiss,18.93,71.82,630.3,35.3,0.476,10.6,2,0.459,1,158.3
KAG-NER-04852,Arunachal Pradesh,27.7655,94.0815,Sedimentary Shale,10.48,44.97,1563.2,24.3,0.677,5.9,8,0.304,0,113.4
KAG-NER-04853,Manipur,25.2799,93.8096,Weathered Gneiss,2.54,9.43,1259.2,40.3,0.391,9.7,1,0.307,0,116.7
KAG-NER-04854,Arunachal Pradesh,27.7699,93.6224,Clayey Loam,28.68,82.64,1593.6,17.1,0.454,14.6,8,0.296,0,150.0
KAG-NER-04855,Nagaland,25.7765,93.484,Sedimentary Shale,12.13,34.96,448.7,14.2,0.576,2.8,6,0.257,0,68.5
KAG-NER-04856,Assam,26.3721,90.7367,Weathered Gneiss,60.41,133.84,1062.5,39.3,0.5,3.7,3,0.523,1,137.7
KAG-NER-04857,Assam,26.5707,91.8828,Alluvial Sandy Silt,0.31,9.64,1894.0,19.1,0.528,2.1,3,0.186,0,77.6
KAG-NER-04858,Tripura,23.8403,91.2612,Rocky Phyllite,70.24,140.03,1599.2,22.5,0.849,6.4,8,0.52,1,170.8
KAG-NER-04859,Tripura,24.3192,92.1734,Sedimentary Shale,117.63,330.21,1573.2,37.7,0.159,5.7,1,0.759,2,202.0
KAG-NER-04860,Tripura,23.428,91.5121,Sedimentary Shale,47.85,145.44,1469.5,31.4,0.564,19.0,5,0.538,1,205.6
KAG-NER-04861,Nagaland,26.2589,93.5435,Sedimentary Shale,50.27,107.53,2647.4,23.7,0.673,5.7,7,0.429,1,167.0
KAG-NER-04862,Mizoram,23.3319,92.5762,Sedimentary Shale,103.04,274.1,2622.0,16.0,0.305,15.2,1,0.606,1,234.5
KAG-NER-04863,Assam,27.0817,94.3363,Alluvial Sandy Silt,8.91,29.93,1059.6,36.6,0.534,4.4,1,0.338,0,113.2
KAG-NER-04864,Arunachal Pradesh,27.8277,93.8416,Rocky Phyllite,198.17,597.96,1037.2,13.2,0.647,13.9,5,1.07,2,276.8
KAG-NER-04865,Arunachal Pradesh,28.3892,95.6959,Weathered Gneiss,56.43,215.47,1589.3,43.1,0.435,10.7,3,0.615,1,210.3
KAG-NER-04866,Nagaland,26.7571,93.5881,Sedimentary Shale,49.28,151.51,340.0,12.0,0.201,10.2,0,0.377,0,130.0
KAG-NER-04867,Arunachal Pradesh,27.1569,94.5453,Alluvial Sandy Silt,17.02,46.49,904.2,38.2,0.279,19.1,2,0.287,0,158.6
KAG-NER-04868,Assam,26.558,90.5831,Sedimentary Shale,29.99,122.26,708.0,23.0,0.611,5.4,6,0.381,1,115.8
KAG-NER-04869,Nagaland,25.4868,94.7321,Sedimentary Shale,40.32,93.11,687.6,13.4,0.809,13.9,5,0.448,1,170.9
KAG-NER-04870,Mizoram,24.1033,92.693,Alluvial Sandy Silt,36.8,126.72,1816.7,22.1,0.215,18.4,1,0.328,0,184.6
KAG-NER-04871,Arunachal Pradesh,28.3257,94.1715,Sedimentary Shale,46.39,163.42,1125.4,14.9,0.223,16.3,0,0.312,0,156.2
KAG-NER-04872,Assam,26.9283,92.4234,Weathered Gneiss,3.27,13.3,545.6,11.4,0.723,21.7,2,0.226,0,152.9
KAG-NER-04873,Assam,25.9588,92.4518,Sedimentary Shale,16.7,45.36,2494.2,15.6,0.368,2.0,1,0.223,0,103.3
KAG-NER-04874,Assam,26.4402,92.9792,Rocky Phyllite,21.63,71.33,2457.7,40.7,0.794,19.7,5,0.506,1,234.6
KAG-NER-04875,Arunachal Pradesh,27.0689,95.9613,Weathered Gneiss,11.47,39.5,2425.9,10.2,0.506,14.3,4,0.206,0,150.4
KAG-NER-04876,Nagaland,25.7418,93.6978,Weathered Gneiss,7.2,100.84,1142.8,44.9,0.505,2.0,4,0.414,1,117.4
KAG-NER-04877,Nagaland,26.1375,94.2058,Sedimentary Shale,5.68,53.05,235.0,6.2,0.143,11.3,0,0.109,0,84.9
KAG-NER-04878,Nagaland,26.0157,94.5578,Sedimentary Shale,17.34,66.87,370.3,32.3,0.098,17.3,1,0.276,0,146.1
KAG-NER-04879,Arunachal Pradesh,27.7266,94.2436,Weathered Gneiss,25.84,79.44,830.9,40.3,0.817,5.7,5,0.542,1,163.8
KAG-NER-04880,Mizoram,23.8856,92.3275,Clayey Loam,2.47,4.66,678.3,43.4,0.282,15.6,2,0.311,0,142.2
KAG-NER-04881,Assam,26.5989,94.4789,Weathered Gneiss,111.24,356.24,2457.2,11.8,0.515,4.8,5,0.634,1,201.2
KAG-NER-04882,Meghalaya,25.1156,91.2535,Clayey Loam,55.07,297.45,2762.9,33.9,0.626,18.1,3,0.647,1,270.7
KAG-NER-04883,Mizoram,24.1893,92.6885,Sedimentary Shale,49.87,111.57,2301.4,10.3,0.337,13.4,3,0.329,0,165.4
KAG-NER-04884,Assam,26.4422,94.9169,Sedimentary Shale,7.21,110.04,2065.2,20.1,0.143,2.7,1,0.24,0,126.2
KAG-NER-04885,Assam,26.0791,90.7936,Sedimentary Shale,35.18,110.09,1681.1,35.3,0.111,3.8,0,0.3,0,116.7
KAG-NER-04886,Tripura,24.2313,92.1422,Weathered Gneiss,28.67,64.23,2174.2,19.8,0.803,19.3,6,0.378,0,200.7
KAG-NER-04887,Arunachal Pradesh,27.6553,93.8139,Clayey Loam,153.66,337.22,2655.9,18.5,0.736,2.7,5,0.816,2,230.9
KAG-NER-04888,Nagaland,26.5701,94.5078,Weathered Gneiss,52.33,109.08,1715.7,10.6,0.514,8.0,5,0.296,0,135.0
KAG-NER-04889,Assam,26.1712,90.576,Alluvial Sandy Silt,32.58,144.22,500.5,8.7,0.502,13.3,0,0.371,0,134.2
KAG-NER-04890,Nagaland,26.0716,94.6884,Clayey Loam,72.3,207.79,525.7,10.6,0.493,6.3,2,0.458,1,130.1
KAG-NER-04891,Arunachal Pradesh,28.3333,95.803,Weathered Gneiss,6.4,70.98,1668.1,41.0,0.706,6.5,7,0.401,1,149.5
KAG-NER-04892,Assam,27.0314,93.1102,Weathered Gneiss,0.58,18.97,987.0,6.4,0.475,17.5,2,0.177,0,129.7
KAG-NER-04893,Nagaland,26.0224,94.5623,Sedimentary Shale,44.53,104.23,2555.9,33.7,0.369,7.8,2,0.462,1,164.2
KAG-NER-04894,Assam,26.8358,92.9216,Weathered Gneiss,3.93,44.85,1743.7,36.7,0.186,2.8,0,0.252,0,128.0
KAG-NER-04895,Arunachal Pradesh,27.0397,95.6674,Alluvial Sandy Silt,4.66,11.72,1920.1,28.7,0.584,16.4,5,0.281,0,179.4
KAG-NER-04896,Assam,26.4378,92.135,Clayey Loam,51.88,159.38,95.8,35.2,0.57,21.1,1,0.485,1,172.8
KAG-NER-04897,Assam,26.6814,93.5323,Alluvial Sandy Silt,11.99,38.61,1436.9,32.1,0.368,18.6,0,0.252,0,153.6
KAG-NER-04898,Arunachal Pradesh,27.2371,95.2662,Sedimentary Shale,37.64,108.67,1252.8,24.2,0.456,13.0,3,0.43,1,166.5
KAG-NER-04899,Assam,26.2059,91.3401,Sedimentary Shale,94.77,208.76,2000.0,21.3,0.499,10.5,4,0.578,1,209.0
KAG-NER-04900,Tripura,23.6877,91.9767,Alluvial Sandy Silt,14.46,77.91,1120.8,43.7,0.686,20.5,5,0.484,1,206.1
KAG-NER-04901,Assam,27.1516,94.1418,Rocky Phyllite,9.3,47.63,2736.3,44.9,0.203,17.3,0,0.314,0,185.5
KAG-NER-04902,Meghalaya,25.9463,90.5656,Alluvial Sandy Silt,4.28,35.71,1903.0,32.1,0.352,13.4,2,0.283,0,174.6
KAG-NER-04903,Assam,25.8996,93.0097,Sedimentary Shale,5.31,43.23,1875.0,13.9,0.344,19.6,1,0.112,0,141.8
KAG-NER-04904,Arunachal Pradesh,27.3645,95.2262,Sedimentary Shale,2.44,11.5,2580.6,23.9,0.791,14.0,7,0.326,0,195.7
KAG-NER-04905,Tripura,24.0064,92.2649,Clayey Loam,3.49,49.88,2787.0,25.9,0.251,21.5,1,0.222,0,188.0
KAG-NER-04906,Assam,26.1567,92.686,Sedimentary Shale,21.49,77.05,618.1,36.3,0.459,19.2,1,0.36,0,171.4
KAG-NER-04907,Sikkim,27.4509,88.2913,Sedimentary Shale,14.7,54.15,2284.7,32.7,0.211,13.0,1,0.304,0,169.8
KAG-NER-04908,Assam,26.6261,92.4948,Alluvial Sandy Silt,46.59,112.28,521.5,26.6,0.436,20.5,3,0.449,1,175.6
KAG-NER-04909,Manipur,24.6254,93.5804,Sedimentary Shale,77.6,206.46,1323.2,33.2,0.697,8.8,5,0.618,1,195.1
KAG-NER-04910,Meghalaya,25.1152,91.5574,Sedimentary Shale,58.37,132.86,352.5,7.0,0.432,16.0,1,0.304,0,136.7
KAG-NER-04911,Tripura,23.6023,91.1016,Sedimentary Shale,28.74,87.68,1775.6,37.1,0.449,5.4,3,0.472,1,167.6
KAG-NER-04912,Meghalaya,25.3771,90.9244,Rocky Phyllite,4.11,12.54,1354.4,14.5,0.414,19.9,1,0.165,0,138.6
KAG-NER-04913,Meghalaya,25.4541,90.5428,Sedimentary Shale,47.01,118.42,1790.1,32.3,0.373,7.0,1,0.353,0,142.9
KAG-NER-04914,Assam,26.5108,93.616,Rocky Phyllite,17.13,51.88,1924.1,10.6,0.62,21.0,5,0.237,0,181.4
KAG-NER-04915,Assam,26.6823,94.1169,Weathered Gneiss,3.4,32.9,1764.9,10.6,0.707,2.3,9,0.244,0,90.9
KAG-NER-04916,Tripura,23.7424,91.7229,Clayey Loam,70.23,191.19,879.8,7.4,0.502,15.6,2,0.435,1,161.0
KAG-NER-04917,Arunachal Pradesh,28.1966,93.4247,Rocky Phyllite,15.69,76.05,2356.5,42.4,0.334,5.0,1,0.365,0,151.4
KAG-NER-04918,Arunachal Pradesh,28.0226,93.4557,Weathered Gneiss,9.36,33.06,1580.6,30.2,0.539,17.4,4,0.29,0,166.0
KAG-NER-04919,Manipur,24.5848,94.2163,Clayey Loam,77.96,251.28,1412.4,20.5,0.588,11.8,4,0.565,1,192.2
KAG-NER-04920,Arunachal Pradesh,27.1797,93.0236,Sedimentary Shale,88.32,231.31,2764.8,37.5,0.381,20.2,0,0.584,1,262.9
KAG-NER-04921,Sikkim,27.2569,88.3873,Weathered Gneiss,15.73,69.59,851.1,31.0,0.709,16.3,2,0.331,0,151.6
KAG-NER-04922,Manipur,24.3225,93.927,Alluvial Sandy Silt,16.65,50.73,1516.2,30.8,0.253,17.4,0,0.294,0,172.0
KAG-NER-04923,Nagaland,26.5174,94.5799,Clayey Loam,32.93,99.59,1935.9,25.5,0.583,4.4,3,0.441,1,156.9
KAG-NER-04924,Tripura,23.6374,92.2865,Alluvial Sandy Silt,50.24,219.05,420.6,6.3,0.511,3.9,2,0.396,1,101.8
KAG-NER-04925,Assam,26.6314,92.2973,Sedimentary Shale,2.48,34.41,1043.5,16.3,0.068,19.0,0,0.181,0,139.1
KAG-NER-04926,Arunachal Pradesh,28.2369,94.7844,Weathered Gneiss,34.19,95.88,2260.6,10.4,0.283,6.5,0,0.301,0,141.7
KAG-NER-04927,Meghalaya,25.7743,90.71,Clayey Loam,116.04,273.34,724.0,32.5,0.23,19.3,1,0.669,1,219.3
KAG-NER-04928,Assam,26.4557,94.3782,Sedimentary Shale,11.55,85.48,1421.7,15.9,0.293,4.9,2,0.252,0,96.4
KAG-NER-04929,Manipur,24.7057,94.0935,Weathered Gneiss,91.01,257.82,1795.3,24.0,0.717,8.2,11,0.679,1,200.6
KAG-NER-04930,Tripura,23.9055,92.1108,Weathered Gneiss,113.97,311.25,1905.6,20.1,0.579,20.6,7,0.685,1,251.3
KAG-NER-04931,Arunachal Pradesh,27.3553,94.0896,Sedimentary Shale,11.91,43.03,2061.0,11.7,0.57,18.8,1,0.145,0,161.0
KAG-NER-04932,Arunachal Pradesh,27.0972,94.6059,Weathered Gneiss,53.32,227.19,2435.5,44.3,0.201,3.1,2,0.554,1,179.4
KAG-NER-04933,Sikkim,27.6124,88.1343,Clayey Loam,10.37,80.29,1148.6,43.3,0.228,11.0,1,0.372,0,157.2
KAG-NER-04934,Meghalaya,25.7082,91.2782,Clayey Loam,50.84,146.47,2002.0,9.4,0.421,20.2,0,0.332,0,183.7
KAG-NER-04935,Meghalaya,25.2117,91.2918,Alluvial Sandy Silt,60.67,135.44,2071.5,39.1,0.576,2.3,2,0.629,1,179.8
KAG-NER-04936,Arunachal Pradesh,27.2108,93.37,Alluvial Sandy Silt,10.79,44.84,896.7,25.5,0.532,4.1,2,0.333,0,105.3
KAG-NER-04937,Tripura,23.6612,91.9861,Weathered Gneiss,47.82,194.81,2713.4,36.9,0.432,14.9,2,0.463,1,211.0
KAG-NER-04938,Meghalaya,25.7968,91.7783,Sedimentary Shale,63.53,250.52,2433.4,12.0,0.857,4.1,4,0.551,1,186.9
KAG-NER-04939,Manipur,24.0318,94.4896,Alluvial Sandy Silt,16.87,39.53,868.4,11.3,0.306,11.0,1,0.152,0,104.5
KAG-NER-04940,Mizoram,23.8293,92.3376,Rocky Phyllite,6.98,24.59,1916.2,41.6,0.237,12.2,1,0.275,0,160.2
KAG-NER-04941,Arunachal Pradesh,28.2101,92.4012,Sedimentary Shale,3.67,47.01,2032.4,41.9,0.634,19.2,2,0.405,1,185.1
KAG-NER-04942,Meghalaya,25.6213,91.4132,Rocky Phyllite,32.55,85.95,1253.6,24.6,0.448,21.1,2,0.34,0,196.5
KAG-NER-04943,Mizoram,23.4298,93.2787,Rocky Phyllite,145.2,426.56,2429.4,40.8,0.125,12.2,0,0.85,2,262.5
KAG-NER-04944,Arunachal Pradesh,27.5998,91.839,Sedimentary Shale,65.79,259.17,1957.4,32.7,0.251,12.2,0,0.556,1,205.5
KAG-NER-04945,Manipur,25.3253,94.4729,Rocky Phyllite,21.75,103.95,1870.2,13.4,0.566,16.5,4,0.336,0,184.1
KAG-NER-04946,Sikkim,27.5791,88.4743,Alluvial Sandy Silt,29.23,100.18,680.7,19.2,0.659,5.9,5,0.397,1,128.7
KAG-NER-04947,Nagaland,25.53,94.5861,Weathered Gneiss,12.46,26.64,1189.3,11.4,0.251,20.8,1,0.18,0,156.3
KAG-NER-04948,Manipur,24.1057,93.1098,Weathered Gneiss,6.76,24.11,1260.3,37.0,0.756,2.0,7,0.424,1,135.7
KAG-NER-04949,Mizoram,23.6061,92.4761,Alluvial Sandy Silt,25.0,112.47,2075.6,45.4,0.266,2.0,1,0.415,1,147.2
KAG-NER-04950,Mizoram,22.8116,92.7654,Clayey Loam,23.66,91.32,1762.0,27.9,0.261,14.5,1,0.298,0,165.6
KAG-NER-04951,Arunachal Pradesh,27.1195,92.2223,Sedimentary Shale,28.04,54.46,313.5,32.2,0.101,8.8,1,0.279,0,93.9
KAG-NER-04952,Assam,25.9077,91.4229,Weathered Gneiss,116.03,393.43,916.9,35.8,0.606,10.0,5,0.82,2,218.1
KAG-NER-04953,Arunachal Pradesh,28.0448,95.1402,Alluvial Sandy Silt,35.19,84.17,1366.7,15.0,0.615,6.4,3,0.307,0,115.7
KAG-NER-04954,Nagaland,26.0335,94.1598,Sedimentary Shale,35.37,117.29,2083.9,19.4,0.224,10.2,0,0.338,0,139.6
KAG-NER-04955,Meghalaya,25.1294,90.3802,Clayey Loam,5.21,42.72,2102.5,22.5,0.741,18.6,3,0.337,0,181.5
KAG-NER-04956,Manipur,24.3606,93.8702,Rocky Phyllite,214.77,543.13,1414.3,29.8,0.387,16.0,2,1.009,2,284.2
KAG-NER-04957,Arunachal Pradesh,28.0833,94.2225,Alluvial Sandy Silt,56.32,162.02,398.1,40.0,0.416,3.9,3,0.568,1,135.2
KAG-NER-04958,Nagaland,25.949,93.5775,Sedimentary Shale,79.69,320.89,876.7,16.2,0.662,3.1,4,0.612,1,164.2
KAG-NER-04959,Assam,26.8931,92.137,Rocky Phyllite,20.33,61.66,772.8,24.8,0.282,12.1,0,0.247,0,113.4
KAG-NER-04960,Manipur,25.0305,93.8208,Clayey Loam,26.5,100.11,2204.4,36.1,0.388,16.6,1,0.378,0,198.9
KAG-NER-04961,Meghalaya,25.7648,92.559,Sedimentary Shale,28.06,55.86,569.6,9.5,0.293,15.3,2,0.161,0,97.6
KAG-NER-04962,Assam,27.0894,92.908,Alluvial Sandy Silt,8.2,24.87,1344.6,26.5,0.634,19.3,4,0.289,0,160.8
KAG-NER-04963,Arunachal Pradesh,27.7184,92.6956,Sedimentary Shale,44.44,112.48,1904.4,11.8,0.817,4.7,6,0.483,1,159.3
KAG-NER-04964,Manipur,25.3101,93.7327,Sedimentary Shale,88.65,303.56,2704.2,27.6,0.302,14.1,0,0.56,1,238.2
KAG-NER-04965,Meghalaya,25.2148,91.325,Sedimentary Shale,6.79,38.28,2797.9,36.7,0.332,17.3,1,0.318,0,196.8
KAG-NER-04966,Assam,25.9779,92.7614,Weathered Gneiss,3.43,11.04,2671.9,15.5,0.369,20.8,2,0.206,0,187.0
KAG-NER-04967,Sikkim,27.4929,88.3702,Clayey Loam,50.93,117.81,2033.6,40.0,0.35,4.0,1,0.496,1,156.7
KAG-NER-04968,Manipur,24.1003,94.5096,Sedimentary Shale,12.13,68.81,2110.3,19.4,0.731,6.8,3,0.382,1,162.3
KAG-NER-04969,Sikkim,27.6413,88.7711,Alluvial Sandy Silt,37.16,91.59,2145.1,13.6,0.211,9.1,1,0.302,0,148.8
KAG-NER-04970,Arunachal Pradesh,27.487,94.9237,Rocky Phyllite,45.22,108.76,2426.3,24.6,0.834,12.8,4,0.5,1,192.5
KAG-NER-04971,Meghalaya,25.5368,90.7228,Alluvial Sandy Silt,14.76,44.72,2668.9,41.0,0.305,10.2,2,0.374,0,184.0
KAG-NER-04972,Tripura,23.3493,91.5141,Clayey Loam,64.15,161.2,1292.3,8.8,0.744,19.2,2,0.497,1,206.4
KAG-NER-04973,Meghalaya,25.2238,92.7955,Rocky Phyllite,30.34,101.71,1212.9,19.1,0.63,21.0,6,0.351,0,178.3
KAG-NER-04974,Manipur,24.0689,93.7058,Alluvial Sandy Silt,77.24,275.8,1332.5,32.1,0.191,3.4,0,0.601,1,165.1
KAG-NER-04975,Arunachal Pradesh,27.6233,92.8528,Alluvial Sandy Silt,54.76,185.96,1874.7,20.3,0.313,16.0,4,0.414,1,180.9
KAG-NER-04976,Meghalaya,25.6142,90.5899,Sedimentary Shale,77.11,165.03,2189.2,8.8,0.06,4.3,0,0.301,0,142.0
KAG-NER-04977,Assam,26.8975,91.996,Weathered Gneiss,0.77,4.34,2447.9,19.3,0.19,20.0,2,0.213,0,183.9
KAG-NER-04978,Assam,26.6279,93.7204,Weathered Gneiss,10.6,53.72,1320.9,38.8,0.565,4.8,3,0.348,0,116.2
KAG-NER-04979,Assam,27.0447,94.261,Weathered Gneiss,3.58,15.47,1068.4,44.7,0.461,21.8,2,0.379,0,186.5
KAG-NER-04980,Assam,26.6516,92.2478,Weathered Gneiss,22.17,79.15,2754.7,7.6,0.574,10.6,6,0.283,0,158.6
KAG-NER-04981,Sikkim,27.4522,88.715,Rocky Phyllite,83.86,233.6,710.7,28.8,0.554,9.6,2,0.581,1,162.6
KAG-NER-04982,Assam,27.0286,90.967,Clayey Loam,23.95,64.91,683.9,10.2,0.403,13.7,1,0.203,0,127.4
KAG-NER-04983,Nagaland,25.9388,94.5642,Sedimentary Shale,72.02,248.76,2025.9,33.2,0.341,9.9,2,0.596,1,202.5
KAG-NER-04984,Mizoram,23.4475,92.6655,Weathered Gneiss,15.06,68.75,568.7,6.3,0.371,6.7,2,0.206,0,81.0
KAG-NER-04985,Meghalaya,25.4702,91.7674,Rocky Phyllite,15.76,40.51,1166.4,6.6,0.182,14.6,1,0.12,0,103.5
KAG-NER-04986,Assam,27.1997,92.7185,Alluvial Sandy Silt,85.85,288.64,875.3,37.1,0.274,16.6,0,0.583,1,199.8
KAG-NER-04987,Manipur,24.2919,93.2606,Clayey Loam,21.08,84.29,538.9,9.0,0.116,20.9,1,0.21,0,122.0
KAG-NER-04988,Nagaland,25.4593,94.2382,Weathered Gneiss,59.26,146.08,1656.8,18.2,0.259,10.2,1,0.268,0,134.9
KAG-NER-04989,Manipur,24.7624,93.3284,Weathered Gneiss,10.26,46.18,1096.0,44.3,0.236,16.1,1,0.34,0,168.4
KAG-NER-04990,Manipur,24.9735,94.1858,Weathered Gneiss,112.94,376.22,1337.3,45.4,0.151,18.7,2,0.835,2,274.7
KAG-NER-04991,Sikkim,27.2814,88.3753,Sedimentary Shale,32.48,100.21,612.7,12.5,0.203,18.6,2,0.176,0,129.9
KAG-NER-04992,Meghalaya,25.9914,91.1731,Rocky Phyllite,54.12,149.06,2168.6,28.4,0.502,2.7,2,0.482,1,180.1
KAG-NER-04993,Arunachal Pradesh,28.1173,93.5373,Weathered Gneiss,3.56,15.43,936.0,28.4,0.652,9.1,3,0.276,0,119.9
KAG-NER-04994,Nagaland,26.5107,94.5535,Weathered Gneiss,25.79,57.13,1012.2,24.1,0.53,2.3,4,0.335,0,98.8
KAG-NER-04995,Assam,26.7349,94.3465,Clayey Loam,87.89,171.92,765.9,43.0,0.467,13.2,1,0.675,1,211.3
KAG-NER-04996,Tripura,24.3271,91.796,Weathered Gneiss,79.64,252.02,1261.6,36.2,0.628,19.3,3,0.618,1,227.8
KAG-NER-04997,Assam,26.1325,92.2938,Weathered Gneiss,1.82,35.71,1340.9,36.6,0.319,18.3,2,0.267,0,158.5
KAG-NER-04998,Arunachal Pradesh,28.1133,94.429,Clayey Loam,13.75,45.51,1520.7,16.8,0.502,18.2,4,0.242,0,159.5
KAG-NER-04999,Mizoram,23.0667,92.3564,Clayey Loam,22.26,74.04,2711.8,23.4,0.757,9.0,4,0.295,0,157.1
KAG-NER-05000,Nagaland,26.3561,93.7766,Rocky Phyllite,7.18,30.42,2540.8,25.5,0.475,2.9,3,0.284,0,147.3
